Rk,Player,Nation,Pos,Squad,Age,Born,MP,Starts,Min,90s,Gls,Ast,G+A,G-PK,PK,PKatt,CrdY,CrdR,xG,npxG,xAG,npxG+xAG,PrgC,PrgP,PrgR,Gls.1,Ast.1,G+A.1,G-PK.1,G+A-PK,xG.1,xAG.1,xG+xAG,npxG.1,npxG+xAG.1,Tkl,Int,TklW,Recoveries,Gls_per_90,Ast_per_90
1,Max Aarons,eng ENG,DF,Bournemouth,24.0,2000.0,3,1,86,1.0,0,0,0,0,0,0,0,0,0.0,0.0,0.0,0.0,1,8,3,0.0,0.0,0.0,0.0,0.0,0.0,0.0,0.0,0.0,0.0,2,1,1,7,0.0,0.0
2,Joshua Acheampong,eng ENG,DF,Chelsea,18.0,2006.0,4,2,170,1.9,0,0,0,0,0,0,1,0,0.2,0.2,0.0,0.2,0,8,0,0.0,0.0,0.0,0.0,0.0,0.12,0.0,0.12,0.12,0.12,5,3,3,15,0.0,0.0
3,Tyler Adams,us USA,MF,Bournemouth,25.0,1999.0,28,21,1965,21.8,0,3,3,0,0,0,7,0,1.6,1.6,1.0,2.6,14,76,10,0.0,0.14,0.14,0.0,0.14,0.07,0.05,0.12,0.07,0.12,41,21,26,139,0.0,0.1374045801526717
4,Tosin Adarabioyo,eng ENG,DF,Chelsea,26.0,1997.0,22,15,1409,15.7,1,1,2,1,0,0,4,0,0.9,0.9,0.2,1.2,5,42,1,0.06,0.06,0.13,0.06,0.13,0.06,0.01,0.07,0.06,0.07,31,18,19,97,0.063875088715401,0.063875088715401
5,Simon Adingra,ci CIV,"FW,MF",Brighton,22.0,2002.0,29,12,1097,12.2,2,2,4,2,0,0,0,0,2.5,2.5,2.5,4.9,50,18,136,0.16,0.16,0.33,0.16,0.33,0.2,0.2,0.4,0.2,0.4,10,4,6,39,0.1640838650865998,0.1640838650865998
6,Emmanuel Agbadou,ci CIV,DF,Wolves,27.0,1997.0,16,16,1410,15.7,1,0,1,1,0,0,3,0,0.8,0.8,0.2,1.1,6,31,2,0.06,0.0,0.06,0.06,0.06,0.05,0.02,0.07,0.05,0.07,42,25,31,134,0.0638297872340425,0.0
7,Asher Agbinone,eng ENG,MF,Crystal Palace,18.0,2005.0,2,0,6,0.1,0,0,0,0,0,0,0,0,0.0,0.0,0.0,0.1,2,0,1,0.0,0.0,0.0,0.0,0.0,0.29,0.5,0.79,0.29,0.79,0,0,0,0,0.0,0.0
8,Ola Aina,ng NGA,DF,Nott'ham Forest,27.0,1996.0,35,35,2995,33.3,2,1,3,2,0,0,5,0,0.6,0.6,1.4,2.1,67,107,67,0.06,0.03,0.09,0.06,0.09,0.02,0.04,0.06,0.02,0.06,70,41,44,221,0.0601001669449081,0.030050083472454
9,Rayan Aït-Nouri,dz ALG,DF,Wolves,23.0,2001.0,37,37,3109,34.5,4,7,11,4,0,0,7,1,2.7,2.7,5.5,8.2,89,108,176,0.12,0.2,0.32,0.12,0.32,0.08,0.16,0.24,0.08,0.24,68,40,41,217,0.1157928594403345,0.2026375040205854
10,Kristoffer Ajer,no NOR,DF,Brentford,26.0,1998.0,24,17,1438,16.0,0,0,0,0,0,0,5,0,1.0,1.0,1.2,2.2,27,56,44,0.0,0.0,0.0,0.0,0.0,0.06,0.08,0.14,0.06,0.14,27,16,15,87,0.0,0.0
11,Manuel Akanji,ch SUI,DF,Manchester City,29.0,1995.0,26,23,2014,22.4,0,0,0,0,0,0,3,0,1.6,1.6,0.4,1.9,46,158,7,0.0,0.0,0.0,0.0,0.0,0.07,0.02,0.09,0.07,0.09,47,28,30,150,0.0,0.0
12,Nathan Aké,nl NED,DF,Manchester City,29.0,1995.0,10,8,678,7.5,0,0,0,0,0,0,0,0,0.2,0.2,0.0,0.2,12,50,2,0.0,0.0,0.0,0.0,0.0,0.03,0.0,0.03,0.03,0.03,14,9,8,46,0.0,0.0
13,Carlos Alcaraz,ar ARG,MF,Southampton,21.0,2002.0,1,0,10,0.1,0,0,0,0,0,0,0,0,0.1,0.1,0.1,0.2,4,6,1,0.0,0.0,0.0,0.0,0.0,0.62,0.86,1.48,0.62,1.48,0,0,0,1,0.0,0.0
14,Carlos Alcaraz,ar ARG,"FW,MF",Everton,21.0,2002.0,15,7,764,8.5,2,3,5,2,0,0,4,0,1.7,1.7,1.6,3.4,19,42,21,0.24,0.35,0.59,0.24,0.59,0.2,0.19,0.4,0.2,0.4,8,4,5,31,0.2356020942408377,0.3534031413612565
15,Trent Alexander-Arnold,eng ENG,DF,Liverpool,25.0,1998.0,33,28,2365,26.3,3,6,9,3,0,0,5,0,1.9,1.9,7.3,9.2,51,232,94,0.11,0.23,0.34,0.11,0.34,0.07,0.28,0.35,0.07,0.35,72,42,54,228,0.1141649048625792,0.2283298097251585
16,Alisson,br BRA,GK,Liverpool,31.0,1992.0,28,28,2508,27.9,0,0,0,0,0,0,0,0,0.0,0.0,0.6,0.6,0,1,0,0.0,0.0,0.0,0.0,0.0,0.0,0.02,0.02,0.0,0.02,3,6,2,113,0.0,0.0
17,Miguel Almirón,py PAR,FW,Newcastle Utd,30.0,1994.0,9,1,157,1.7,0,0,0,0,0,0,0,0,0.5,0.5,0.3,0.8,3,6,18,0.0,0.0,0.0,0.0,0.0,0.3,0.15,0.45,0.3,0.45,1,1,1,5,0.0,0.0
18,Olabade Aluko,0,DF,Leicester City,0.0,0.0,1,0,2,0.0,0,0,0,0,0,0,0,0,0.0,0.0,0.0,0.0,0,0,0,0.0,0.0,0.0,0.0,0.0,0.0,0.0,0.0,0.0,0.0,0,0,0,0,0.0,0.0
19,Edson Álvarez,mx MEX,MF,West Ham,26.0,1997.0,28,20,1772,19.7,0,1,1,0,0,0,9,1,0.4,0.4,0.8,1.2,24,85,18,0.0,0.05,0.05,0.0,0.05,0.02,0.04,0.06,0.02,0.06,31,16,18,105,0.0,0.0507900677200902
20,Will Alves,eng ENG,FW,Leicester City,19.0,2005.0,1,0,1,0.0,0,0,0,0,0,0,0,0,0.0,0.0,0.0,0.0,0,0,1,0.0,0.0,0.0,0.0,0.0,0.0,0.0,0.0,0.0,0.0,0,0,0,0,0.0,0.0
21,Harry Amass,eng ENG,DF,Manchester Utd,17.0,2007.0,5,4,346,3.8,0,0,0,0,0,0,0,0,0.1,0.1,0.0,0.1,9,7,23,0.0,0.0,0.0,0.0,0.0,0.02,0.01,0.02,0.02,0.02,10,6,7,32,0.0,0.0
22,Samuel Amo-Ameyaw,eng ENG,"FW,DF",Southampton,18.0,2006.0,2,0,28,0.3,0,0,0,0,0,0,1,0,0.0,0.0,0.1,0.1,1,0,3,0.0,0.0,0.0,0.0,0.0,0.07,0.22,0.29,0.07,0.29,0,0,0,1,0.0,0.0
23,Mathis Amougou,fr FRA,MF,Chelsea,18.0,2006.0,1,0,8,0.1,0,0,0,0,0,0,0,0,0.0,0.0,0.0,0.0,0,1,0,0.0,0.0,0.0,0.0,0.0,0.0,0.0,0.0,0.0,0.0,0,0,0,1,0.0,0.0
24,Joachim Andersen,dk DEN,DF,Crystal Palace,28.0,1996.0,1,1,90,1.0,0,0,0,0,0,0,1,0,0.0,0.0,0.0,0.0,1,4,1,0.0,0.0,0.0,0.0,0.0,0.04,0.0,0.04,0.04,0.04,2,1,1,6,0.0,0.0
25,Joachim Andersen,dk DEN,DF,Fulham,28.0,1996.0,29,29,2583,28.7,0,0,0,0,0,0,6,1,1.0,1.0,0.5,1.5,16,112,2,0.0,0.0,0.0,0.0,0.0,0.04,0.02,0.05,0.04,0.05,54,32,32,173,0.0,0.0
26,Elliot Anderson,eng ENG,MF,Nott'ham Forest,21.0,2002.0,37,33,2728,30.3,2,6,8,2,0,0,10,0,2.1,2.1,3.3,5.4,52,143,95,0.07,0.2,0.26,0.07,0.26,0.07,0.11,0.18,0.07,0.18,45,24,25,155,0.0659824046920821,0.1979472140762463
27,André,br BRA,MF,Wolves,23.0,2001.0,33,31,2472,27.5,0,0,0,0,0,0,7,0,0.4,0.4,0.8,1.3,10,109,11,0.0,0.0,0.0,0.0,0.0,0.02,0.03,0.05,0.02,0.05,43,23,25,149,0.0,0.0
28,Michail Antonio,jm JAM,FW,West Ham,34.0,1990.0,14,11,836,9.3,1,1,2,1,0,0,1,0,2.2,2.2,1.6,3.8,29,18,59,0.11,0.11,0.22,0.11,0.22,0.24,0.17,0.41,0.24,0.41,9,4,6,34,0.1076555023923444,0.1076555023923444
29,Antony,br BRA,"DF,MF",Manchester Utd,24.0,2000.0,8,0,141,1.6,0,0,0,0,0,0,0,0,1.0,1.0,0.1,1.1,5,6,7,0.0,0.0,0.0,0.0,0.0,0.65,0.08,0.73,0.65,0.73,4,2,3,11,0.0,0.0
30,Julian Araujo,mx MEX,DF,Bournemouth,22.0,2001.0,12,7,497,5.5,0,0,0,0,0,0,2,0,0.0,0.0,0.1,0.1,4,14,22,0.0,0.0,0.0,0.0,0.0,0.0,0.01,0.01,0.0,0.01,11,6,7,34,0.0,0.0
31,Cameron Archer,eng ENG,FW,Southampton,23.0,2001.0,35,13,1441,16.0,2,0,2,2,0,1,0,0,5.7,4.9,0.5,5.4,22,14,66,0.12,0.0,0.12,0.12,0.12,0.36,0.03,0.39,0.31,0.34,11,5,6,45,0.124913254684247,0.0
32,Alphonse Areola,fr FRA,GK,West Ham,31.0,1993.0,26,25,2260,25.1,0,0,0,0,0,0,0,0,0.0,0.0,0.0,0.0,0,1,0,0.0,0.0,0.0,0.0,0.0,0.0,0.0,0.0,0.0,0.0,3,5,2,88,0.0,0.0
33,Joe Aribo,ng NGA,"MF,DF",Southampton,28.0,1996.0,32,21,2013,22.4,3,0,3,3,0,0,1,0,2.7,2.7,1.6,4.3,36,75,65,0.13,0.0,0.13,0.13,0.13,0.12,0.07,0.19,0.12,0.19,46,24,31,156,0.1341281669150521,0.0
34,Adam Armstrong,eng ENG,"FW,MF",Southampton,27.0,1997.0,20,15,1248,13.9,2,2,4,2,0,1,4,0,3.3,2.3,1.2,3.5,25,21,79,0.14,0.14,0.29,0.14,0.29,0.24,0.09,0.32,0.17,0.25,12,5,8,47,0.1442307692307692,0.1442307692307692
35,Harrison Armstrong,eng ENG,MF,Everton,17.0,2007.0,3,0,48,0.5,0,0,0,0,0,0,1,0,0.4,0.4,0.1,0.4,1,1,0,0.0,0.0,0.0,0.0,0.0,0.69,0.14,0.82,0.69,0.82,1,1,1,4,0.0,0.0
36,Kepa Arrizabalaga,es ESP,GK,Bournemouth,29.0,1994.0,31,31,2790,31.0,0,0,0,0,0,0,3,0,0.1,0.1,0.0,0.1,0,2,0,0.0,0.0,0.0,0.0,0.0,0.0,0.0,0.0,0.0,0.0,3,5,2,89,0.0,0.0
37,Marco Asensio,es ESP,MF,Aston Villa,28.0,1996.0,13,9,743,8.3,3,1,4,3,0,2,2,0,4.4,2.9,1.0,3.8,22,45,38,0.36,0.12,0.48,0.36,0.48,0.54,0.12,0.66,0.35,0.47,18,10,13,63,0.3633916554508748,0.1211305518169582
38,Brandon Austin,eng ENG,GK,Tottenham,25.0,1999.0,1,1,90,1.0,0,0,0,0,0,0,0,0,0.0,0.0,0.0,0.0,0,0,0,0.0,0.0,0.0,0.0,0.0,0.0,0.0,0.0,0.0,0.0,0,0,0,4,0.0,0.0
39,Taiwo Awoniyi,ng NGA,FW,Nott'ham Forest,26.0,1997.0,26,3,416,4.6,1,0,1,1,0,0,0,0,2.1,2.1,0.1,2.2,6,7,20,0.22,0.0,0.22,0.22,0.22,0.46,0.02,0.48,0.46,0.48,5,2,3,18,0.2163461538461538,0.0
40,Yasin Ayari,se SWE,MF,Brighton,20.0,2003.0,34,22,1965,21.8,2,1,3,2,0,0,3,0,2.4,2.4,2.3,4.8,30,75,61,0.09,0.05,0.14,0.09,0.14,0.11,0.11,0.22,0.11,0.22,49,26,36,169,0.0916030534351145,0.0458015267175572
41,Jordan Ayew,gh GHA,"FW,MF",Crystal Palace,32.0,1991.0,1,0,21,0.2,0,0,0,0,0,0,1,0,0.5,0.5,0.0,0.5,0,0,1,0.0,0.0,0.0,0.0,0.0,1.96,0.21,2.17,1.96,2.17,0,0,0,1,0.0,0.0
42,Jordan Ayew,gh GHA,"FW,MF",Leicester City,32.0,1991.0,30,19,1638,18.2,5,0,5,4,1,1,5,0,3.2,2.4,1.1,3.5,49,46,86,0.27,0.0,0.27,0.22,0.22,0.17,0.06,0.24,0.13,0.19,15,7,9,59,0.2747252747252747,0.0
43,Benoît Badiashile,fr FRA,DF,Chelsea,23.0,2001.0,5,3,334,3.7,0,0,0,0,0,0,0,0,0.0,0.0,0.0,0.0,3,17,2,0.0,0.0,0.0,0.0,0.0,0.0,0.0,0.0,0.0,0.0,7,4,4,24,0.0,0.0
44,Leon Bailey,jm JAM,"FW,MF",Aston Villa,26.0,1997.0,24,14,1139,12.7,1,2,3,1,0,0,3,0,1.7,1.7,1.5,3.3,58,35,121,0.08,0.16,0.24,0.08,0.24,0.14,0.12,0.26,0.14,0.26,10,4,6,39,0.0790166812993854,0.1580333625987708
45,Carlos Baleba,cm CMR,MF,Brighton,20.0,2004.0,34,31,2661,29.6,3,1,4,3,0,0,8,1,3.1,3.1,1.3,4.4,43,118,29,0.1,0.03,0.14,0.1,0.14,0.1,0.05,0.15,0.1,0.15,59,31,40,202,0.1014656144306651,0.0338218714768883
46,Ross Barkley,eng ENG,MF,Aston Villa,30.0,1993.0,20,3,581,6.5,3,1,4,3,0,0,3,0,1.8,1.8,0.6,2.4,15,36,10,0.46,0.15,0.62,0.46,0.62,0.27,0.1,0.37,0.27,0.37,12,6,8,41,0.4647160068846816,0.1549053356282272
47,Harvey Barnes,eng ENG,FW,Newcastle Utd,26.0,1997.0,33,17,1755,19.5,9,4,13,9,0,0,0,0,7.2,7.2,4.0,11.2,93,83,192,0.46,0.21,0.67,0.46,0.67,0.37,0.2,0.57,0.37,0.57,18,8,12,72,0.4615384615384615,0.2051282051282051
48,Calvin Bassey,ng NGA,DF,Fulham,24.0,1999.0,35,34,3074,34.2,1,0,1,1,0,0,7,0,1.0,1.0,0.1,1.2,39,116,15,0.03,0.0,0.03,0.03,0.03,0.03,0.0,0.03,0.03,0.03,68,40,42,216,0.029277813923227,0.0
49,Altay Bayındır,tr TUR,GK,Manchester Utd,26.0,1998.0,4,4,360,4.0,0,0,0,0,0,0,0,0,0.0,0.0,0.0,0.0,0,0,0,0.0,0.0,0.0,0.0,0.0,0.0,0.0,0.0,0.0,0.0,0,1,0,16,0.0,0.0
50,Jan Bednarek,pl POL,DF,Southampton,28.0,1996.0,30,30,2531,28.1,2,0,2,2,0,0,7,0,0.7,0.7,0.5,1.2,5,60,2,0.07,0.0,0.07,0.07,0.07,0.02,0.02,0.04,0.02,0.04,65,38,43,206,0.0711181351244567,0.0
51,Armel Bella Kotchap,de GER,DF,Southampton,22.0,2001.0,4,2,331,3.7,0,0,0,0,0,0,0,0,0.3,0.3,0.0,0.3,0,5,0,0.0,0.0,0.0,0.0,0.0,0.09,0.0,0.09,0.09,0.09,7,4,4,23,0.0,0.0
52,Jean-Ricner Bellegarde,fr FRA,"MF,FW",Wolves,26.0,1998.0,35,20,1677,18.6,2,7,9,2,0,0,3,0,1.5,1.5,3.8,5.3,52,43,89,0.11,0.38,0.48,0.11,0.48,0.08,0.2,0.29,0.08,0.29,27,14,15,92,0.1073345259391771,0.3756708407871198
53,Rodrigo Bentancur,uy URU,MF,Tottenham,27.0,1997.0,26,21,1645,18.3,2,0,2,2,0,0,9,0,1.3,1.3,0.4,1.7,28,100,34,0.11,0.0,0.11,0.11,0.11,0.07,0.02,0.1,0.07,0.1,35,19,23,121,0.1094224924012158,0.0
54,Daniel Bentley,eng ENG,GK,Wolves,31.0,1993.0,2,2,180,2.0,0,0,0,0,0,0,0,0,0.0,0.0,0.0,0.0,0,0,0,0.0,0.0,0.0,0.0,0.0,0.0,0.0,0.0,0.0,0.0,0,0,0,7,0.0,0.0
55,Sander Berge,no NOR,MF,Fulham,26.0,1998.0,31,26,2224,24.7,0,0,0,0,0,0,6,0,0.4,0.4,0.6,1.0,29,124,9,0.0,0.0,0.0,0.0,0.0,0.01,0.03,0.04,0.01,0.04,52,28,36,179,0.0,0.0
56,Lucas Bergvall,se SWE,MF,Tottenham,18.0,2006.0,27,11,1212,13.5,0,1,1,0,0,0,3,0,0.7,0.7,0.6,1.3,33,49,31,0.0,0.07,0.07,0.0,0.07,0.05,0.04,0.09,0.05,0.09,28,15,19,96,0.0,0.0742574257425742
57,Victor Bernth Kristiansen,dk DEN,DF,Leicester City,21.0,2002.0,30,29,2482,27.6,0,1,1,0,0,0,1,0,0.3,0.3,1.4,1.7,40,70,78,0.0,0.04,0.04,0.0,0.04,0.01,0.05,0.06,0.01,0.06,49,29,28,155,0.0,0.0362610797743755
58,Beto,gw GNB,FW,Everton,26.0,1998.0,30,15,1534,17.0,8,0,8,8,0,0,2,0,8.2,8.2,1.2,9.4,15,16,77,0.47,0.0,0.47,0.47,0.47,0.48,0.07,0.55,0.48,0.55,19,8,14,73,0.469361147327249,0.0
59,Philip Billing,dk DEN,MF,Bournemouth,28.0,1996.0,10,1,184,2.0,0,0,0,0,0,0,1,0,0.6,0.6,1.1,1.7,3,15,13,0.0,0.0,0.0,0.0,0.0,0.28,0.54,0.82,0.28,0.82,3,2,2,12,0.0,0.0
60,Yves Bissouma,ml MLI,MF,Tottenham,27.0,1996.0,28,16,1408,15.6,2,0,2,2,0,0,7,0,0.6,0.6,0.3,0.9,15,75,3,0.13,0.0,0.13,0.13,0.13,0.04,0.02,0.06,0.04,0.06,34,18,24,115,0.1278409090909091,0.0
61,Oscar Bobb,no NOR,FW,Manchester City,21.0,2003.0,3,0,16,0.2,0,0,0,0,0,0,0,0,0.0,0.0,0.1,0.1,1,1,1,0.0,0.0,0.0,0.0,0.0,0.0,0.41,0.41,0.0,0.41,0,0,0,1,0.0,0.0
62,Lamare Bogarde,nl NED,"DF,MF",Aston Villa,20.0,2004.0,8,5,476,5.3,0,0,0,0,0,0,2,0,0.0,0.0,0.1,0.2,12,14,9,0.0,0.0,0.0,0.0,0.0,0.01,0.02,0.03,0.01,0.03,12,7,8,39,0.0,0.0
63,Willy Boly,ci CIV,DF,Nott'ham Forest,33.0,1991.0,6,1,150,1.7,0,0,0,0,0,0,1,0,0.1,0.1,0.0,0.1,0,2,0,0.0,0.0,0.0,0.0,0.0,0.04,0.0,0.04,0.04,0.04,4,2,3,13,0.0,0.0
64,Sven Botman,nl NED,DF,Newcastle Utd,24.0,2000.0,8,6,412,4.6,0,0,0,0,0,0,1,0,0.5,0.5,0.5,1.1,0,7,0,0.0,0.0,0.0,0.0,0.0,0.12,0.12,0.24,0.12,0.24,9,5,6,29,0.0,0.0
65,Jarrod Bowen,eng ENG,"FW,MF",West Ham,27.0,1996.0,34,34,2973,33.0,13,8,21,12,1,1,1,0,8.6,7.8,6.8,14.7,109,91,212,0.39,0.24,0.64,0.36,0.61,0.26,0.21,0.47,0.24,0.44,29,13,19,113,0.3935418768920282,0.2421796165489404
66,Conor Bradley,nir NIR,DF,Liverpool,21.0,2003.0,19,7,754,8.4,0,2,2,0,0,0,4,0,0.7,0.7,1.4,2.1,35,33,39,0.0,0.24,0.24,0.0,0.24,0.08,0.17,0.25,0.08,0.25,16,10,10,52,0.0,0.2387267904509283
67,Jarrad Branthwaite,eng ENG,DF,Everton,22.0,2002.0,30,28,2511,27.9,0,1,1,0,0,0,4,0,1.2,1.2,0.7,1.9,10,66,2,0.0,0.04,0.04,0.0,0.04,0.04,0.02,0.07,0.04,0.07,48,28,27,152,0.0,0.03584229390681
68,James Bree,eng ENG,DF,Southampton,26.0,1997.0,17,13,1075,11.9,0,1,1,0,0,0,0,0,0.1,0.1,0.9,1.0,13,34,43,0.0,0.08,0.08,0.0,0.08,0.01,0.08,0.08,0.01,0.08,24,14,15,78,0.0,0.0837209302325581
69,Ben Brereton,cl CHI,FW,Southampton,25.0,1999.0,10,4,449,5.0,0,0,0,0,0,0,1,0,0.9,0.9,0.1,1.0,12,9,42,0.0,0.0,0.0,0.0,0.0,0.18,0.02,0.2,0.18,0.2,5,2,3,19,0.0,0.0
70,Nathan Broadhead,wls WAL,"MF,FW",Ipswich Town,26.0,1998.0,18,7,702,7.8,2,0,2,2,0,0,1,0,1.7,1.7,0.7,2.4,20,14,33,0.26,0.0,0.26,0.26,0.26,0.22,0.09,0.31,0.22,0.31,14,8,9,50,0.2564102564102564,0.0
71,Armando Broja,al ALB,FW,Everton,22.0,2001.0,10,4,334,3.7,0,0,0,0,0,0,1,0,0.1,0.1,0.2,0.3,12,2,26,0.0,0.0,0.0,0.0,0.0,0.03,0.05,0.08,0.03,0.08,3,1,2,11,0.0,0.0
72,David Brooks,wls WAL,"FW,MF",Bournemouth,27.0,1997.0,29,9,960,10.7,2,0,2,2,0,0,3,0,2.5,2.5,1.9,4.4,35,35,83,0.19,0.0,0.19,0.19,0.19,0.24,0.18,0.41,0.24,0.41,12,5,9,45,0.1875,0.0
73,Emi Buendía,ar ARG,"MF,FW",Aston Villa,27.0,1996.0,12,0,98,1.1,0,0,0,0,0,0,1,0,0.7,0.7,0.0,0.7,3,7,6,0.0,0.0,0.0,0.0,0.0,0.6,0.02,0.62,0.6,0.62,2,1,1,6,0.0,0.0
74,Santiago Bueno,uy URU,DF,Wolves,25.0,1998.0,29,18,1687,18.7,0,0,0,0,0,0,2,0,0.4,0.4,0.0,0.4,1,28,1,0.0,0.0,0.0,0.0,0.0,0.02,0.0,0.02,0.02,0.02,47,28,33,150,0.0,0.0
75,Facundo Buonanotte,ar ARG,"FW,MF",Leicester City,19.0,2004.0,31,14,1523,16.9,5,2,7,5,0,0,8,0,3.9,3.9,3.1,7.0,39,54,74,0.3,0.12,0.41,0.3,0.41,0.23,0.18,0.41,0.23,0.41,17,8,12,67,0.2954694681549573,0.1181877872619829
76,Cameron Burgess,au AUS,DF,Ipswich Town,28.0,1995.0,18,16,1541,17.1,0,2,2,0,0,0,0,0,1.1,1.1,0.5,1.6,2,42,4,0.0,0.12,0.12,0.0,0.12,0.06,0.03,0.09,0.06,0.09,40,24,27,127,0.0,0.1168072680077871
77,Dan Burn,eng ENG,DF,Newcastle Utd,32.0,1992.0,37,37,3330,37.0,1,1,2,1,0,0,11,0,2.0,2.0,0.9,2.8,12,75,14,0.03,0.03,0.05,0.03,0.05,0.05,0.02,0.08,0.05,0.08,71,42,43,226,0.027027027027027,0.027027027027027
78,Wes Burns,wls WAL,"FW,DF",Ipswich Town,29.0,1994.0,18,12,926,10.3,0,1,1,0,0,0,1,0,0.5,0.5,1.6,2.2,38,8,65,0.0,0.1,0.1,0.0,0.1,0.05,0.16,0.21,0.05,0.21,10,4,7,39,0.0,0.0971922246220302
79,Nathan Butler-Oyedeji,eng ENG,FW,Arsenal,21.0,2003.0,1,0,7,0.1,0,0,0,0,0,0,0,0,0.1,0.1,0.0,0.1,0,0,0,0.0,0.0,0.0,0.0,0.0,0.94,0.0,0.94,0.94,0.94,0,0,0,0,0.0,0.0
80,Moisés Caicedo,ec ECU,"MF,DF",Chelsea,22.0,2001.0,38,38,3351,37.2,1,2,3,1,0,0,11,0,0.8,0.8,3.0,3.8,43,215,37,0.03,0.05,0.08,0.03,0.08,0.02,0.08,0.1,0.02,0.1,63,33,38,214,0.0268576544315129,0.0537153088630259
81,Tom Cairney,sct SCO,MF,Fulham,33.0,1991.0,25,3,628,7.0,2,0,2,2,0,0,3,1,0.8,0.8,1.1,1.8,18,53,33,0.29,0.0,0.29,0.29,0.29,0.11,0.15,0.26,0.11,0.26,11,6,6,38,0.286624203821656,0.0
82,Jens Cajuste,se SWE,MF,Ipswich Town,24.0,1999.0,30,25,1959,21.8,1,1,2,1,0,0,2,0,0.7,0.7,0.8,1.5,26,59,20,0.05,0.05,0.09,0.05,0.09,0.03,0.04,0.07,0.03,0.07,47,25,33,159,0.0459418070444104,0.0459418070444104
83,Riccardo Calafiori,it ITA,DF,Arsenal,22.0,2002.0,19,11,983,10.9,2,1,3,2,0,0,4,0,0.9,0.9,0.3,1.1,22,54,29,0.18,0.09,0.27,0.18,0.27,0.08,0.03,0.11,0.08,0.11,18,11,10,59,0.1831129196337741,0.091556459816887
84,Dominic Calvert-Lewin,eng ENG,FW,Everton,27.0,1997.0,26,19,1609,17.9,3,1,4,3,0,0,2,0,6.7,6.7,0.6,7.4,23,20,112,0.17,0.06,0.22,0.17,0.22,0.38,0.04,0.41,0.38,0.41,14,6,8,53,0.1678060907395898,0.0559353635798632
85,Diego Carlos,br BRA,DF,Aston Villa,31.0,1993.0,10,8,830,9.2,0,0,0,0,0,0,1,0,0.6,0.6,0.0,0.6,3,34,0,0.0,0.0,0.0,0.0,0.0,0.07,0.0,0.07,0.07,0.07,21,12,14,66,0.0,0.0
86,Fabio Carvalho,pt POR,"FW,MF",Brentford,21.0,2002.0,19,3,455,5.1,2,1,3,2,0,0,1,0,2.5,2.5,0.7,3.2,9,17,23,0.4,0.2,0.59,0.4,0.59,0.49,0.13,0.62,0.49,0.62,4,2,2,15,0.3956043956043956,0.1978021978021978
87,Casemiro,br BRA,MF,Manchester Utd,32.0,1992.0,24,18,1494,16.6,1,0,1,1,0,0,5,0,1.9,1.9,2.3,4.2,4,84,28,0.06,0.0,0.06,0.06,0.06,0.11,0.14,0.25,0.11,0.25,35,18,24,120,0.0602409638554216,0.0
88,Kaelan Casey,eng ENG,DF,West Ham,19.0,2004.0,1,0,1,0.0,0,0,0,0,0,0,0,0,0.0,0.0,0.0,0.0,0,0,0,0.0,0.0,0.0,0.0,0.0,0.0,0.0,0.0,0.0,0.0,0,0,0,0,0.0,0.0
89,Matty Cash,pl POL,DF,Aston Villa,26.0,1997.0,27,24,2070,23.0,1,1,2,1,0,0,7,0,0.5,0.5,1.1,1.6,48,42,90,0.04,0.04,0.09,0.04,0.09,0.02,0.05,0.07,0.02,0.07,58,34,41,185,0.0434782608695652,0.0434782608695652
90,Eiran Cashin,ie IRL,DF,Brighton,22.0,2001.0,2,0,20,0.2,0,0,0,0,0,0,0,0,0.0,0.0,0.0,0.0,0,6,1,0.0,0.0,0.0,0.0,0.0,0.0,0.0,0.0,0.0,0.0,1,0,1,2,0.0,0.0
91,Timothy Castagne,be BEL,DF,Fulham,28.0,1995.0,24,17,1649,18.3,0,1,1,0,0,0,1,0,0.4,0.4,1.2,1.6,17,62,67,0.0,0.05,0.05,0.0,0.05,0.02,0.07,0.09,0.02,0.09,32,19,18,103,0.0,0.0545785324439054
92,Trevoh Chalobah,eng ENG,DF,Crystal Palace,25.0,1999.0,12,12,1060,11.8,3,0,3,3,0,0,1,0,1.2,1.2,0.4,1.6,11,34,6,0.25,0.0,0.25,0.25,0.25,0.1,0.03,0.14,0.1,0.14,24,14,15,77,0.2547169811320754,0.0
93,Trevoh Chalobah,eng ENG,DF,Chelsea,25.0,1999.0,13,11,910,10.1,0,1,1,0,0,0,2,0,0.8,0.8,1.2,2.0,4,37,2,0.0,0.1,0.1,0.0,0.1,0.08,0.12,0.19,0.08,0.19,21,12,13,66,0.0,0.0989010989010989
94,Conor Chaplin,eng ENG,"MF,FW",Ipswich Town,27.0,1997.0,22,10,857,9.5,1,1,2,1,0,0,2,0,1.5,1.5,0.7,2.2,13,29,23,0.11,0.11,0.21,0.11,0.21,0.16,0.07,0.23,0.16,0.23,22,12,16,77,0.1050175029171528,0.1050175029171528
95,Youssef Chermiti,pt POR,"FW,MF",Everton,20.0,2004.0,4,0,45,0.5,0,0,0,0,0,0,1,0,0.1,0.1,0.0,0.1,0,1,6,0.0,0.0,0.0,0.0,0.0,0.22,0.0,0.22,0.22,0.22,1,0,1,2,0.0,0.0
96,Federico Chiesa,it ITA,FW,Liverpool,26.0,1997.0,6,1,108,1.2,0,0,0,0,0,0,0,0,0.3,0.3,0.2,0.5,3,3,7,0.0,0.0,0.0,0.0,0.0,0.28,0.15,0.43,0.28,0.43,1,1,1,5,0.0,0.0
97,Ben Chilwell,eng ENG,DF,Crystal Palace,27.0,1996.0,8,1,259,2.9,1,0,1,1,0,0,1,0,0.2,0.2,0.8,1.0,5,8,15,0.35,0.0,0.35,0.35,0.35,0.08,0.26,0.34,0.08,0.34,7,4,5,21,0.3474903474903475,0.0
98,Chiquinho,pt POR,MF,Wolves,24.0,2000.0,1,0,7,0.1,0,0,0,0,0,0,0,0,0.0,0.0,0.0,0.0,0,0,0,0.0,0.0,0.0,0.0,0.0,0.0,0.42,0.42,0.0,0.42,0,0,0,1,0.0,0.0
99,Hamza Choudhury,bd BAN,"MF,DF",Leicester City,26.0,1997.0,4,1,131,1.5,0,0,0,0,0,0,0,0,0.0,0.0,0.4,0.4,4,3,6,0.0,0.0,0.0,0.0,0.0,0.0,0.27,0.27,0.0,0.27,3,2,2,11,0.0,0.0
100,Ryan Christie,sct SCO,MF,Bournemouth,29.0,1995.0,29,27,2117,23.5,2,3,5,2,0,0,9,0,1.8,1.8,3.5,5.4,34,137,44,0.09,0.13,0.21,0.09,0.21,0.08,0.15,0.23,0.08,0.23,43,23,27,147,0.0850259801606046,0.1275389702409069
101,Harry Clarke,eng ENG,DF,Ipswich Town,23.0,2001.0,7,4,379,4.2,0,0,0,0,0,0,3,1,0.1,0.1,0.0,0.1,5,14,2,0.0,0.0,0.0,0.0,0.0,0.02,0.01,0.03,0.02,0.03,8,5,5,27,0.0,0.0
102,Jack Clarke,eng ENG,"FW,MF",Ipswich Town,23.0,2000.0,32,12,1181,13.1,0,4,4,0,0,0,2,0,1.2,1.2,2.3,3.5,39,44,57,0.0,0.3,0.3,0.0,0.3,0.09,0.17,0.26,0.09,0.26,12,5,8,47,0.0,0.304826418289585
103,Nathaniel Clyne,eng ENG,"DF,MF",Crystal Palace,33.0,1991.0,13,5,483,5.4,0,0,0,0,0,0,1,0,0.0,0.0,0.3,0.3,6,7,8,0.0,0.0,0.0,0.0,0.0,0.0,0.06,0.06,0.0,0.06,12,7,8,38,0.0,0.0
104,Conor Coady,eng ENG,DF,Leicester City,31.0,1993.0,22,19,1714,19.0,1,0,1,1,0,0,3,0,0.4,0.4,0.1,0.5,3,32,0,0.05,0.0,0.05,0.05,0.05,0.02,0.0,0.03,0.02,0.03,48,28,34,153,0.0525087514585764,0.0
105,Séamus Coleman,ie IRL,DF,Everton,35.0,1988.0,5,3,215,2.4,0,0,0,0,0,0,1,0,0.6,0.6,0.0,0.6,1,11,7,0.0,0.0,0.0,0.0,0.0,0.24,0.0,0.24,0.24,0.24,5,3,3,16,0.0,0.0
106,Nathan Collins,ie IRL,DF,Brentford,23.0,2001.0,38,38,3420,38.0,2,3,5,2,0,0,5,0,2.5,2.5,1.8,4.3,32,127,18,0.05,0.08,0.13,0.05,0.13,0.07,0.05,0.11,0.07,0.11,83,49,54,264,0.0526315789473684,0.0789473684210526
107,Toby Collyer,eng ENG,MF,Manchester Utd,20.0,2004.0,6,0,179,2.0,0,0,0,0,0,0,0,0,0.2,0.2,0.3,0.4,0,5,2,0.0,0.0,0.0,0.0,0.0,0.09,0.13,0.22,0.09,0.22,3,2,2,10,0.0,0.0
108,Levi Colwill,eng ENG,DF,Chelsea,21.0,2003.0,35,35,3149,35.0,2,1,3,2,0,0,9,0,1.9,1.9,1.1,3.0,14,131,12,0.06,0.03,0.09,0.06,0.09,0.05,0.03,0.09,0.05,0.09,94,56,70,300,0.0571610034931724,0.0285805017465862
109,Lewis Cook,eng ENG,"MF,DF",Bournemouth,27.0,1997.0,36,32,2978,33.1,1,3,4,1,0,0,8,1,0.9,0.9,4.1,5.1,33,158,52,0.03,0.09,0.12,0.03,0.12,0.03,0.12,0.15,0.03,0.15,47,25,26,162,0.0302216252518468,0.0906648757555406
110,Maxwel Cornet,ci CIV,FW,Southampton,27.0,1996.0,2,1,72,0.8,0,0,0,0,0,0,1,0,0.2,0.2,0.0,0.2,1,0,5,0.0,0.0,0.0,0.0,0.0,0.2,0.0,0.2,0.2,0.2,1,0,1,2,0.0,0.0
111,Vladimír Coufal,cz CZE,DF,West Ham,31.0,1992.0,22,11,1067,11.9,0,0,0,0,0,0,5,0,0.3,0.3,0.7,1.0,26,39,33,0.0,0.0,0.0,0.0,0.0,0.03,0.06,0.08,0.03,0.08,21,13,12,68,0.0,0.0
112,Woyo Coulibaly,ml MLI,DF,Leicester City,25.0,1999.0,4,1,109,1.2,0,0,0,0,0,0,1,0,0.0,0.0,0.0,0.0,4,3,2,0.0,0.0,0.0,0.0,0.0,0.04,0.0,0.04,0.04,0.04,2,1,1,6,0.0,0.0
113,Aaron Cresswell,eng ENG,DF,West Ham,34.0,1989.0,18,10,824,9.2,0,0,0,0,0,0,3,0,0.2,0.2,1.3,1.6,6,36,4,0.0,0.0,0.0,0.0,0.0,0.03,0.15,0.17,0.03,0.17,25,15,19,80,0.0,0.0
114,Marc Cucurella,es ESP,DF,Chelsea,26.0,1998.0,36,33,2988,33.2,5,1,6,5,0,0,10,1,2.8,2.8,2.1,4.9,35,118,117,0.15,0.03,0.18,0.15,0.18,0.08,0.06,0.15,0.08,0.15,56,33,31,177,0.1506024096385542,0.0301204819277108
115,Jorge Cuenca,es ESP,DF,Fulham,24.0,1999.0,8,4,351,3.9,0,0,0,0,0,0,0,0,0.0,0.0,0.0,0.0,0,10,0,0.0,0.0,0.0,0.0,0.0,0.01,0.0,0.01,0.01,0.01,7,4,4,21,0.0,0.0
116,Matheus Cunha,br BRA,"MF,FW",Wolves,25.0,1999.0,33,29,2597,28.9,15,6,21,15,0,0,4,0,8.6,8.6,7.7,16.4,112,144,161,0.52,0.21,0.73,0.52,0.73,0.3,0.27,0.57,0.3,0.57,45,24,26,156,0.5198305737389295,0.2079322294955718
117,Patson Daka,zm ZAM,"FW,MF",Leicester City,25.0,1998.0,23,6,736,8.2,1,0,1,1,0,0,0,0,1.3,1.3,0.1,1.3,11,8,36,0.12,0.0,0.12,0.12,0.12,0.15,0.01,0.16,0.15,0.16,8,4,6,33,0.1222826086956521,0.0
118,Diogo Dalot,pt POR,DF,Manchester Utd,25.0,1999.0,33,31,2814,31.3,0,3,3,0,0,0,5,0,2.0,2.0,2.0,4.1,62,103,168,0.0,0.1,0.1,0.0,0.1,0.07,0.07,0.13,0.07,0.13,81,48,58,256,0.0,0.0959488272921108
119,Mikkel Damsgaard,dk DEN,"MF,FW",Brentford,24.0,2000.0,38,34,2911,32.3,2,10,12,2,0,0,2,0,2.8,2.8,8.4,11.2,73,234,137,0.06,0.31,0.37,0.06,0.37,0.09,0.26,0.35,0.09,0.35,56,29,34,190,0.061834421161113,0.3091721058055651
120,Danilo,br BRA,"MF,FW",Nott'ham Forest,23.0,2001.0,8,5,275,3.1,0,0,0,0,0,0,0,0,0.0,0.0,0.0,0.0,2,11,1,0.0,0.0,0.0,0.0,0.0,0.0,0.0,0.0,0.0,0.0,6,3,4,22,0.0,0.0
121,Jayden Danns,eng ENG,MF,Liverpool,18.0,2006.0,1,0,11,0.1,0,0,0,0,0,0,0,0,0.0,0.0,0.0,0.0,0,0,0,0.0,0.0,0.0,0.0,0.0,0.0,0.0,0.0,0.0,0.0,0,0,0,1,0.0,0.0
122,Kevin Danso,at AUT,DF,Tottenham,25.0,1998.0,10,9,842,9.4,0,0,0,0,0,0,0,0,0.4,0.4,0.1,0.5,11,19,1,0.0,0.0,0.0,0.0,0.0,0.04,0.01,0.05,0.04,0.05,25,15,18,80,0.0,0.0
123,Ben Davies,wls WAL,DF,Tottenham,31.0,1993.0,17,14,1331,14.8,0,0,0,0,0,0,5,0,0.3,0.3,0.2,0.5,14,52,6,0.0,0.0,0.0,0.0,0.0,0.02,0.01,0.03,0.02,0.03,26,16,15,84,0.0,0.0
124,Leif Davis,eng ENG,DF,Ipswich Town,24.0,2000.0,33,32,2743,30.5,1,2,3,1,0,0,5,1,1.0,1.0,4.9,5.8,52,59,137,0.03,0.07,0.1,0.03,0.1,0.03,0.16,0.19,0.03,0.19,54,32,31,172,0.0328107911046299,0.0656215822092599
125,Craig Dawson,eng ENG,DF,Wolves,34.0,1990.0,15,10,971,10.8,0,0,0,0,0,0,2,0,0.5,0.5,0.0,0.5,6,20,5,0.0,0.0,0.0,0.0,0.0,0.05,0.0,0.05,0.05,0.05,28,17,20,90,0.0,0.0
126,Kevin De Bruyne,be BEL,"MF,FW",Manchester City,33.0,1991.0,28,19,1702,18.9,4,7,11,4,0,0,2,0,5.1,5.1,8.0,13.1,51,157,150,0.21,0.37,0.58,0.21,0.58,0.27,0.42,0.69,0.27,0.69,37,20,25,127,0.2115158636897767,0.3701527614571093
127,Bobby De Cordova-Reid,jm JAM,FW,Leicester City,31.0,1993.0,23,9,744,8.3,1,2,3,1,0,0,2,0,0.8,0.8,1.2,2.0,14,15,48,0.12,0.24,0.36,0.12,0.36,0.1,0.15,0.24,0.1,0.24,6,3,4,25,0.1209677419354838,0.2419354838709677
128,Liam Delap,eng ENG,FW,Ipswich Town,21.0,2003.0,37,32,2593,28.8,12,2,14,10,2,2,12,0,9.3,7.8,1.9,9.7,61,30,110,0.42,0.07,0.49,0.35,0.42,0.32,0.07,0.39,0.27,0.34,32,14,24,123,0.4165059776320864,0.069417662938681
129,Sepp van den Berg,nl NED,DF,Brentford,22.0,2001.0,31,29,2586,28.7,0,0,0,0,0,0,3,0,2.0,2.0,0.8,2.8,12,79,28,0.0,0.0,0.0,0.0,0.0,0.07,0.03,0.1,0.07,0.1,56,33,34,180,0.0,0.0
130,Justin Devenny,nir NIR,MF,Crystal Palace,20.0,2003.0,23,4,507,5.6,1,1,2,1,0,0,1,0,0.8,0.8,0.6,1.4,5,21,13,0.18,0.18,0.36,0.18,0.36,0.14,0.11,0.25,0.14,0.25,12,6,8,39,0.1775147928994083,0.1775147928994083
131,Kiernan Dewsbury-Hall,eng ENG,"MF,FW",Chelsea,25.0,1998.0,13,2,264,2.9,0,1,1,0,0,0,0,0,0.2,0.2,1.1,1.3,5,14,11,0.0,0.34,0.34,0.0,0.34,0.08,0.36,0.44,0.08,0.44,4,2,2,15,0.0,0.3409090909090909
132,Amad Diallo,ci CIV,"MF,FW",Manchester Utd,22.0,2002.0,26,20,1901,21.1,8,6,14,8,0,0,5,0,4.7,4.7,4.9,9.6,109,60,200,0.38,0.28,0.66,0.38,0.66,0.22,0.23,0.45,0.22,0.45,32,17,18,111,0.3787480273540242,0.2840610205155181
133,Rúben Dias,pt POR,DF,Manchester City,27.0,1997.0,27,25,2271,25.2,0,0,0,0,0,0,4,0,1.5,1.5,0.3,1.8,43,160,8,0.0,0.0,0.0,0.0,0.0,0.06,0.01,0.07,0.06,0.07,66,39,48,209,0.0,0.0
134,Luis Díaz,co COL,FW,Liverpool,27.0,1997.0,36,28,2399,26.7,13,5,18,13,0,0,2,0,12.0,12.0,5.0,17.1,108,110,293,0.49,0.19,0.68,0.49,0.68,0.45,0.19,0.64,0.45,0.64,21,9,12,80,0.4877032096706961,0.1875781575656523
135,Tyler Dibling,eng ENG,"FW,MF",Southampton,18.0,2006.0,33,20,1874,20.8,2,0,2,2,0,0,6,0,2.5,2.5,1.5,4.1,69,64,96,0.1,0.0,0.1,0.1,0.1,0.12,0.07,0.2,0.12,0.2,19,9,13,75,0.096051227321238,0.0
136,Lucas Digne,fr FRA,DF,Aston Villa,31.0,1993.0,32,28,2351,26.1,0,4,4,0,0,0,4,0,0.8,0.8,4.7,5.5,23,57,142,0.0,0.15,0.15,0.0,0.15,0.03,0.18,0.21,0.03,0.21,46,27,26,147,0.0,0.1531263292216078
137,Issa Diop,fr FRA,DF,Fulham,27.0,1997.0,21,15,1339,14.9,0,0,0,0,0,0,2,0,0.5,0.5,0.1,0.6,6,25,3,0.0,0.0,0.0,0.0,0.0,0.04,0.01,0.04,0.04,0.04,27,16,16,86,0.0,0.0
138,Axel Disasi,fr FRA,DF,Aston Villa,26.0,1998.0,7,5,490,5.4,0,0,0,0,0,0,2,0,0.1,0.1,0.4,0.5,10,16,5,0.0,0.0,0.0,0.0,0.0,0.02,0.07,0.09,0.02,0.09,13,8,9,42,0.0,0.0
139,Axel Disasi,fr FRA,DF,Chelsea,26.0,1998.0,6,4,364,4.0,1,0,1,1,0,0,1,0,0.3,0.3,0.1,0.4,6,16,2,0.25,0.0,0.25,0.25,0.25,0.07,0.02,0.09,0.07,0.09,10,6,7,31,0.2472527472527472,0.0
140,Roman Dixon,eng ENG,DF,Everton,19.0,2004.0,1,1,90,1.0,0,0,0,0,0,0,0,0,0.0,0.0,0.0,0.0,0,0,1,0.0,0.0,0.0,0.0,0.0,0.0,0.0,0.0,0.0,0.0,2,1,1,7,0.0,0.0
141,Nasser Djiga,bf BFA,DF,Wolves,21.0,2002.0,5,1,66,0.7,0,0,0,0,0,0,0,0,0.0,0.0,0.0,0.0,0,3,2,0.0,0.0,0.0,0.0,0.0,0.0,0.0,0.0,0.0,0.0,1,1,1,4,0.0,0.0
142,Matt Doherty,ie IRL,DF,Wolves,32.0,1992.0,30,25,2109,23.4,2,1,3,2,0,0,6,0,1.0,1.0,1.5,2.6,29,79,41,0.09,0.04,0.13,0.09,0.13,0.04,0.07,0.11,0.04,0.11,44,26,26,140,0.0853485064011379,0.0426742532005689
143,Jeremy Doku,be BEL,"FW,MF",Manchester City,22.0,2002.0,29,16,1516,16.8,3,6,9,3,0,0,1,0,1.3,1.3,4.8,6.1,213,69,286,0.18,0.36,0.53,0.18,0.53,0.08,0.29,0.36,0.08,0.36,14,6,9,56,0.1781002638522427,0.3562005277044855
144,Nicolás Domínguez,ar ARG,"MF,FW",Nott'ham Forest,26.0,1998.0,34,23,1963,21.8,0,1,1,0,0,0,9,0,1.5,1.5,1.3,2.8,16,83,33,0.0,0.05,0.05,0.0,0.05,0.07,0.06,0.13,0.07,0.13,51,27,38,175,0.0,0.0458481915435557
145,Patrick Dorgu,dk DEN,DF,Manchester Utd,19.0,2004.0,12,10,842,9.4,0,0,0,0,0,0,3,1,0.4,0.4,0.7,1.2,41,34,83,0.0,0.0,0.0,0.0,0.0,0.05,0.08,0.12,0.05,0.12,25,15,18,79,0.0,0.0
146,Alfie Dorrington,eng ENG,DF,Tottenham,19.0,2005.0,1,0,14,0.2,0,0,0,0,0,0,0,0,0.0,0.0,0.0,0.0,0,0,0,0.0,0.0,0.0,0.0,0.0,0.0,0.0,0.0,0.0,0.0,0,0,0,1,0.0,0.0
147,Abdoulaye Doucouré,ml MLI,MF,Everton,31.0,1993.0,33,31,2564,28.5,3,2,5,3,0,0,5,1,4.1,4.1,2.4,6.6,42,82,96,0.11,0.07,0.18,0.11,0.18,0.15,0.09,0.23,0.15,0.23,41,21,23,139,0.1053042121684867,0.0702028081123244
148,Cheick Doucouré,ml MLI,MF,Crystal Palace,24.0,2000.0,13,4,452,5.0,0,0,0,0,0,0,1,0,0.4,0.4,0.0,0.4,2,19,7,0.0,0.0,0.0,0.0,0.0,0.08,0.0,0.08,0.08,0.08,7,4,4,24,0.0,0.0
149,Flynn Downes,eng ENG,MF,Southampton,25.0,1999.0,27,25,2151,23.9,1,0,1,1,0,0,12,0,0.6,0.6,1.1,1.7,29,66,29,0.04,0.0,0.04,0.04,0.04,0.03,0.05,0.07,0.03,0.07,55,29,41,190,0.0418410041841004,0.0
150,Tommy Doyle,eng ENG,MF,Wolves,22.0,2001.0,24,3,488,5.4,0,1,1,0,0,0,1,0,0.6,0.6,0.5,1.1,6,40,4,0.0,0.18,0.18,0.0,0.18,0.1,0.09,0.2,0.1,0.2,11,6,7,36,0.0,0.1844262295081967
151,Radu Drăgușin,ro ROU,DF,Tottenham,22.0,2002.0,16,14,1252,13.9,0,0,0,0,0,0,1,0,0.1,0.1,0.4,0.5,7,37,2,0.0,0.0,0.0,0.0,0.0,0.01,0.03,0.04,0.01,0.04,37,22,27,117,0.0,0.0
152,Martin Dúbravka,sk SVK,GK,Newcastle Utd,35.0,1989.0,10,10,900,10.0,0,0,0,0,0,0,0,0,0.0,0.0,0.0,0.0,0,0,0,0.0,0.0,0.0,0.0,0.0,0.0,0.0,0.0,0.0,0.0,1,2,1,42,0.0,0.0
153,Lewis Dunk,eng ENG,DF,Brighton,32.0,1991.0,25,23,2083,23.1,0,0,0,0,0,0,5,0,0.8,0.8,0.5,1.3,20,142,3,0.0,0.0,0.0,0.0,0.0,0.03,0.02,0.06,0.03,0.06,62,37,46,197,0.0,0.0
154,Jáder Durán,co COL,FW,Aston Villa,20.0,2003.0,20,4,638,7.1,7,0,7,7,0,0,3,1,4.9,4.9,0.2,5.1,7,13,44,0.99,0.0,0.99,0.99,0.99,0.69,0.03,0.71,0.69,0.71,6,3,4,25,0.987460815047022,0.0
155,Claudio Echeverri,ar ARG,FW,Manchester City,18.0,2006.0,1,0,6,0.1,0,0,0,0,0,0,0,0,0.0,0.0,0.0,0.0,0,1,1,0.0,0.0,0.0,0.0,0.0,0.0,0.0,0.0,0.0,0.0,0,0,0,0,0.0,0.0
156,Ederson,br BRA,GK,Manchester City,30.0,1993.0,26,26,2320,25.8,0,4,4,0,0,0,4,0,0.0,0.0,1.5,1.5,0,2,0,0.0,0.16,0.16,0.0,0.16,0.0,0.06,0.06,0.0,0.06,2,5,1,81,0.0,0.1551724137931034
157,George Edmundson,eng ENG,DF,Ipswich Town,26.0,1997.0,1,0,2,0.0,0,0,0,0,0,0,0,0,0.0,0.0,0.0,0.0,0,0,0,0.0,0.0,0.0,0.0,0.0,0.0,0.0,0.0,0.0,0.0,0,0,0,0,0.0,0.0
158,Odsonne Édouard,fr FRA,"MF,FW",Crystal Palace,26.0,1998.0,2,1,115,1.3,0,0,0,0,0,0,0,0,0.4,0.4,0.0,0.4,3,4,7,0.0,0.0,0.0,0.0,0.0,0.31,0.04,0.34,0.31,0.34,2,1,1,8,0.0,0.0
159,Odsonne Édouard,fr FRA,FW,Leicester City,26.0,1998.0,4,0,29,0.3,0,0,0,0,0,0,0,0,0.0,0.0,0.0,0.0,0,1,2,0.0,0.0,0.0,0.0,0.0,0.0,0.13,0.13,0.0,0.13,0,0,0,1,0.0,0.0
160,Samuel Edozie,eng ENG,"DF,FW",Southampton,21.0,2003.0,2,0,65,0.7,0,0,0,0,0,0,1,0,0.0,0.0,0.1,0.1,6,4,23,0.0,0.0,0.0,0.0,0.0,0.0,0.14,0.14,0.0,0.14,1,1,1,5,0.0,0.0
161,Ronnie Edwards,eng ENG,DF,Southampton,21.0,2003.0,1,0,12,0.1,0,0,0,0,0,0,0,0,0.0,0.0,0.0,0.0,0,0,0,0.0,0.0,0.0,0.0,0.0,0.0,0.0,0.0,0.0,0.0,0,0,0,1,0.0,0.0
162,Anthony Elanga,se SWE,"FW,MF",Nott'ham Forest,22.0,2002.0,38,31,2501,27.8,6,11,17,6,0,0,1,0,4.5,4.5,5.7,10.1,102,63,229,0.22,0.4,0.61,0.22,0.61,0.16,0.2,0.36,0.16,0.36,29,13,21,112,0.2159136345461815,0.3958416633346661
163,Harvey Elliott,eng ENG,MF,Liverpool,21.0,2003.0,18,2,371,4.1,1,2,3,1,0,0,1,0,1.8,1.8,1.1,2.8,10,44,30,0.24,0.49,0.73,0.24,0.73,0.43,0.26,0.69,0.43,0.69,8,4,5,27,0.2425876010781671,0.4851752021563342
164,Yunus Emre Konak,tr TUR,"FW,MF",Brentford,18.0,2006.0,10,0,42,0.5,0,0,0,0,0,0,0,0,0.2,0.2,0.0,0.2,1,2,2,0.0,0.0,0.0,0.0,0.0,0.33,0.0,0.33,0.33,0.33,0,0,0,2,0.0,0.0
165,Julio Enciso,py PAR,"MF,FW",Ipswich Town,20.0,2004.0,13,12,869,9.7,2,3,5,2,0,0,3,0,1.7,1.7,1.4,3.1,23,28,44,0.21,0.31,0.52,0.21,0.52,0.18,0.14,0.32,0.18,0.32,18,10,12,62,0.2071346375143843,0.3107019562715765
166,Julio Enciso,py PAR,"MF,FW",Brighton,20.0,2004.0,12,2,294,3.3,0,0,0,0,0,0,0,0,1.0,1.0,0.2,1.2,11,14,17,0.0,0.0,0.0,0.0,0.0,0.31,0.07,0.38,0.31,0.38,6,3,4,21,0.0,0.0
167,Wataru Endo,jp JPN,"MF,DF",Liverpool,31.0,1993.0,20,1,273,3.0,0,0,0,0,0,0,0,0,0.0,0.0,0.1,0.1,1,19,8,0.0,0.0,0.0,0.0,0.0,0.0,0.02,0.02,0.0,0.02,6,3,4,19,0.0,0.0
168,Christian Eriksen,dk DEN,MF,Manchester Utd,32.0,1992.0,23,11,1061,11.8,1,2,3,0,1,1,4,0,1.4,0.6,3.2,3.8,13,55,29,0.08,0.17,0.25,0.0,0.17,0.12,0.27,0.39,0.05,0.32,18,9,10,62,0.0848256361922714,0.1696512723845429
169,Romain Esse,eng ENG,MF,Crystal Palace,19.0,2005.0,7,1,138,1.5,1,1,2,1,0,0,0,0,0.3,0.3,0.4,0.7,1,7,14,0.65,0.65,1.3,0.65,1.3,0.21,0.27,0.48,0.21,0.48,3,2,2,11,0.6521739130434783,0.6521739130434783
170,Pervis Estupiñán,ec ECU,DF,Brighton,26.0,1998.0,30,26,2402,26.7,1,1,2,1,0,0,5,0,1.2,1.2,2.1,3.3,59,132,112,0.04,0.04,0.07,0.04,0.07,0.04,0.08,0.12,0.04,0.12,62,37,42,198,0.0374687760199833,0.0374687760199833
171,Evanilson,br BRA,FW,Bournemouth,24.0,1999.0,31,28,2319,25.8,10,1,11,10,0,1,1,1,12.5,11.7,1.9,13.6,29,28,99,0.39,0.04,0.43,0.39,0.43,0.48,0.07,0.56,0.45,0.53,25,11,17,97,0.3880983182406209,0.0388098318240621
172,Jake Evans,0,FW,Leicester City,0.0,0.0,4,0,24,0.3,0,0,0,0,0,0,0,0,0.0,0.0,0.0,0.0,0,0,1,0.0,0.0,0.0,0.0,0.0,0.0,0.0,0.0,0.0,0.0,0,0,0,1,0.0,0.0
173,Jonny Evans,nir NIR,DF,Manchester Utd,36.0,1988.0,7,3,315,3.5,0,0,0,0,0,0,1,0,0.1,0.1,0.0,0.1,3,10,3,0.0,0.0,0.0,0.0,0.0,0.04,0.0,0.04,0.04,0.04,7,4,4,22,0.0,0.0
174,Eberechi Eze,eng ENG,"MF,FW",Crystal Palace,26.0,1998.0,34,31,2588,28.8,8,8,16,7,1,2,1,0,10.5,8.9,6.2,15.1,69,97,153,0.28,0.28,0.56,0.24,0.52,0.36,0.22,0.58,0.31,0.53,60,32,41,206,0.2782071097372488,0.2782071097372488
175,Łukasz Fabiański,pl POL,GK,West Ham,39.0,1985.0,14,13,1160,12.9,0,0,0,0,0,0,2,0,0.0,0.0,0.0,0.0,0,0,0,0.0,0.0,0.0,0.0,0.0,0.0,0.0,0.0,0.0,0.0,1,2,1,40,0.0,0.0
176,Wout Faes,be BEL,DF,Leicester City,26.0,1998.0,34,30,2815,31.3,1,0,1,1,0,0,4,0,1.5,1.5,0.1,1.6,12,86,1,0.03,0.0,0.03,0.03,0.03,0.05,0.0,0.05,0.05,0.05,58,34,34,186,0.0319715808170515,0.0
177,Abdul Fatawu Issahaku,gh GHA,FW,Leicester City,20.0,2004.0,11,6,579,6.4,0,2,2,0,0,0,0,0,0.4,0.4,1.6,2.0,42,17,60,0.0,0.31,0.31,0.0,0.31,0.06,0.24,0.31,0.06,0.31,5,2,3,18,0.0,0.310880829015544
178,João Félix,pt POR,"FW,MF",Chelsea,24.0,1999.0,12,3,369,4.1,1,1,2,1,0,0,2,0,2.2,2.2,1.0,3.2,21,26,30,0.24,0.24,0.49,0.24,0.49,0.54,0.23,0.78,0.54,0.78,4,2,3,17,0.2439024390243902,0.2439024390243902
179,Evan Ferguson,ie IRL,FW,West Ham,19.0,2004.0,8,1,156,1.7,0,0,0,0,0,0,0,0,0.6,0.6,0.3,0.9,1,1,7,0.0,0.0,0.0,0.0,0.0,0.32,0.17,0.5,0.32,0.5,2,1,1,6,0.0,0.0
180,Evan Ferguson,ie IRL,FW,Brighton,19.0,2004.0,13,2,246,2.7,1,0,1,1,0,0,0,0,0.5,0.5,0.4,1.0,2,1,9,0.37,0.0,0.37,0.37,0.37,0.2,0.15,0.35,0.2,0.35,3,1,2,10,0.3658536585365854,0.0
181,Bruno Fernandes,pt POR,MF,Manchester Utd,29.0,1994.0,36,35,3018,33.5,8,10,18,5,3,3,5,2,9.9,7.6,8.5,16.1,77,325,129,0.24,0.3,0.54,0.15,0.45,0.3,0.25,0.55,0.23,0.48,71,37,50,244,0.2385685884691848,0.2982107355864811
182,Mateus Fernandes,pt POR,MF,Southampton,20.0,2004.0,36,34,2909,32.3,2,4,6,2,0,0,8,0,4.0,4.0,3.0,7.0,76,145,108,0.06,0.12,0.19,0.06,0.19,0.12,0.09,0.22,0.12,0.22,61,32,40,209,0.0618769336541766,0.1237538673083533
183,Enzo Fernández,ar ARG,MF,Chelsea,23.0,2001.0,36,32,2947,32.7,6,7,13,6,0,0,8,0,6.1,6.1,6.8,12.9,60,212,126,0.18,0.21,0.4,0.18,0.4,0.19,0.21,0.39,0.19,0.39,74,39,54,255,0.1832371903630811,0.2137767220902613
184,Mark Flekken,nl NED,GK,Brentford,31.0,1993.0,37,37,3275,36.4,0,2,2,0,0,0,1,0,0.0,0.0,0.5,0.5,0,0,0,0.0,0.05,0.05,0.0,0.05,0.0,0.01,0.01,0.0,0.01,4,8,3,142,0.0,0.0549618320610687
185,Phil Foden,eng ENG,"MF,FW",Manchester City,24.0,2000.0,28,20,1777,19.7,7,2,9,7,0,0,2,0,5.2,5.2,4.8,9.9,50,103,128,0.35,0.1,0.46,0.35,0.46,0.26,0.24,0.5,0.26,0.5,41,22,28,140,0.3545301069217782,0.1012943162633652
186,Wesley Fofana,fr FRA,DF,Chelsea,23.0,2000.0,14,14,1172,13.0,0,0,0,0,0,0,7,0,0.4,0.4,0.4,0.8,19,32,4,0.0,0.0,0.0,0.0,0.0,0.03,0.03,0.07,0.03,0.06,23,14,13,74,0.0,0.0
187,Carlos Forbs,pt POR,"MF,FW",Wolves,20.0,2004.0,10,1,239,2.7,0,0,0,0,0,0,2,0,0.1,0.1,0.0,0.2,10,8,28,0.0,0.0,0.0,0.0,0.0,0.05,0.01,0.07,0.05,0.07,6,3,4,20,0.0,0.0
188,Fraser Forster,eng ENG,GK,Tottenham,36.0,1988.0,7,7,630,7.0,0,0,0,0,0,0,0,0,0.0,0.0,0.0,0.0,0,0,0,0.0,0.0,0.0,0.0,0.0,0.0,0.0,0.0,0.0,0.0,1,2,1,29,0.0,0.0
189,Matheus França,br BRA,"MF,FW",Crystal Palace,20.0,2004.0,4,0,55,0.6,1,0,1,1,0,0,0,0,0.3,0.3,0.0,0.3,4,3,4,1.64,0.0,1.64,1.64,1.64,0.42,0.0,0.42,0.42,0.42,1,0,1,3,1.6363636363636362,0.0
190,Ryan Fraser,sct SCO,"FW,DF",Southampton,30.0,1994.0,8,4,306,3.4,0,0,0,0,0,0,0,1,0.0,0.0,0.1,0.1,10,8,18,0.0,0.0,0.0,0.0,0.0,0.01,0.03,0.04,0.01,0.04,3,1,2,11,0.0,0.0
191,Tyler Fredricson,eng ENG,DF,Manchester Utd,19.0,2005.0,2,2,165,1.8,0,0,0,0,0,0,0,0,0.0,0.0,0.0,0.0,2,8,0,0.0,0.0,0.0,0.0,0.0,0.0,0.0,0.0,0.0,0.0,4,2,2,11,0.0,0.0
192,Niclas Füllkrug,de GER,FW,West Ham,31.0,1993.0,18,6,790,8.8,3,2,5,3,0,0,2,0,2.2,2.2,1.9,4.1,7,14,31,0.34,0.23,0.57,0.34,0.57,0.25,0.22,0.46,0.25,0.46,10,4,7,37,0.3417721518987341,0.2278481012658227
193,Cody Gakpo,nl NED,FW,Liverpool,25.0,1999.0,35,23,1935,21.5,10,4,14,10,0,0,5,0,7.1,7.1,4.4,11.5,59,52,278,0.47,0.19,0.65,0.47,0.65,0.33,0.2,0.53,0.33,0.53,20,9,13,77,0.4651162790697674,0.1860465116279069
194,Idrissa Gana Gueye,sn SEN,MF,Everton,34.0,1989.0,37,35,3063,34.0,0,3,3,0,0,0,9,0,1.1,1.1,1.7,2.8,27,145,27,0.0,0.09,0.09,0.0,0.09,0.03,0.05,0.08,0.03,0.08,73,38,51,248,0.0,0.0881488736532811
195,Andrés García,es ESP,"DF,MF",Aston Villa,21.0,2003.0,7,5,318,3.5,0,0,0,0,0,0,0,0,0.0,0.0,0.2,0.2,26,15,28,0.0,0.0,0.0,0.0,0.0,0.01,0.05,0.06,0.01,0.06,6,4,3,20,0.0,0.0
196,Alejandro Garnacho,ar ARG,"MF,FW",Manchester Utd,20.0,2004.0,36,23,2199,24.4,6,2,8,6,0,0,3,0,7.3,7.3,4.5,11.8,141,56,290,0.25,0.08,0.33,0.25,0.33,0.3,0.19,0.48,0.3,0.48,35,19,19,121,0.2455661664392905,0.0818553888130968
197,James Garner,eng ENG,"MF,DF",Everton,23.0,2001.0,21,17,1594,17.7,0,1,1,0,0,0,5,0,0.7,0.7,1.4,2.1,15,50,30,0.0,0.06,0.06,0.0,0.06,0.04,0.08,0.12,0.04,0.12,38,20,27,129,0.0,0.0564617314930991
198,Tyrique George,eng ENG,FW,Chelsea,18.0,2006.0,8,1,183,2.0,1,1,2,1,0,0,1,0,0.2,0.2,0.7,0.9,9,3,22,0.49,0.49,0.98,0.49,0.98,0.1,0.36,0.46,0.1,0.46,1,1,1,6,0.4918032786885246,0.4918032786885246
199,Morgan Gibbs-White,eng ENG,MF,Nott'ham Forest,24.0,2000.0,34,34,2803,31.1,7,8,15,7,0,0,11,1,6.3,6.3,5.0,11.2,69,164,136,0.22,0.26,0.48,0.22,0.48,0.2,0.16,0.36,0.2,0.36,68,36,48,232,0.2247591865858009,0.2568676418123439
200,Billy Gilmour,sct SCO,MF,Brighton,23.0,2001.0,2,1,98,1.1,0,0,0,0,0,0,0,0,0.1,0.1,0.0,0.1,2,11,2,0.0,0.0,0.0,0.0,0.0,0.07,0.0,0.07,0.07,0.07,2,1,1,8,0.0,0.0
201,Ben Godfrey,eng ENG,DF,Ipswich Town,26.0,1998.0,3,2,159,1.8,0,0,0,0,0,0,1,0,0.0,0.0,0.0,0.0,2,4,1,0.0,0.0,0.0,0.0,0.0,0.0,0.0,0.0,0.0,0.0,3,2,2,9,0.0,0.0
202,Martial Godo,eng ENG,"FW,DF",Fulham,21.0,2003.0,2,0,24,0.3,0,0,0,0,0,0,0,0,0.0,0.0,0.1,0.1,2,3,6,0.0,0.0,0.0,0.0,0.0,0.0,0.21,0.21,0.0,0.21,0,0,0,1,0.0,0.0
203,Michael Golding,eng ENG,MF,Leicester City,18.0,2006.0,1,0,1,0.0,0,0,0,0,0,0,0,0,0.0,0.0,0.0,0.0,0,0,0,0.0,0.0,0.0,0.0,0.0,0.0,0.0,0.0,0.0,0.0,0,0,0,0,0.0,0.0
204,João Gomes,br BRA,MF,Wolves,23.0,2001.0,36,35,2974,33.0,3,1,4,3,0,0,11,1,2.9,2.9,1.2,4.1,59,165,76,0.09,0.03,0.12,0.09,0.12,0.09,0.04,0.12,0.09,0.12,69,36,48,236,0.0907868190988567,0.0302622730329522
205,Rodrigo Gomes,pt POR,"DF,FW",Wolves,21.0,2003.0,25,7,810,9.0,2,0,2,2,0,0,0,0,0.7,0.7,0.9,1.6,23,27,81,0.22,0.0,0.22,0.22,0.22,0.08,0.1,0.18,0.08,0.18,19,11,12,60,0.2222222222222222,0.0
206,Toti Gomes,pt POR,DF,Wolves,25.0,1999.0,31,30,2614,29.0,0,1,1,0,0,0,7,0,0.7,0.7,0.9,1.7,27,86,18,0.0,0.03,0.03,0.0,0.03,0.03,0.03,0.06,0.03,0.06,58,34,36,186,0.0,0.0344299923488905
207,Diego Gómez,py PAR,MF,Brighton,21.0,2003.0,16,4,516,5.7,1,0,1,1,0,0,0,0,0.9,0.9,0.7,1.6,8,27,23,0.17,0.0,0.17,0.17,0.17,0.15,0.13,0.28,0.15,0.28,11,6,7,36,0.1744186046511628,0.0
208,Joe Gomez,eng ENG,DF,Liverpool,27.0,1997.0,9,6,519,5.8,0,0,0,0,0,0,1,0,0.3,0.3,0.1,0.4,5,35,2,0.0,0.0,0.0,0.0,0.0,0.06,0.02,0.08,0.06,0.08,13,8,9,42,0.0,0.0
209,Nicolás González,es ESP,MF,Manchester City,22.0,2002.0,11,9,760,8.4,1,0,1,1,0,0,3,0,0.5,0.5,0.1,0.5,9,50,11,0.12,0.0,0.12,0.12,0.12,0.06,0.01,0.06,0.06,0.06,15,8,10,53,0.1184210526315789,0.0
210,Anthony Gordon,eng ENG,"FW,MF",Newcastle Utd,23.0,2001.0,34,28,2434,27.0,6,5,11,5,1,2,2,0,8.0,6.5,5.0,11.4,121,98,214,0.22,0.18,0.41,0.18,0.37,0.3,0.18,0.48,0.24,0.42,22,10,14,86,0.2218570254724733,0.1848808545603944
211,Ryan Gravenberch,nl NED,MF,Liverpool,22.0,2002.0,37,37,3160,35.1,0,4,4,0,0,0,6,1,1.1,1.1,3.1,4.2,70,181,55,0.0,0.11,0.11,0.0,0.11,0.03,0.09,0.12,0.03,0.12,58,30,35,198,0.0,0.1139240506329113
212,Archie Gray,eng ENG,"DF,MF",Tottenham,18.0,2006.0,28,19,1751,19.5,0,0,0,0,0,0,1,0,0.0,0.0,0.1,0.2,7,40,17,0.0,0.0,0.0,0.0,0.0,0.0,0.01,0.01,0.0,0.01,53,32,40,170,0.0,0.0
213,Jack Grealish,eng ENG,"FW,MF",Manchester City,28.0,1995.0,20,7,721,8.0,1,1,2,1,0,0,3,0,1.1,1.1,1.8,3.0,69,52,118,0.12,0.12,0.25,0.12,0.25,0.14,0.23,0.37,0.14,0.37,8,3,5,30,0.1248266296809986,0.1248266296809986
214,Jacob Greaves,eng ENG,DF,Ipswich Town,23.0,2000.0,25,25,2205,24.5,1,0,1,1,0,0,5,0,1.3,1.3,0.3,1.6,11,69,11,0.04,0.0,0.04,0.04,0.04,0.05,0.01,0.06,0.05,0.06,60,36,42,192,0.0408163265306122,0.0
215,Brajan Gruda,de GER,"MF,FW",Brighton,20.0,2004.0,21,8,687,7.6,1,4,5,1,0,0,0,0,1.2,1.2,2.1,3.3,22,26,57,0.13,0.52,0.66,0.13,0.66,0.16,0.28,0.43,0.16,0.43,13,7,8,45,0.131004366812227,0.5240174672489083
216,Albert Grønbaek,dk DEN,"FW,MF",Southampton,23.0,2001.0,4,2,143,1.6,0,0,0,0,0,0,0,0,0.1,0.1,0.0,0.1,1,1,3,0.0,0.0,0.0,0.0,0.0,0.07,0.01,0.08,0.07,0.08,2,1,1,6,0.0,0.0
217,Gonçalo Guedes,pt POR,"MF,FW",Wolves,27.0,1996.0,29,10,995,11.1,2,4,6,2,0,0,1,0,3.2,3.2,1.3,4.5,41,40,79,0.18,0.36,0.54,0.18,0.54,0.29,0.11,0.4,0.29,0.4,21,11,14,72,0.1809045226130653,0.3618090452261306
218,Marc Guéhi,eng ENG,DF,Crystal Palace,24.0,2000.0,34,34,3059,34.0,3,2,5,3,0,0,9,1,2.0,2.0,1.8,3.7,22,134,10,0.09,0.06,0.15,0.09,0.15,0.06,0.05,0.11,0.06,0.11,93,55,70,297,0.088264138607388,0.058842759071592
219,Luis Guilherme,br BRA,"MF,FW",West Ham,18.0,2006.0,12,1,150,1.7,0,0,0,0,0,0,0,0,0.4,0.4,0.1,0.5,4,5,16,0.0,0.0,0.0,0.0,0.0,0.25,0.05,0.3,0.25,0.3,3,2,2,11,0.0,0.0
220,Bruno Guimarães,br BRA,MF,Newcastle Utd,26.0,1997.0,38,38,3271,36.3,5,6,11,5,0,0,7,0,4.3,4.3,6.1,10.4,64,271,96,0.14,0.17,0.3,0.14,0.3,0.12,0.17,0.29,0.12,0.29,64,34,40,219,0.1375726077652094,0.1650871293182512
221,Marc Guiu,es ESP,FW,Chelsea,18.0,2006.0,3,0,73,0.8,0,0,0,0,0,0,0,0,0.0,0.0,0.0,0.0,0,0,3,0.0,0.0,0.0,0.0,0.0,0.0,0.04,0.04,0.0,0.04,1,0,1,3,0.0,0.0
222,İlkay Gündoğan,de GER,MF,Manchester City,33.0,1990.0,33,25,2223,24.7,1,6,7,1,0,0,1,0,3.2,3.2,3.5,6.7,64,127,96,0.04,0.24,0.28,0.04,0.28,0.13,0.14,0.27,0.13,0.27,43,23,27,147,0.0404858299595141,0.242914979757085
223,Malo Gusto,fr FRA,DF,Chelsea,21.0,2003.0,32,19,1862,20.7,0,1,1,0,0,0,4,0,1.7,1.7,1.4,3.1,50,119,85,0.0,0.05,0.05,0.0,0.05,0.08,0.07,0.15,0.08,0.15,54,32,39,173,0.0,0.0483351235230934
224,Joško Gvardiol,hr CRO,DF,Manchester City,22.0,2002.0,37,36,3277,36.4,5,0,5,5,0,0,2,0,4.6,4.3,2.1,6.3,91,264,121,0.14,0.0,0.14,0.14,0.14,0.13,0.06,0.18,0.12,0.17,87,51,60,277,0.137320720170888,0.0
225,Erling Haaland,no NOR,FW,Manchester City,24.0,2000.0,31,31,2736,30.4,22,3,25,19,3,4,2,0,22.0,18.8,3.0,21.8,24,20,124,0.72,0.1,0.82,0.62,0.72,0.72,0.1,0.82,0.62,0.72,26,12,16,101,0.7236842105263157,0.0986842105263157
226,Lewis Hall,eng ENG,DF,Newcastle Utd,19.0,2004.0,27,24,2189,24.3,0,4,4,0,0,0,3,0,0.4,0.4,4.3,4.7,41,123,80,0.0,0.16,0.16,0.0,0.16,0.02,0.18,0.19,0.02,0.19,66,39,49,210,0.0,0.1644586569209684
227,Ali Al Hamadi,iq IRQ,FW,Ipswich Town,22.0,2002.0,11,0,134,1.5,0,0,0,0,0,0,3,0,0.4,0.4,0.1,0.4,4,3,14,0.0,0.0,0.0,0.0,0.0,0.24,0.05,0.28,0.24,0.28,1,0,1,4,0.0,0.0
228,Marcus Harness,eng ENG,MF,Ipswich Town,28.0,1996.0,2,0,45,0.5,0,0,0,0,0,0,0,0,0.0,0.0,0.0,0.0,0,2,1,0.0,0.0,0.0,0.0,0.0,0.0,0.0,0.0,0.0,0.0,1,1,1,4,0.0,0.0
229,Jack Harrison,eng ENG,FW,Everton,27.0,1996.0,34,24,2076,23.1,1,0,1,1,0,0,0,0,3.5,3.5,3.7,7.2,73,51,127,0.04,0.0,0.04,0.04,0.04,0.15,0.16,0.31,0.15,0.31,22,10,15,87,0.0433526011560693,0.0
230,Taylor Harwood-Bellis,eng ENG,DF,Southampton,22.0,2002.0,34,32,2825,31.4,1,0,1,1,0,0,9,0,1.8,1.8,1.0,2.8,29,125,9,0.03,0.0,0.03,0.03,0.03,0.06,0.03,0.09,0.06,0.09,60,35,36,191,0.031858407079646,0.0
231,Kai Havertz,de GER,"FW,MF",Arsenal,25.0,1999.0,23,21,1875,20.8,9,3,12,9,0,0,5,0,9.5,9.5,2.4,12.0,35,61,113,0.43,0.14,0.58,0.43,0.58,0.46,0.12,0.57,0.46,0.57,19,8,12,74,0.4319999999999999,0.144
232,Ayden Heaven,eng ENG,DF,Manchester Utd,17.0,2006.0,4,2,170,1.9,0,0,0,0,0,0,1,0,0.1,0.1,0.0,0.2,1,7,1,0.0,0.0,0.0,0.0,0.0,0.07,0.01,0.08,0.07,0.08,5,3,3,15,0.0,0.0
233,Jan Paul van Hecke,nl NED,DF,Brighton,24.0,2000.0,34,33,2958,32.9,1,1,2,1,0,0,8,1,1.3,1.3,1.5,2.8,55,228,5,0.03,0.03,0.06,0.03,0.06,0.04,0.05,0.09,0.04,0.09,86,51,62,274,0.0304259634888438,0.0304259634888438
234,Hwang Hee-chan,kr KOR,"MF,FW",Wolves,28.0,1996.0,21,5,661,7.3,2,0,2,2,0,0,0,0,0.8,0.8,0.1,0.9,15,12,42,0.27,0.0,0.27,0.27,0.27,0.11,0.02,0.13,0.11,0.13,13,7,8,45,0.2723146747352496,0.0
235,Dean Henderson,eng ENG,GK,Crystal Palace,27.0,1997.0,38,38,3420,38.0,0,0,0,0,0,0,3,0,0.0,0.0,0.2,0.2,0,0,0,0.0,0.0,0.0,0.0,0.0,0.0,0.0,0.0,0.0,0.0,4,7,2,124,0.0,0.0
236,Rico Henry,eng ENG,DF,Brentford,27.0,1997.0,5,0,99,1.1,0,0,0,0,0,0,0,0,0.0,0.0,0.0,0.0,0,4,5,0.0,0.0,0.0,0.0,0.0,0.0,0.0,0.0,0.0,0.0,2,1,1,7,0.0,0.0
237,Mads Hermansen,dk DEN,GK,Leicester City,24.0,2000.0,27,27,2385,26.5,0,0,0,0,0,0,1,0,0.0,0.0,0.0,0.0,0,1,0,0.0,0.0,0.0,0.0,0.0,0.0,0.0,0.0,0.0,0.0,3,6,2,103,0.0,0.0
238,Son Heung-min,kr KOR,FW,Tottenham,32.0,1992.0,30,24,2110,23.4,7,9,16,6,1,2,1,0,7.2,5.7,8.2,13.9,96,111,265,0.3,0.38,0.68,0.26,0.64,0.31,0.35,0.66,0.24,0.59,22,10,14,84,0.2985781990521327,0.3838862559241706
239,James Hill,eng ENG,DF,Bournemouth,22.0,2002.0,10,6,448,5.0,0,1,1,0,0,0,1,0,0.3,0.3,0.3,0.6,3,16,8,0.0,0.2,0.2,0.0,0.2,0.06,0.05,0.11,0.06,0.11,10,6,6,32,0.0,0.2008928571428571
240,Jack Hinshelwood,eng ENG,"MF,DF",Brighton,19.0,2005.0,26,22,1842,20.5,5,2,7,5,0,0,5,0,2.7,2.7,1.5,4.2,19,68,54,0.24,0.1,0.34,0.24,0.34,0.13,0.07,0.21,0.13,0.21,43,22,30,146,0.2442996742671009,0.0977198697068403
241,George Hirst,sct SCO,FW,Ipswich Town,25.0,1999.0,26,5,661,7.3,3,1,4,3,0,0,3,0,2.1,2.1,0.3,2.5,9,13,31,0.41,0.14,0.54,0.41,0.54,0.29,0.05,0.34,0.29,0.34,8,3,6,29,0.4084720121028744,0.1361573373676248
242,Mason Holgate,jm JAM,"FW,DF",Everton,27.0,1996.0,1,0,6,0.1,0,0,0,0,0,0,0,0,0.0,0.0,0.0,0.0,0,0,0,0.0,0.0,0.0,0.0,0.0,0.0,0.0,0.0,0.0,0.0,0,0,0,0,0.0,0.0
243,Harry Howell,eng ENG,FW,Brighton,15.0,2008.0,1,0,7,0.1,0,0,0,0,0,0,0,0,0.0,0.0,0.0,0.0,0,0,3,0.0,0.0,0.0,0.0,0.0,0.0,0.0,0.0,0.0,0.0,0,0,0,0,0.0,0.0
244,Callum Hudson-Odoi,eng ENG,"FW,MF",Nott'ham Forest,23.0,2000.0,31,25,2194,24.4,5,2,7,5,0,0,2,0,2.5,2.5,2.7,5.2,130,71,189,0.21,0.08,0.29,0.21,0.29,0.1,0.11,0.21,0.1,0.21,20,9,12,78,0.2051048313582497,0.0820419325432999
245,Will Hughes,eng ENG,MF,Crystal Palace,29.0,1995.0,33,24,2108,23.4,0,3,3,0,0,0,11,0,1.1,1.1,3.1,4.2,20,87,27,0.0,0.13,0.13,0.0,0.13,0.05,0.13,0.18,0.05,0.18,51,27,36,173,0.0,0.1280834914611005
246,Dean Huijsen,es ESP,DF,Bournemouth,19.0,2005.0,32,26,2427,27.0,3,2,5,3,0,0,10,0,1.9,1.9,2.0,3.9,41,132,10,0.11,0.07,0.19,0.11,0.19,0.07,0.08,0.14,0.07,0.14,69,41,49,219,0.111248454882571,0.0741656365883807
247,Omari Hutchinson,eng ENG,"MF,FW",Ipswich Town,20.0,2003.0,31,30,2583,28.7,3,2,5,3,0,0,5,0,2.9,2.9,3.5,6.4,97,75,159,0.1,0.07,0.17,0.1,0.17,0.1,0.12,0.22,0.1,0.22,48,25,29,164,0.1045296167247386,0.0696864111498257
248,Rasmus Højlund,dk DEN,FW,Manchester Utd,21.0,2003.0,32,23,2004,22.3,4,0,4,4,0,0,2,0,5.3,5.3,1.8,7.1,28,18,101,0.18,0.0,0.18,0.18,0.18,0.24,0.08,0.32,0.24,0.32,19,9,12,75,0.1796407185628742,0.0
249,Igor,br BRA,DF,Brighton,26.0,1998.0,13,10,961,10.7,0,0,0,0,0,0,4,0,0.0,0.0,0.2,0.2,9,49,1,0.0,0.0,0.0,0.0,0.0,0.0,0.02,0.02,0.0,0.02,20,12,12,64,0.0,0.0
250,Danny Ings,eng ENG,"FW,MF",West Ham,32.0,1992.0,15,1,284,3.2,1,2,3,1,0,0,0,0,2.3,2.3,1.3,3.5,6,5,29,0.32,0.63,0.95,0.32,0.95,0.72,0.41,1.12,0.72,1.12,2,1,1,9,0.3169014084507042,0.6338028169014085
251,Tim Iroegbunam,eng ENG,MF,Everton,21.0,2003.0,18,5,574,6.4,0,1,1,0,0,0,4,0,0.2,0.2,0.2,0.4,8,15,9,0.0,0.16,0.16,0.0,0.16,0.04,0.03,0.07,0.04,0.07,13,7,9,45,0.0,0.156794425087108
252,Andy Irving,sct SCO,MF,West Ham,24.0,2000.0,10,1,166,1.8,0,0,0,0,0,0,2,0,0.1,0.1,0.2,0.4,0,9,4,0.0,0.0,0.0,0.0,0.0,0.06,0.13,0.19,0.06,0.19,3,2,2,11,0.0,0.0
253,Alexander Isak,se SWE,FW,Newcastle Utd,24.0,1999.0,34,34,2756,30.6,23,6,29,19,4,4,1,0,20.3,17.2,4.3,21.6,83,88,217,0.75,0.2,0.95,0.62,0.82,0.66,0.14,0.81,0.56,0.7,21,9,12,82,0.751088534107402,0.1959361393323657
254,Alex Iwobi,ng NGA,"FW,MF",Fulham,28.0,1996.0,38,35,2981,33.1,9,6,15,9,0,0,1,0,4.7,4.7,7.0,11.8,144,213,246,0.27,0.18,0.45,0.27,0.45,0.14,0.21,0.36,0.14,0.36,37,16,28,143,0.2717208990271721,0.1811472660181147
255,Nicolas Jackson,sn SEN,FW,Chelsea,23.0,2001.0,30,28,2220,24.7,10,5,15,10,0,0,7,1,12.3,12.3,4.3,16.6,47,38,129,0.41,0.2,0.61,0.41,0.61,0.5,0.17,0.67,0.5,0.67,25,11,17,97,0.4054054054054054,0.2027027027027027
256,Reece James,eng ENG,"DF,MF",Chelsea,24.0,1999.0,19,12,1063,11.8,1,1,2,1,0,0,1,0,0.4,0.4,0.7,1.1,7,64,12,0.08,0.08,0.17,0.08,0.17,0.04,0.06,0.1,0.04,0.1,27,16,18,86,0.0846660395108184,0.0846660395108184
257,Vitaly Janelt,de GER,MF,Brentford,26.0,1998.0,32,27,2254,25.0,1,3,4,1,0,0,3,0,0.8,0.8,2.2,3.0,17,80,38,0.04,0.12,0.16,0.04,0.16,0.03,0.09,0.12,0.03,0.12,58,30,43,198,0.0399290150842945,0.1197870452528837
258,Vitezslav Jaros,cz CZE,GK,Liverpool,23.0,2001.0,1,0,12,0.1,0,0,0,0,0,0,0,0,0.0,0.0,0.0,0.0,0,0,0,0.0,0.0,0.0,0.0,0.0,0.0,0.0,0.0,0.0,0.0,0,0,0,0,0.0,0.0
259,Daniel Jebbison,ca CAN,FW,Bournemouth,20.0,2003.0,16,0,119,1.3,1,0,1,1,0,0,1,0,1.0,1.0,0.2,1.2,4,3,16,0.76,0.0,0.76,0.76,0.76,0.75,0.15,0.9,0.75,0.9,1,1,1,5,0.7563025210084033,0.0
260,Mathias Jensen,dk DEN,MF,Brentford,28.0,1996.0,24,8,862,9.6,0,2,2,0,0,0,2,0,0.2,0.2,1.7,1.9,6,61,27,0.0,0.21,0.21,0.0,0.21,0.03,0.17,0.2,0.03,0.2,19,10,13,65,0.0,0.2088167053364269
261,Gabriel Jesus,br BRA,FW,Arsenal,27.0,1997.0,17,6,608,6.8,3,0,3,3,0,0,4,0,3.0,3.0,0.7,3.7,15,19,57,0.44,0.0,0.44,0.44,0.44,0.44,0.1,0.54,0.44,0.54,7,3,5,27,0.444078947368421,0.0
262,Raúl Jiménez,mx MEX,FW,Fulham,33.0,1991.0,38,30,2494,27.7,12,3,15,9,3,3,4,0,12.0,9.6,3.3,12.9,35,62,125,0.43,0.11,0.54,0.32,0.43,0.43,0.12,0.55,0.35,0.47,31,14,23,119,0.4330392943063352,0.1082598235765838
263,Kim Jisoo,kr KOR,DF,Brentford,19.0,2004.0,3,0,30,0.3,0,0,0,0,0,0,0,0,0.0,0.0,0.0,0.0,0,2,0,0.0,0.0,0.0,0.0,0.0,0.0,0.0,0.0,0.0,0.0,1,0,1,2,0.0,0.0
264,João Pedro,br BRA,"FW,MF",Brighton,22.0,2001.0,27,23,1948,21.6,10,6,16,5,5,5,4,1,8.9,5.0,5.0,10.0,66,78,128,0.46,0.28,0.74,0.23,0.51,0.41,0.23,0.64,0.23,0.46,20,9,13,77,0.462012320328542,0.2772073921971252
265,Joelinton,br BRA,"MF,FW",Newcastle Utd,27.0,1996.0,29,29,2393,26.6,4,3,7,4,0,0,10,0,3.9,3.9,2.5,6.4,40,116,110,0.15,0.11,0.26,0.15,0.26,0.15,0.09,0.24,0.15,0.24,51,27,33,175,0.1504387797743418,0.1128290848307563
266,Ben Johnson,eng ENG,"DF,FW",Ipswich Town,24.0,2000.0,23,14,1354,15.0,1,2,3,1,0,0,5,1,1.1,1.1,1.3,2.3,16,27,33,0.07,0.13,0.2,0.07,0.2,0.07,0.09,0.16,0.07,0.16,32,19,20,100,0.0664697193500738,0.1329394387001477
267,Brennan Johnson,wls WAL,FW,Tottenham,23.0,2001.0,33,24,2177,24.2,11,3,14,11,0,0,5,0,10.4,10.4,2.3,12.7,60,71,197,0.45,0.12,0.58,0.45,0.58,0.43,0.09,0.52,0.43,0.52,18,8,10,70,0.4547542489664676,0.1240238860817638
268,Sam Johnstone,eng ENG,GK,Wolves,31.0,1993.0,7,7,630,7.0,0,0,0,0,0,0,0,0,0.0,0.0,0.0,0.0,0,0,0,0.0,0.0,0.0,0.0,0.0,0.0,0.0,0.0,0.0,0.0,1,2,1,27,0.0,0.0
269,Curtis Jones,eng ENG,"MF,DF",Liverpool,23.0,2001.0,33,19,1712,19.0,3,3,6,3,0,0,3,1,4.3,4.3,1.1,5.4,30,117,79,0.16,0.16,0.32,0.16,0.32,0.23,0.06,0.29,0.23,0.29,42,22,30,144,0.1577102803738317,0.1577102803738317
270,Jorginho,it ITA,MF,Arsenal,32.0,1991.0,15,9,704,7.8,0,0,0,0,0,0,5,0,0.1,0.1,0.4,0.5,12,48,6,0.0,0.0,0.0,0.0,0.0,0.01,0.05,0.06,0.01,0.06,14,8,9,50,0.0,0.0
271,Diogo Jota,pt POR,FW,Liverpool,27.0,1996.0,26,14,1196,13.3,6,3,9,6,0,0,2,0,7.9,7.9,1.8,9.8,37,34,88,0.45,0.23,0.68,0.45,0.68,0.6,0.14,0.74,0.6,0.74,13,6,9,50,0.451505016722408,0.225752508361204
272,James Justin,eng ENG,DF,Leicester City,26.0,1998.0,36,34,2912,32.4,2,2,4,2,0,0,6,0,1.5,1.5,0.8,2.3,39,91,96,0.06,0.06,0.12,0.06,0.12,0.05,0.03,0.07,0.05,0.07,62,37,37,199,0.0618131868131868,0.0618131868131868
273,Filip Jørgensen,dk DEN,GK,Chelsea,22.0,2002.0,6,6,540,6.0,0,0,0,0,0,0,0,0,0.0,0.0,0.0,0.0,0,0,0,0.0,0.0,0.0,0.0,0.0,0.0,0.0,0.0,0.0,0.0,1,1,1,26,0.0,0.0
274,Ferdi Kadioglu,tr TUR,"DF,MF",Brighton,24.0,1999.0,6,5,385,4.3,1,0,1,1,0,0,1,0,0.4,0.4,0.2,0.6,1,15,27,0.23,0.0,0.23,0.23,0.23,0.1,0.04,0.14,0.1,0.14,8,4,5,24,0.2337662337662337,0.0
275,Daichi Kamada,jp JPN,MF,Crystal Palace,27.0,1996.0,34,15,1564,17.4,0,0,0,0,0,0,4,1,1.1,1.1,1.9,3.0,25,89,56,0.0,0.0,0.0,0.0,0.0,0.06,0.11,0.17,0.06,0.17,33,17,21,111,0.0,0.0
276,Boubacar Kamara,fr FRA,MF,Aston Villa,24.0,1999.0,26,20,1726,19.2,1,0,1,1,0,0,2,0,0.8,0.8,0.9,1.7,19,85,7,0.05,0.0,0.05,0.05,0.05,0.04,0.05,0.09,0.04,0.09,45,24,33,153,0.0521436848203939,0.0
277,Joachim Kayi Sanda,fr FRA,DF,Southampton,17.0,2006.0,2,0,14,0.2,0,0,0,0,0,0,0,0,0.0,0.0,0.0,0.0,0,1,0,0.0,0.0,0.0,0.0,0.0,0.0,0.0,0.0,0.0,0.0,0,0,0,1,0.0,0.0
278,Michael Kayode,it ITA,DF,Brentford,20.0,2004.0,12,6,528,5.9,0,1,1,0,0,0,2,0,0.2,0.2,1.2,1.5,12,12,24,0.0,0.17,0.17,0.0,0.17,0.04,0.21,0.25,0.04,0.25,13,7,8,40,0.0,0.1704545454545454
279,Michael Keane,eng ENG,DF,Everton,31.0,1993.0,14,11,1049,11.7,3,0,3,3,0,0,5,0,0.6,0.6,0.1,0.7,1,14,3,0.26,0.0,0.26,0.26,0.26,0.05,0.01,0.06,0.05,0.06,29,17,21,94,0.2573879885605338,0.0
280,Caoimhín Kelleher,ie IRL,GK,Liverpool,25.0,1998.0,10,10,900,10.0,0,0,0,0,0,0,0,0,0.0,0.0,0.0,0.0,0,0,0,0.0,0.0,0.0,0.0,0.0,0.0,0.0,0.0,0.0,0.0,1,2,1,36,0.0,0.0
281,Lloyd Kelly,eng ENG,DF,Newcastle Utd,25.0,1998.0,10,4,303,3.4,0,1,1,0,0,0,2,0,0.4,0.4,0.5,0.9,0,9,5,0.0,0.3,0.3,0.0,0.3,0.12,0.14,0.26,0.12,0.26,9,5,6,27,0.0,0.297029702970297
282,Milos Kerkez,hu HUN,DF,Bournemouth,20.0,2003.0,38,38,3336,37.1,2,5,7,2,0,0,4,0,0.6,0.5,3.9,4.4,106,159,197,0.05,0.13,0.19,0.05,0.19,0.02,0.1,0.12,0.01,0.12,94,56,67,300,0.0539568345323741,0.1348920863309352
283,Bilal El Khannouss,ma MAR,"MF,FW",Leicester City,20.0,2004.0,32,27,2182,24.2,2,3,5,2,0,0,4,0,1.3,1.3,4.6,5.8,73,128,89,0.08,0.12,0.21,0.08,0.21,0.05,0.19,0.24,0.05,0.24,48,25,32,165,0.0824931255728689,0.1237396883593033
284,Abdukodir Khusanov,uz UZB,DF,Manchester City,20.0,2004.0,6,6,503,5.6,0,0,0,0,0,0,1,0,0.0,0.0,0.1,0.1,1,25,2,0.0,0.0,0.0,0.0,0.0,0.0,0.02,0.02,0.0,0.02,10,6,6,33,0.0,0.0
285,Max Kilman,eng ENG,DF,West Ham,27.0,1997.0,38,38,3348,37.2,0,1,1,0,0,0,5,0,1.6,1.6,1.2,2.8,31,113,6,0.0,0.03,0.03,0.0,0.03,0.04,0.03,0.08,0.04,0.08,78,46,49,249,0.0,0.0268817204301075
286,Joshua King,eng ENG,MF,Fulham,17.0,2007.0,8,1,130,1.4,0,0,0,0,0,0,0,0,0.3,0.3,0.4,0.7,3,9,16,0.0,0.0,0.0,0.0,0.0,0.22,0.3,0.51,0.22,0.51,2,1,1,7,0.0,0.0
287,Tom King,wls WAL,GK,Wolves,29.0,1995.0,1,0,1,0.0,0,0,0,0,0,0,0,0,0.0,0.0,0.0,0.0,0,0,0,0.0,0.0,0.0,0.0,0.0,0.0,0.0,0.0,0.0,0.0,0,0,0,0,0.0,0.0
288,Antonín Kinský,cz CZE,GK,Tottenham,21.0,2003.0,6,6,540,6.0,0,0,0,0,0,0,0,0,0.0,0.0,0.1,0.1,1,1,0,0.0,0.0,0.0,0.0,0.0,0.0,0.01,0.01,0.0,0.01,1,1,1,18,0.0,0.0
289,Jakub Kiwior,pl POL,DF,Arsenal,24.0,2000.0,17,10,1122,12.5,1,0,1,1,0,0,1,0,0.2,0.2,0.3,0.5,5,48,1,0.08,0.0,0.08,0.08,0.08,0.01,0.03,0.04,0.01,0.04,21,12,12,67,0.0802139037433155,0.0
290,Justin Kluivert,nl NED,MF,Bournemouth,25.0,1999.0,34,29,2340,26.0,12,6,18,6,6,6,8,0,10.3,5.6,4.8,10.5,81,105,173,0.46,0.23,0.69,0.23,0.46,0.4,0.19,0.58,0.22,0.4,42,22,25,145,0.4615384615384615,0.2307692307692307
291,Ibrahima Konaté,fr FRA,DF,Liverpool,25.0,1999.0,31,30,2560,28.4,1,2,3,1,0,0,5,0,1.7,1.7,1.0,2.7,25,115,3,0.04,0.07,0.11,0.04,0.11,0.06,0.03,0.1,0.06,0.1,75,44,55,238,0.03515625,0.0703125
292,Ezri Konsa,eng ENG,DF,Aston Villa,26.0,1997.0,34,33,2936,32.6,2,0,2,2,0,0,1,0,1.3,1.3,0.4,1.7,24,90,11,0.06,0.0,0.06,0.06,0.06,0.04,0.01,0.05,0.04,0.05,60,35,35,191,0.0613079019073569,0.0
293,Mateo Kovačić,hr CRO,MF,Manchester City,30.0,1994.0,31,25,2198,24.4,6,2,8,6,0,0,5,1,1.9,1.9,3.6,5.5,56,164,16,0.25,0.08,0.33,0.25,0.33,0.08,0.15,0.23,0.08,0.23,44,23,28,152,0.2456778889899909,0.0818926296633303
294,Caleb Kporha,eng ENG,DF,Crystal Palace,18.0,2006.0,2,0,13,0.1,0,0,0,0,0,0,0,0,0.0,0.0,0.0,0.0,1,0,0,0.0,0.0,0.0,0.0,0.0,0.0,0.0,0.0,0.0,0.0,0,0,0,1,0.0,0.0
295,Emil Krafth,se SWE,DF,Newcastle Utd,29.0,1994.0,12,2,342,3.8,0,0,0,0,0,0,2,0,0.0,0.0,0.1,0.1,5,8,3,0.0,0.0,0.0,0.0,0.0,0.01,0.02,0.03,0.01,0.03,7,4,4,23,0.0,0.0
296,Mohammed Kudus,gh GHA,"FW,MF",West Ham,23.0,2000.0,32,31,2590,28.8,5,3,8,5,0,0,2,1,6.9,6.9,3.1,10.0,98,79,216,0.17,0.1,0.28,0.17,0.28,0.24,0.11,0.35,0.24,0.35,25,11,16,99,0.1737451737451737,0.1042471042471042
297,Dejan Kulusevski,se SWE,"MF,FW",Tottenham,24.0,2000.0,32,27,2389,26.5,7,4,11,7,0,0,3,0,4.2,4.2,6.2,10.4,120,124,210,0.26,0.15,0.41,0.26,0.41,0.16,0.23,0.39,0.16,0.39,59,31,42,201,0.2637086647132691,0.1506906655504395
298,Maxence Lacroix,fr FRA,DF,Crystal Palace,24.0,2000.0,35,35,3116,34.6,1,1,2,1,0,0,5,0,3.4,3.4,1.0,4.4,8,65,7,0.03,0.03,0.06,0.03,0.06,0.1,0.03,0.13,0.1,0.13,76,45,49,241,0.0288831835686777,0.0288831835686777
299,Adam Lallana,eng ENG,MF,Southampton,36.0,1988.0,14,5,361,4.0,0,2,2,0,0,0,4,0,0.2,0.2,0.9,1.1,6,24,10,0.0,0.5,0.5,0.0,0.5,0.04,0.23,0.27,0.04,0.27,6,3,3,21,0.0,0.4986149584487535
300,Tariq Lamptey,gh GHA,DF,Brighton,23.0,2000.0,15,10,860,9.6,2,2,4,2,0,0,0,0,0.4,0.4,0.8,1.2,32,14,45,0.21,0.21,0.42,0.21,0.42,0.04,0.08,0.12,0.04,0.12,20,12,12,62,0.2093023255813953,0.2093023255813953
301,Will Lankshear,eng ENG,"FW,MF",Tottenham,19.0,2005.0,3,0,11,0.1,0,0,0,0,0,0,0,0,0.0,0.0,0.0,0.0,0,0,1,0.0,0.0,0.0,0.0,0.0,0.0,0.0,0.0,0.0,0.0,0,0,0,0,0.0,0.0
302,Roméo Lavia,be BEL,MF,Chelsea,20.0,2004.0,16,11,797,8.9,0,1,1,0,0,0,4,0,0.3,0.3,0.7,1.0,3,31,7,0.0,0.11,0.11,0.0,0.11,0.03,0.08,0.11,0.03,0.11,13,7,7,45,0.0,0.1129234629861982
303,Mario Lemina,ga GAB,"MF,DF",Wolves,30.0,1993.0,17,15,1364,15.2,1,3,4,1,0,0,4,0,1.4,1.4,1.1,2.5,8,48,21,0.07,0.2,0.26,0.07,0.26,0.09,0.07,0.17,0.09,0.17,31,16,21,105,0.0659824046920821,0.1979472140762463
304,Bernd Leno,de GER,GK,Fulham,32.0,1992.0,38,38,3420,38.0,0,1,1,0,0,0,5,0,0.0,0.0,0.1,0.1,0,0,0,0.0,0.03,0.03,0.0,0.03,0.0,0.0,0.0,0.0,0.0,3,6,2,104,0.0,0.0263157894736842
305,Jefferson Lerma,co COL,"MF,DF",Crystal Palace,29.0,1994.0,33,26,2274,25.3,0,1,1,0,0,0,9,0,1.1,1.1,1.6,2.7,13,97,26,0.0,0.04,0.04,0.0,0.04,0.04,0.06,0.11,0.04,0.11,38,20,21,129,0.0,0.0395778364116095
306,Rico Lewis,eng ENG,"DF,MF",Manchester City,19.0,2004.0,28,21,1893,21.0,1,2,3,1,0,0,5,1,1.4,1.4,0.3,1.7,39,107,78,0.05,0.1,0.14,0.05,0.14,0.07,0.02,0.08,0.07,0.08,56,33,41,177,0.0475435816164817,0.0950871632329635
307,Keane Lewis-Potter,eng ENG,"DF,FW",Brentford,23.0,2001.0,38,36,3093,34.4,1,3,4,1,0,0,7,0,3.1,3.1,3.2,6.3,98,98,156,0.03,0.09,0.12,0.03,0.12,0.09,0.09,0.18,0.09,0.18,62,37,36,198,0.02909796314258,0.08729388942774
308,Myles Lewis-Skelly,eng ENG,DF,Arsenal,17.0,2006.0,23,15,1369,15.2,1,0,1,1,0,0,3,2,0.2,0.2,0.4,0.6,37,71,37,0.07,0.0,0.07,0.07,0.07,0.01,0.03,0.04,0.01,0.04,37,22,26,119,0.0657414170927684,0.0
309,Matthijs de Ligt,nl NED,DF,Manchester Utd,24.0,1999.0,29,25,2123,23.6,2,0,2,2,0,0,3,0,2.5,2.5,0.3,2.8,7,55,6,0.08,0.0,0.08,0.08,0.08,0.1,0.01,0.12,0.1,0.12,39,23,21,124,0.0847856806406029,0.0
310,Pedro Lima,br BRA,DF,Wolves,18.0,2006.0,3,1,70,0.8,0,0,0,0,0,0,0,0,0.1,0.1,0.1,0.1,4,4,11,0.0,0.0,0.0,0.0,0.0,0.07,0.09,0.16,0.07,0.16,2,1,1,7,0.0,0.0
311,Victor Lindelöf,se SWE,DF,Manchester Utd,30.0,1994.0,16,6,704,7.8,0,0,0,0,0,0,1,0,0.0,0.0,0.1,0.1,5,26,4,0.0,0.0,0.0,0.0,0.0,0.0,0.01,0.01,0.0,0.01,18,11,12,58,0.0,0.0
312,Jesper Lindstrøm,dk DEN,FW,Everton,24.0,2000.0,25,15,1239,13.8,0,1,1,0,0,0,2,0,2.1,2.1,2.0,4.1,30,25,81,0.0,0.07,0.07,0.0,0.07,0.15,0.15,0.3,0.15,0.3,13,6,9,51,0.0,0.072639225181598
313,Valentino Livramento,eng ENG,DF,Newcastle Utd,21.0,2002.0,37,32,2840,31.6,0,1,1,0,0,0,1,0,0.3,0.3,2.6,2.9,83,158,119,0.0,0.03,0.03,0.0,0.03,0.01,0.08,0.09,0.01,0.09,75,44,51,239,0.0,0.0316901408450704
314,Sean Longstaff,eng ENG,MF,Newcastle Utd,26.0,1997.0,25,8,798,8.9,0,0,0,0,0,0,2,0,0.6,0.6,0.2,0.8,4,40,22,0.0,0.0,0.0,0.0,0.0,0.07,0.02,0.09,0.07,0.09,15,8,9,50,0.0,0.0
315,Saša Lukić,rs SRB,MF,Fulham,27.0,1996.0,30,28,2344,26.0,0,2,2,0,0,0,12,0,1.2,1.2,2.7,3.9,39,98,33,0.0,0.08,0.08,0.0,0.08,0.04,0.11,0.15,0.04,0.15,55,29,38,187,0.0,0.0767918088737201
316,Joe Lumley,eng ENG,GK,Southampton,29.0,1995.0,3,3,270,3.0,0,0,0,0,0,0,0,0,0.0,0.0,0.0,0.0,0,0,0,0.0,0.0,0.0,0.0,0.0,0.0,0.0,0.0,0.0,0.0,0,1,0,12,0.0,0.0
317,Massimo Luongo,au AUS,MF,Ipswich Town,31.0,1992.0,11,2,201,2.2,0,0,0,0,0,0,0,0,0.0,0.0,0.0,0.0,0,6,1,0.0,0.0,0.0,0.0,0.0,0.0,0.0,0.0,0.0,0.0,5,3,4,17,0.0,0.0
318,Ian Maatsen,nl NED,DF,Aston Villa,22.0,2002.0,29,10,1139,12.7,1,2,3,1,0,0,2,0,0.9,0.9,2.7,3.6,31,50,104,0.08,0.16,0.24,0.08,0.24,0.07,0.22,0.28,0.07,0.28,22,13,12,69,0.0790166812993854,0.1580333625987708
319,Alexis Mac Allister,ar ARG,MF,Liverpool,25.0,1998.0,35,30,2599,28.9,5,5,10,5,0,0,6,0,2.8,2.8,4.7,7.5,36,177,80,0.17,0.17,0.35,0.17,0.35,0.1,0.16,0.26,0.1,0.26,43,23,24,147,0.1731435167372066,0.1731435167372066
320,James Maddison,eng ENG,MF,Tottenham,27.0,1996.0,31,21,1809,20.1,9,7,16,9,0,0,6,0,5.8,5.8,4.2,10.0,45,164,95,0.45,0.35,0.8,0.45,0.8,0.29,0.21,0.5,0.29,0.5,38,20,25,129,0.4477611940298507,0.3482587064676617
321,Noni Madueke,eng ENG,FW,Chelsea,22.0,2002.0,32,27,2033,22.6,7,3,10,7,0,0,3,0,9.6,9.6,4.2,13.9,154,69,226,0.31,0.13,0.44,0.31,0.44,0.43,0.19,0.61,0.43,0.61,23,10,16,88,0.3098868666994589,0.1328086571569109
322,Gabriel Magalhães,br BRA,DF,Arsenal,26.0,1997.0,28,28,2363,26.3,3,1,4,3,0,0,4,0,2.6,2.6,0.9,3.5,10,126,11,0.11,0.04,0.15,0.11,0.15,0.1,0.03,0.13,0.1,0.13,44,26,24,140,0.1142615319509098,0.0380871773169699
323,Edmond-Paris Maghoma,eng ENG,"MF,FW",Brentford,23.0,2001.0,8,0,119,1.3,0,0,0,0,0,0,0,0,0.1,0.1,0.1,0.2,4,13,4,0.0,0.0,0.0,0.0,0.0,0.09,0.08,0.17,0.09,0.17,3,1,2,9,0.0,0.0
324,Harry Maguire,eng ENG,DF,Manchester Utd,31.0,1993.0,27,19,1758,19.5,1,0,1,1,0,0,7,0,1.8,1.8,0.6,2.4,7,51,7,0.05,0.0,0.05,0.05,0.05,0.09,0.03,0.12,0.09,0.12,51,30,37,162,0.0511945392491467,0.0
325,Kobbie Mainoo,eng ENG,MF,Manchester Utd,19.0,2005.0,25,19,1651,18.3,0,0,0,0,0,0,5,0,0.7,0.7,1.6,2.3,22,65,47,0.0,0.0,0.0,0.0,0.0,0.04,0.09,0.12,0.04,0.12,29,16,17,101,0.0,0.0
326,Tyrell Malacia,nl NED,DF,Manchester Utd,24.0,1999.0,3,2,100,1.1,0,0,0,0,0,0,1,0,0.0,0.0,0.0,0.0,3,3,6,0.0,0.0,0.0,0.0,0.0,0.0,0.03,0.03,0.0,0.03,3,2,2,8,0.0,0.0
327,Donyell Malen,nl NED,FW,Aston Villa,25.0,1999.0,14,2,305,3.4,3,0,3,3,0,0,0,0,2.2,2.2,0.2,2.4,12,6,30,0.89,0.0,0.89,0.89,0.89,0.64,0.05,0.69,0.64,0.69,3,1,2,12,0.8852459016393444,0.0
328,Mateus Mane,0,MF,Wolves,0.0,0.0,1,0,2,0.0,0,0,0,0,0,0,0,0,0.0,0.0,0.0,0.0,0,0,0,0.0,0.0,0.0,0.0,0.0,0.0,0.0,0.0,0.0,0.0,0,0,0,0,0.0,0.0
329,Orel Mangala,be BEL,MF,Everton,26.0,1998.0,19,14,1261,14.0,1,0,1,1,0,0,2,0,1.1,1.1,0.6,1.8,6,34,19,0.07,0.0,0.07,0.07,0.07,0.08,0.05,0.13,0.08,0.13,24,13,15,81,0.0713719270420301,0.0
330,Ryan Manning,ie IRL,"DF,MF",Southampton,28.0,1996.0,24,18,1462,16.2,0,1,1,0,0,0,2,0,0.3,0.3,3.2,3.6,14,35,74,0.0,0.06,0.06,0.0,0.06,0.02,0.2,0.22,0.02,0.22,44,26,33,139,0.0,0.0615595075239398
331,Solly March,eng ENG,"FW,MF",Brighton,30.0,1994.0,8,1,168,1.9,0,0,0,0,0,0,2,0,0.1,0.1,0.3,0.4,5,2,20,0.0,0.0,0.0,0.0,0.0,0.05,0.15,0.19,0.05,0.19,2,1,1,6,0.0,0.0
332,Omar Marmoush,eg EGY,"FW,MF",Manchester City,25.0,1999.0,16,14,1175,13.1,7,0,7,7,0,0,0,0,5.5,5.5,2.8,8.3,29,37,78,0.54,0.0,0.54,0.54,0.54,0.42,0.21,0.64,0.42,0.64,10,4,6,39,0.5361702127659574,0.0
333,Gabriel Martinelli,br BRA,"FW,MF",Arsenal,23.0,2001.0,33,25,2290,25.4,8,4,12,8,0,0,1,0,7.4,7.4,5.0,12.4,124,52,289,0.31,0.16,0.47,0.31,0.47,0.29,0.19,0.49,0.29,0.49,28,12,21,107,0.314410480349345,0.1572052401746725
334,Emiliano Martínez,ar ARG,GK,Aston Villa,31.0,1992.0,37,37,3194,35.5,0,0,0,0,0,0,5,1,0.0,0.0,0.5,0.5,0,4,0,0.0,0.0,0.0,0.0,0.0,0.0,0.02,0.02,0.0,0.02,4,9,3,151,0.0,0.0
335,Lisandro Martínez,ar ARG,DF,Manchester Utd,26.0,1998.0,20,20,1751,19.5,2,1,3,2,0,0,7,0,1.3,1.3,1.1,2.4,23,117,7,0.1,0.05,0.15,0.1,0.15,0.07,0.06,0.13,0.07,0.13,39,23,24,123,0.1027984009137635,0.0513992004568817
336,Pape Matar Sarr,sn SEN,MF,Tottenham,21.0,2002.0,36,22,1913,21.3,3,2,5,3,0,0,6,0,3.7,3.7,1.6,5.3,33,88,53,0.14,0.09,0.24,0.14,0.24,0.17,0.08,0.25,0.17,0.25,35,18,21,120,0.1411395713538944,0.0940930475692629
337,Jean-Philippe Mateta,fr FRA,FW,Crystal Palace,27.0,1997.0,37,33,2648,29.4,14,2,16,12,2,2,2,0,13.5,11.9,3.2,15.1,45,52,122,0.48,0.07,0.54,0.41,0.48,0.46,0.11,0.57,0.41,0.51,27,12,18,106,0.4758308157099698,0.0679758308157099
338,Stephy Mavididi,eng ENG,FW,Leicester City,26.0,1998.0,30,16,1615,17.9,4,1,5,4,0,0,2,0,1.8,1.8,2.6,4.4,91,57,138,0.22,0.06,0.28,0.22,0.28,0.1,0.15,0.25,0.1,0.25,19,9,14,76,0.2229102167182662,0.0557275541795665
339,Konstantinos Mavropanos,gr GRE,DF,West Ham,26.0,1997.0,33,21,2045,22.7,0,0,0,0,0,0,6,1,1.5,1.5,0.5,2.0,17,61,2,0.0,0.0,0.0,0.0,0.0,0.07,0.02,0.09,0.07,0.09,55,32,38,175,0.0,0.0
340,Noussair Mazraoui,ma MAR,DF,Manchester Utd,26.0,1997.0,37,34,2838,31.5,0,1,1,0,0,0,3,0,0.7,0.7,1.5,2.2,42,115,58,0.0,0.03,0.03,0.0,0.03,0.02,0.05,0.07,0.02,0.07,78,46,54,247,0.0,0.0317124735729386
341,Bryan Mbeumo,cm CMR,FW,Brentford,24.0,1999.0,38,38,3414,37.9,20,7,27,15,5,6,3,0,12.3,7.5,8.3,15.9,130,141,351,0.53,0.18,0.71,0.4,0.58,0.32,0.22,0.54,0.2,0.42,39,17,28,151,0.5272407732864675,0.1845342706502636
342,James Mcatee,eng ENG,"MF,FW",Manchester City,21.0,2002.0,15,3,349,3.9,3,0,3,3,0,0,1,0,2.8,2.8,0.5,3.3,7,7,32,0.77,0.0,0.77,0.77,0.77,0.72,0.13,0.85,0.72,0.85,8,4,5,26,0.7736389684813754,0.0
343,Kasey McAteer,ie IRL,FW,Leicester City,22.0,2001.0,18,9,852,9.5,1,1,2,1,0,0,3,0,1.0,1.0,0.7,1.7,19,14,71,0.11,0.11,0.21,0.11,0.21,0.11,0.08,0.18,0.11,0.18,7,3,4,26,0.1056338028169014,0.1056338028169014
344,Alex McCarthy,eng ENG,GK,Southampton,34.0,1989.0,5,5,450,5.0,0,0,0,0,0,0,0,0,0.0,0.0,0.0,0.0,0,0,0,0.0,0.0,0.0,0.0,0.0,0.0,0.0,0.0,0.0,0.0,0,1,0,17,0.0,0.0
345,John McGinn,sct SCO,"MF,FW",Aston Villa,29.0,1994.0,34,27,2223,24.7,1,4,5,1,0,0,7,0,3.1,2.8,3.5,6.3,32,103,87,0.04,0.16,0.2,0.04,0.2,0.13,0.14,0.27,0.11,0.26,58,30,43,198,0.0404858299595141,0.1619433198380566
346,Dwight McNeil,eng ENG,"MF,FW",Everton,24.0,1999.0,21,15,1371,15.2,4,6,10,4,0,0,1,0,1.1,1.1,5.2,6.3,38,69,80,0.26,0.39,0.66,0.26,0.66,0.07,0.34,0.41,0.07,0.41,33,17,23,111,0.2625820568927789,0.3938730853391685
347,Scott McTominay,sct SCO,MF,Manchester Utd,27.0,1996.0,2,0,19,0.2,0,0,0,0,0,0,0,0,0.1,0.1,0.0,0.1,0,1,2,0.0,0.0,0.0,0.0,0.0,0.33,0.0,0.33,0.33,0.33,0,0,0,1,0.0,0.0
348,Ben Mee,eng ENG,DF,Brentford,34.0,1989.0,7,2,183,2.0,0,0,0,0,0,0,2,0,0.0,0.0,0.0,0.0,3,11,2,0.0,0.0,0.0,0.0,0.0,0.0,0.0,0.0,0.0,0.0,4,2,2,12,0.0,0.0
349,Jayden Meghoma,eng ENG,DF,Brentford,18.0,2006.0,1,0,5,0.1,0,0,0,0,0,0,0,0,0.0,0.0,0.0,0.0,0,0,0,0.0,0.0,0.0,0.0,0.0,0.0,0.0,0.0,0.0,0.0,0,0,0,0,0.0,0.0
350,Mikel Merino,es ESP,"MF,FW",Arsenal,28.0,1996.0,28,17,1586,17.6,7,2,9,7,0,0,4,1,5.9,5.9,2.0,7.9,11,69,94,0.4,0.11,0.51,0.4,0.51,0.34,0.11,0.45,0.34,0.45,38,20,27,130,0.3972257250945776,0.1134930643127364
351,Shumaira Mheuka,eng ENG,MF,Chelsea,16.0,2007.0,1,0,1,0.0,0,0,0,0,0,0,0,0,0.1,0.1,0.0,0.1,0,0,0,0.0,0.0,0.0,0.0,0.0,5.06,0.0,5.06,5.06,5.06,0,0,0,0,0.0,0.0
352,Nikola Milenković,rs SRB,DF,Nott'ham Forest,26.0,1997.0,37,37,3330,37.0,5,2,7,5,0,0,4,0,4.0,4.0,1.1,5.1,3,51,6,0.14,0.05,0.19,0.14,0.19,0.11,0.03,0.14,0.11,0.14,64,38,36,204,0.1351351351351351,0.054054054054054
353,Lewis Miley,eng ENG,MF,Newcastle Utd,18.0,2006.0,14,1,313,3.5,1,0,1,1,0,0,0,0,0.5,0.5,0.0,0.6,2,17,8,0.29,0.0,0.29,0.29,0.29,0.16,0.01,0.16,0.16,0.16,8,4,6,26,0.2875399361022364,0.0
354,James Milner,eng ENG,MF,Brighton,38.0,1986.0,4,3,170,1.9,0,0,0,0,0,0,1,0,0.2,0.2,0.2,0.4,1,10,10,0.0,0.0,0.0,0.0,0.0,0.09,0.12,0.21,0.09,0.21,4,2,3,15,0.0,0.0
355,Tyrone Mings,eng ENG,DF,Aston Villa,31.0,1993.0,14,12,1120,12.4,0,0,0,0,0,0,1,0,0.8,0.8,0.2,1.0,7,40,1,0.0,0.0,0.0,0.0,0.0,0.07,0.02,0.08,0.07,0.08,33,19,24,105,0.0,0.0
356,Yankuba Minteh,gm GAM,"FW,MF",Brighton,20.0,2004.0,32,20,1838,20.4,6,4,10,6,0,0,6,0,4.1,4.1,5.0,9.1,90,48,201,0.29,0.2,0.49,0.29,0.49,0.2,0.24,0.44,0.2,0.44,21,9,15,80,0.2937976060935799,0.1958650707290533
357,Tyrick Mitchell,eng ENG,DF,Crystal Palace,24.0,1999.0,37,37,3092,34.4,0,5,5,0,0,0,2,0,1.3,1.3,6.4,7.7,63,70,171,0.0,0.15,0.15,0.0,0.15,0.04,0.19,0.22,0.04,0.22,94,56,70,299,0.0,0.1455368693402328
358,Kaoru Mitoma,jp JPN,"FW,MF",Brighton,27.0,1997.0,36,28,2603,28.9,10,4,14,10,0,0,1,0,9.2,9.2,4.6,13.8,146,89,291,0.35,0.14,0.48,0.35,0.48,0.32,0.16,0.48,0.32,0.48,26,11,17,100,0.3457548981943911,0.1383019592777564
359,Jakub Moder,pl POL,MF,Brighton,25.0,1999.0,4,0,11,0.1,0,0,0,0,0,0,0,0,0.0,0.0,0.2,0.2,2,4,0,0.0,0.0,0.0,0.0,0.0,0.0,1.45,1.45,0.0,1.45,0,0,0,1,0.0,0.0
360,Jeremy Monga,0,"FW,MF",Leicester City,0.0,0.0,7,0,112,1.2,0,0,0,0,0,0,0,0,0.2,0.2,0.0,0.2,6,3,10,0.0,0.0,0.0,0.0,0.0,0.13,0.01,0.14,0.13,0.14,1,0,1,4,0.0,0.0
361,Mikey Moore,eng ENG,FW,Tottenham,16.0,2007.0,10,3,366,4.1,0,1,1,0,0,0,0,0,0.2,0.2,0.3,0.5,12,9,40,0.0,0.25,0.25,0.0,0.25,0.05,0.08,0.13,0.05,0.13,3,1,2,12,0.0,0.2459016393442623
362,Morato,br BRA,DF,Nott'ham Forest,23.0,2001.0,26,6,907,10.1,0,0,0,0,0,0,5,0,0.2,0.2,0.0,0.2,1,19,1,0.0,0.0,0.0,0.0,0.0,0.02,0.0,0.02,0.02,0.02,25,15,17,79,0.0,0.0
363,Álex Moreno,es ESP,"DF,MF",Nott'ham Forest,31.0,1993.0,15,11,955,10.6,0,1,1,0,0,0,2,0,0.2,0.2,1.3,1.4,26,34,34,0.0,0.09,0.09,0.0,0.09,0.02,0.12,0.13,0.02,0.13,25,15,17,80,0.0,0.0942408376963351
364,Sam Morsy,eg EGY,MF,Ipswich Town,32.0,1991.0,33,31,2751,30.6,1,1,2,1,0,0,10,0,0.4,0.4,1.2,1.6,22,120,13,0.03,0.03,0.07,0.03,0.07,0.01,0.04,0.05,0.01,0.05,61,32,41,210,0.0327153762268266,0.0327153762268266
365,Yerson Mosquera,co COL,DF,Wolves,23.0,2001.0,5,5,441,4.9,0,0,0,0,0,0,2,0,0.3,0.3,0.1,0.4,0,7,0,0.0,0.0,0.0,0.0,0.0,0.07,0.02,0.09,0.07,0.09,11,7,7,35,0.0,0.0
366,Mason Mount,eng ENG,MF,Manchester Utd,25.0,1999.0,17,8,622,6.9,1,0,1,1,0,0,3,0,3.2,3.2,0.6,3.8,15,33,41,0.14,0.0,0.14,0.14,0.14,0.47,0.08,0.55,0.47,0.55,16,9,12,56,0.1446945337620578,0.0
367,Divin Mubama,eng ENG,FW,Manchester City,19.0,2004.0,1,0,28,0.3,0,0,0,0,0,0,0,0,0.0,0.0,0.0,0.0,0,1,0,0.0,0.0,0.0,0.0,0.0,0.12,0.0,0.12,0.12,0.12,0,0,0,1,0.0,0.0
368,Mykhailo Mudryk,ua UKR,FW,Chelsea,23.0,2001.0,7,1,151,1.7,0,0,0,0,0,0,0,0,0.3,0.3,1.0,1.2,7,5,12,0.0,0.0,0.0,0.0,0.0,0.15,0.58,0.73,0.15,0.73,1,1,1,6,0.0,0.0
369,Marshall Munetsi,zw ZIM,"MF,FW",Wolves,28.0,1996.0,14,12,1078,12.0,2,1,3,2,0,0,0,0,3.3,3.3,1.8,5.1,9,10,35,0.17,0.08,0.25,0.17,0.25,0.28,0.15,0.42,0.28,0.42,22,12,14,77,0.1669758812615955,0.0834879406307977
370,Rodrigo Muniz,br BRA,FW,Fulham,23.0,2001.0,31,8,964,10.7,8,1,9,8,0,0,1,0,5.8,5.8,0.7,6.5,6,27,31,0.75,0.09,0.84,0.75,0.84,0.54,0.07,0.61,0.54,0.61,10,4,7,39,0.7468879668049793,0.0933609958506224
371,Daniel Muñoz,co COL,DF,Crystal Palace,28.0,1996.0,37,37,3228,35.9,4,5,9,4,0,0,10,0,4.9,4.9,5.5,10.5,62,97,206,0.11,0.14,0.25,0.11,0.25,0.14,0.15,0.29,0.14,0.29,86,51,59,274,0.1115241635687732,0.1394052044609665
372,Arijanet Muric,xk KVX,GK,Ipswich Town,25.0,1998.0,18,18,1620,18.0,0,0,0,0,0,0,1,0,0.0,0.0,0.0,0.0,0,1,0,0.0,0.0,0.0,0.0,0.0,0.0,0.0,0.0,0.0,0.0,1,3,1,48,0.0,0.0
373,Murillo,br BRA,DF,Nott'ham Forest,22.0,2002.0,36,36,3188,35.4,2,0,2,2,0,0,6,0,1.4,1.4,1.2,2.6,22,115,5,0.06,0.0,0.06,0.06,0.06,0.04,0.03,0.07,0.04,0.07,67,40,40,214,0.0564617314930991,0.0
374,Jacob Murphy,eng ENG,FW,Newcastle Utd,29.0,1995.0,35,31,2360,26.2,8,12,20,8,0,0,4,0,5.7,5.7,8.9,14.6,79,83,231,0.31,0.46,0.76,0.31,0.76,0.22,0.34,0.56,0.22,0.56,28,13,20,110,0.3050847457627118,0.4576271186440677
375,Vitaliy Mykolenko,ua UKR,DF,Everton,25.0,1999.0,35,35,3082,34.2,1,2,3,1,0,0,4,0,0.5,0.5,2.6,3.1,33,110,99,0.03,0.06,0.09,0.03,0.09,0.01,0.08,0.09,0.01,0.09,58,34,32,183,0.0292018170019467,0.0584036340038935
376,Iliman Ndiaye,sn SEN,FW,Everton,24.0,2000.0,33,29,2430,27.0,9,0,9,7,2,2,3,0,6.2,4.7,1.9,6.5,86,59,122,0.33,0.0,0.33,0.26,0.26,0.23,0.07,0.3,0.17,0.24,24,11,15,92,0.3333333333333333,0.0
377,Wilfred Ndidi,ng NGA,MF,Leicester City,27.0,1996.0,28,28,2324,25.8,0,5,5,0,0,0,8,0,2.0,2.0,1.9,3.9,18,70,75,0.0,0.19,0.19,0.0,0.19,0.08,0.07,0.15,0.08,0.15,60,32,44,206,0.0,0.1936316695352839
378,Kosta Nedeljković,rs SRB,DF,Aston Villa,18.0,2005.0,5,0,126,1.4,0,0,0,0,0,0,0,0,0.0,0.0,0.0,0.0,1,6,0,0.0,0.0,0.0,0.0,0.0,0.0,0.0,0.0,0.0,0.0,3,2,2,11,0.0,0.0
379,Reiss Nelson,eng ENG,FW,Arsenal,24.0,1999.0,1,0,3,0.0,0,0,0,0,0,0,0,0,0.0,0.0,0.0,0.0,0,0,0,0.0,0.0,0.0,0.0,0.0,0.0,0.0,0.0,0.0,0.0,0,0,0,0,0.0,0.0
380,Reiss Nelson,eng ENG,FW,Fulham,24.0,1999.0,11,5,487,5.4,1,1,2,1,0,0,1,0,1.1,1.1,1.0,2.1,45,35,63,0.18,0.18,0.37,0.18,0.37,0.2,0.18,0.39,0.2,0.39,6,3,4,22,0.1848049281314168,0.1848049281314168
381,Neto,br BRA,GK,Bournemouth,35.0,1989.0,2,2,180,2.0,0,0,0,0,0,0,0,0,0.0,0.0,0.0,0.0,0,0,0,0.0,0.0,0.0,0.0,0.0,0.0,0.0,0.0,0.0,0.0,0,0,0,9,0.0,0.0
382,Pedro Neto,pt POR,FW,Chelsea,24.0,2000.0,35,24,2269,25.2,4,6,10,4,0,0,8,0,3.5,3.5,6.7,10.2,126,60,253,0.16,0.24,0.4,0.16,0.4,0.14,0.27,0.4,0.14,0.4,17,8,9,67,0.1586602027324812,0.2379903040987219
383,Eddie Nketiah,eng ENG,"FW,MF",Crystal Palace,25.0,1999.0,29,9,1034,11.5,3,1,4,3,0,0,6,1,5.8,5.8,1.7,7.4,41,19,79,0.26,0.09,0.35,0.26,0.35,0.5,0.15,0.65,0.5,0.65,11,5,7,42,0.2611218568665377,0.0870406189555125
384,Christopher Nkunku,fr FRA,FW,Chelsea,26.0,1997.0,27,9,921,10.2,3,2,5,3,0,0,2,0,4.8,4.8,2.1,6.9,17,25,68,0.29,0.2,0.49,0.29,0.49,0.47,0.21,0.68,0.47,0.67,8,3,5,30,0.2931596091205212,0.1954397394136807
385,Gustavo Nunes,br BRA,"FW,MF",Brentford,18.0,2005.0,3,0,12,0.1,0,0,0,0,0,0,0,0,0.0,0.0,0.0,0.0,1,0,0,0.0,0.0,0.0,0.0,0.0,0.0,0.0,0.0,0.0,0.0,0,0,0,0,0.0,0.0
386,Matheus Nunes,pt POR,"DF,MF",Manchester City,25.0,1998.0,26,19,1674,18.6,1,6,7,1,0,0,4,0,1.2,1.2,4.4,5.6,63,79,175,0.05,0.32,0.38,0.05,0.38,0.07,0.23,0.3,0.07,0.3,34,20,20,107,0.053763440860215,0.3225806451612903
387,Darwin Núñez,uy URU,FW,Liverpool,25.0,1999.0,30,8,1133,12.6,5,2,7,5,0,0,8,0,5.8,5.8,1.3,7.1,23,27,78,0.4,0.16,0.56,0.4,0.56,0.46,0.1,0.57,0.46,0.57,9,4,5,36,0.3971756398940864,0.1588702559576346
388,Ethan Nwaneri,eng ENG,"FW,MF",Arsenal,17.0,2007.0,26,11,895,9.9,4,2,6,4,0,0,1,0,1.2,1.2,1.2,2.4,46,33,113,0.4,0.2,0.6,0.4,0.6,0.12,0.12,0.24,0.12,0.24,10,5,7,40,0.4022346368715083,0.2011173184357541
389,Christian Nørgaard,dk DEN,MF,Brentford,30.0,1994.0,34,34,2819,31.3,5,4,9,5,0,0,8,1,4.3,4.3,1.3,5.6,14,154,42,0.16,0.13,0.29,0.16,0.29,0.14,0.04,0.18,0.14,0.18,56,29,35,191,0.1596310748492373,0.1277048598793898
390,Jake O'Brien,ie IRL,DF,Everton,23.0,2001.0,20,17,1571,17.5,2,0,2,2,0,0,5,0,0.8,0.8,0.6,1.3,7,50,25,0.11,0.0,0.11,0.11,0.11,0.04,0.03,0.08,0.04,0.08,38,22,24,121,0.1145767027371101,0.0
391,Matt O'Riley,dk DEN,MF,Brighton,23.0,2000.0,21,11,938,10.4,2,2,4,1,1,1,1,0,2.8,2.0,2.4,4.4,22,38,52,0.19,0.19,0.38,0.1,0.29,0.27,0.23,0.5,0.2,0.42,21,11,14,71,0.1918976545842217,0.1918976545842217
392,Dara O'Shea,ie IRL,DF,Ipswich Town,25.0,1999.0,35,35,3122,34.7,0,2,2,0,0,0,6,0,1.3,1.3,0.5,1.8,3,80,8,0.0,0.06,0.06,0.0,0.06,0.04,0.01,0.05,0.04,0.05,73,43,46,232,0.0,0.0576553491351697
393,Chidozie Obi-Martin,dk DEN,FW,Manchester Utd,16.0,2007.0,7,1,165,1.8,0,0,0,0,0,0,1,0,0.7,0.7,0.0,0.7,2,1,12,0.0,0.0,0.0,0.0,0.0,0.36,0.0,0.36,0.36,0.36,2,1,1,7,0.0,0.0
394,Wilson Odobert,fr FRA,"FW,MF",Tottenham,19.0,2004.0,16,9,850,9.4,1,0,1,1,0,0,0,0,1.6,1.6,1.0,2.6,45,27,66,0.11,0.0,0.11,0.11,0.11,0.17,0.1,0.27,0.17,0.27,9,4,6,35,0.1058823529411764,0.0
395,Chiedozie Ogbene,ie IRL,FW,Ipswich Town,27.0,1997.0,5,3,238,2.6,0,0,0,0,0,0,0,0,0.0,0.0,0.1,0.1,7,0,15,0.0,0.0,0.0,0.0,0.0,0.0,0.03,0.03,0.0,0.03,2,1,1,10,0.0,0.0
396,Caleb Okoli,it ITA,DF,Leicester City,23.0,2001.0,19,12,1125,12.5,1,0,1,1,0,0,4,0,0.6,0.6,0.0,0.6,3,32,2,0.08,0.0,0.08,0.08,0.08,0.05,0.0,0.05,0.05,0.05,31,19,22,100,0.08,0.0
397,Robin Olsen,se SWE,GK,Aston Villa,34.0,1990.0,4,1,226,2.5,0,0,0,0,0,0,0,0,0.0,0.0,0.0,0.0,0,0,0,0.0,0.0,0.0,0.0,0.0,0.0,0.0,0.0,0.0,0.0,0,0,0,7,0.0,0.0
398,Amadou Onana,be BEL,MF,Aston Villa,22.0,2001.0,26,20,1617,18.0,3,0,3,3,0,0,4,0,2.1,2.1,0.7,2.8,29,75,16,0.17,0.0,0.17,0.17,0.17,0.12,0.04,0.16,0.12,0.16,36,19,24,124,0.1669758812615955,0.0
399,André Onana,cm CMR,GK,Manchester Utd,28.0,1996.0,34,34,3060,34.0,0,0,0,0,0,0,0,0,0.0,0.0,0.2,0.2,0,1,0,0.0,0.0,0.0,0.0,0.0,0.0,0.0,0.0,0.0,0.0,4,8,3,149,0.0,0.0
400,Paul Onuachu,ng NGA,FW,Southampton,30.0,1994.0,25,11,1050,11.7,4,1,5,4,0,0,4,0,3.6,3.6,0.5,4.1,7,13,40,0.34,0.09,0.43,0.34,0.43,0.31,0.04,0.35,0.31,0.35,8,4,4,31,0.3428571428571428,0.0857142857142857
401,Frank Onyeka,ng NGA,MF,Brentford,26.0,1998.0,2,0,25,0.3,0,0,0,0,0,0,0,0,0.0,0.0,0.0,0.0,0,1,0,0.0,0.0,0.0,0.0,0.0,0.0,0.0,0.0,0.0,0.0,1,0,1,2,0.0,0.0
402,Lewis Orford,eng ENG,MF,West Ham,18.0,2006.0,2,0,49,0.5,0,0,0,0,0,0,0,0,0.0,0.0,0.0,0.0,0,0,1,0.0,0.0,0.0,0.0,0.0,0.05,0.04,0.09,0.05,0.09,1,1,1,4,0.0,0.0
403,Stefan Ortega,de GER,GK,Manchester City,31.0,1992.0,13,12,1100,12.2,0,0,0,0,0,0,1,0,0.0,0.0,0.0,0.0,0,0,0,0.0,0.0,0.0,0.0,0.0,0.0,0.0,0.0,0.0,0.0,1,3,1,51,0.0,0.0
404,William Osula,dk DEN,FW,Newcastle Utd,20.0,2003.0,14,0,134,1.5,1,0,1,1,0,0,0,0,0.2,0.2,0.1,0.3,5,4,17,0.67,0.0,0.67,0.67,0.67,0.11,0.1,0.21,0.11,0.21,1,1,1,6,0.6716417910447761,0.0
405,Dango Ouattara,bf BFA,FW,Bournemouth,22.0,2002.0,32,21,2005,22.3,7,4,11,7,0,0,3,0,8.4,8.4,5.5,13.8,79,43,191,0.31,0.18,0.49,0.31,0.49,0.38,0.25,0.62,0.38,0.62,21,9,14,80,0.314214463840399,0.1795511221945137
406,Nico O’Reilly,eng ENG,DF,Manchester City,19.0,2005.0,9,6,528,5.9,2,0,2,2,0,0,0,0,1.3,1.3,0.4,1.6,16,17,26,0.34,0.0,0.34,0.34,0.34,0.22,0.06,0.28,0.22,0.28,14,8,10,45,0.3409090909090909,0.0
407,Alex Palmer,eng ENG,GK,Ipswich Town,27.0,1996.0,13,13,1170,13.0,0,0,0,0,0,0,2,0,0.0,0.0,0.0,0.0,0,1,0,0.0,0.0,0.0,0.0,0.0,0.0,0.0,0.0,0.0,0.0,1,3,1,50,0.0,0.0
408,Cole Palmer,eng ENG,"MF,FW",Chelsea,22.0,2002.0,37,36,3191,35.5,15,8,23,11,4,5,7,0,17.3,13.3,10.9,24.2,120,214,187,0.42,0.23,0.65,0.31,0.54,0.49,0.31,0.79,0.38,0.68,51,27,28,175,0.4230648699467251,0.22563459730492
409,Emerson Palmieri,it ITA,DF,West Ham,29.0,1994.0,31,26,2113,23.5,2,1,3,2,0,0,5,0,2.0,2.0,1.5,3.4,47,66,83,0.09,0.04,0.13,0.09,0.13,0.08,0.06,0.15,0.08,0.15,64,38,48,203,0.0851869380028395,0.0425934690014197
410,Lucas Paquetá,br BRA,"MF,FW",West Ham,26.0,1997.0,33,27,2380,26.4,4,0,4,2,2,2,10,0,5.3,3.7,3.1,6.8,26,155,85,0.15,0.0,0.15,0.08,0.08,0.2,0.12,0.32,0.14,0.26,48,25,30,163,0.1512605042016807,0.0
411,Thomas Partey,gh GHA,"MF,DF",Arsenal,31.0,1993.0,35,31,2797,31.1,4,2,6,4,0,0,4,0,2.3,2.3,2.1,4.3,36,185,48,0.13,0.06,0.19,0.13,0.19,0.07,0.07,0.14,0.07,0.14,64,34,44,220,0.1287093314265284,0.0643546657132642
412,Nathan Patterson,sct SCO,DF,Everton,22.0,2001.0,10,3,347,3.9,0,1,1,0,0,0,1,0,0.1,0.1,0.4,0.5,6,13,18,0.0,0.26,0.26,0.0,0.26,0.02,0.11,0.13,0.02,0.13,8,4,5,24,0.0,0.2593659942363112
413,Andreas Pereira,br BRA,MF,Fulham,28.0,1996.0,33,25,2013,22.4,2,4,6,2,0,1,7,0,3.8,3.0,4.6,7.6,29,104,81,0.09,0.18,0.27,0.09,0.27,0.17,0.21,0.38,0.14,0.34,46,24,32,158,0.0894187779433681,0.1788375558867362
414,Ricardo Pereira,pt POR,DF,Leicester City,30.0,1993.0,10,4,388,4.3,0,0,0,0,0,0,1,0,0.1,0.1,0.0,0.1,3,18,5,0.0,0.0,0.0,0.0,0.0,0.02,0.0,0.02,0.02,0.02,12,7,9,37,0.0,0.0
415,Kalvin Phillips,eng ENG,MF,Ipswich Town,28.0,1995.0,19,14,1237,13.7,0,0,0,0,0,0,6,1,0.4,0.4,0.2,0.7,4,51,4,0.0,0.0,0.0,0.0,0.0,0.03,0.02,0.05,0.03,0.05,24,13,15,82,0.0,0.0
416,Jaden Philogene Bidace,eng ENG,"FW,MF",Aston Villa,22.0,2002.0,11,2,332,3.7,0,0,0,0,0,0,4,1,0.5,0.5,0.3,0.8,7,4,17,0.0,0.0,0.0,0.0,0.0,0.13,0.08,0.2,0.13,0.2,3,1,2,10,0.0,0.0
417,Jaden Philogene Bidace,eng ENG,"FW,DF",Ipswich Town,22.0,2002.0,10,5,474,5.3,2,0,2,2,0,0,1,0,2.0,2.0,0.2,2.2,13,10,36,0.38,0.0,0.38,0.38,0.38,0.37,0.05,0.42,0.37,0.42,4,2,2,14,0.3797468354430379,0.0
418,Jordan Pickford,eng ENG,GK,Everton,30.0,1994.0,38,38,3420,38.0,0,1,1,0,0,0,7,0,0.0,0.0,0.4,0.4,0,0,0,0.0,0.03,0.03,0.0,0.03,0.0,0.01,0.01,0.0,0.01,5,9,4,165,0.0,0.0263157894736842
419,Ethan Pinnock,jm JAM,DF,Brentford,31.0,1993.0,22,21,1913,21.3,2,0,2,2,0,0,2,0,1.1,1.1,1.2,2.3,3,41,9,0.09,0.0,0.09,0.09,0.09,0.05,0.05,0.11,0.05,0.11,42,25,26,135,0.0940930475692629,0.0
420,Daniel Podence,pt POR,"MF,FW",Wolves,28.0,1995.0,2,0,48,0.5,0,0,0,0,0,0,0,0,0.0,0.0,0.0,0.0,1,2,3,0.0,0.0,0.0,0.0,0.0,0.07,0.0,0.07,0.07,0.07,1,0,1,3,0.0,0.0
421,Alfie Pond,eng ENG,DF,Wolves,20.0,2004.0,1,0,1,0.0,0,0,0,0,0,0,0,0,0.0,0.0,0.0,0.0,0,0,0,0.0,0.0,0.0,0.0,0.0,0.0,0.0,0.0,0.0,0.0,0,0,0,0,0.0,0.0
422,Nick Pope,eng ENG,GK,Newcastle Utd,32.0,1992.0,28,28,2520,28.0,0,0,0,0,0,0,2,0,0.0,0.0,0.0,0.0,0,1,0,0.0,0.0,0.0,0.0,0.0,0.0,0.0,0.0,0.0,0.0,3,6,2,109,0.0,0.0
423,Pedro Porro,es ESP,DF,Tottenham,24.0,1999.0,33,28,2610,29.0,2,6,8,2,0,0,5,0,1.6,1.6,5.0,6.6,65,154,109,0.07,0.21,0.28,0.07,0.28,0.05,0.17,0.23,0.05,0.23,78,46,58,247,0.0689655172413793,0.2068965517241379
424,Jarell Quansah,eng ENG,DF,Liverpool,21.0,2003.0,13,4,495,5.5,0,0,0,0,0,0,2,0,0.1,0.1,0.1,0.2,3,19,4,0.0,0.0,0.0,0.0,0.0,0.02,0.02,0.04,0.02,0.04,12,7,8,40,0.0,0.0
425,Hákon Rafn Valdimarsson,is ISL,GK,Brentford,22.0,2001.0,2,1,145,1.6,0,0,0,0,0,0,0,0,0.0,0.0,0.0,0.0,0,0,0,0.0,0.0,0.0,0.0,0.0,0.0,0.0,0.0,0.0,0.0,0,0,0,6,0.0,0.0
426,Aaron Ramsdale,eng ENG,GK,Southampton,26.0,1998.0,30,30,2700,30.0,0,0,0,0,0,0,2,0,0.0,0.0,0.0,0.0,0,0,0,0.0,0.0,0.0,0.0,0.0,0.0,0.0,0.0,0.0,0.0,4,7,3,128,0.0,0.0
427,Jacob Ramsey,eng ENG,"FW,MF",Aston Villa,23.0,2001.0,29,19,1623,18.0,1,3,4,1,0,0,4,1,1.6,1.6,2.3,3.9,61,68,114,0.06,0.17,0.22,0.06,0.22,0.09,0.13,0.22,0.09,0.22,19,8,13,72,0.055452865064695,0.166358595194085
428,Marcus Rashford,eng ENG,"FW,MF",Manchester Utd,26.0,1997.0,15,12,978,10.9,4,1,5,4,0,0,2,0,1.7,1.7,2.1,3.8,20,21,79,0.37,0.09,0.46,0.37,0.46,0.16,0.19,0.35,0.16,0.35,7,3,4,29,0.3680981595092025,0.0920245398773006
429,Marcus Rashford,eng ENG,FW,Aston Villa,26.0,1997.0,10,4,444,4.9,2,2,4,1,1,1,0,0,3.1,2.3,2.3,4.5,22,13,42,0.41,0.41,0.81,0.2,0.61,0.62,0.46,1.08,0.46,0.92,3,2,2,13,0.4054054054054054,0.4054054054054054
430,David Raya,es ESP,GK,Arsenal,28.0,1995.0,38,38,3420,38.0,0,0,0,0,0,0,3,0,0.0,0.0,0.0,0.0,0,14,0,0.0,0.0,0.0,0.0,0.0,0.0,0.0,0.0,0.0,0.0,4,7,3,129,0.0,0.0
431,Harrison Reed,eng ENG,MF,Fulham,29.0,1995.0,12,0,108,1.2,0,0,0,0,0,0,2,0,0.2,0.2,0.1,0.3,1,4,7,0.0,0.0,0.0,0.0,0.0,0.21,0.07,0.27,0.21,0.27,2,1,1,7,0.0,0.0
432,Remy Rees-Dottin,eng ENG,FW,Bournemouth,18.0,2006.0,1,0,1,0.0,0,0,0,0,0,0,0,0,0.0,0.0,0.0,0.0,0,0,0,0.0,0.0,0.0,0.0,0.0,0.0,0.0,0.0,0.0,0.0,0,0,0,0,0.0,0.0
433,Sergio Reguilón,es ESP,DF,Tottenham,27.0,1996.0,4,1,196,2.2,0,0,0,0,0,0,2,0,0.1,0.1,0.0,0.1,5,13,12,0.0,0.0,0.0,0.0,0.0,0.05,0.01,0.07,0.05,0.07,5,3,3,16,0.0,0.0
434,Vitor Reis,br BRA,DF,Manchester City,18.0,2006.0,1,0,1,0.0,0,0,0,0,0,0,0,0,0.0,0.0,0.0,0.0,0,0,0,0.0,0.0,0.0,0.0,0.0,0.0,0.0,0.0,0.0,0.0,0,0,0,0,0.0,0.0
435,Chadi Riad,ma MAR,DF,Crystal Palace,21.0,2003.0,1,1,90,1.0,0,0,0,0,0,0,0,0,0.0,0.0,0.0,0.0,2,7,0,0.0,0.0,0.0,0.0,0.0,0.0,0.0,0.0,0.0,0.0,2,1,1,7,0.0,0.0
436,Declan Rice,eng ENG,MF,Arsenal,25.0,1999.0,35,33,2825,31.4,4,7,11,4,0,0,7,1,3.5,3.5,6.6,10.1,90,192,94,0.13,0.22,0.35,0.13,0.35,0.11,0.21,0.32,0.11,0.32,63,33,42,215,0.127433628318584,0.2230088495575221
437,Chris Richards,us USA,DF,Crystal Palace,24.0,2000.0,24,22,1922,21.4,1,0,1,1,0,0,4,1,1.4,1.4,0.1,1.5,6,39,2,0.05,0.0,0.05,0.05,0.05,0.06,0.0,0.07,0.06,0.07,58,34,43,184,0.0468262226847034,0.0
438,Richarlison,br BRA,FW,Tottenham,27.0,1997.0,15,4,504,5.6,4,1,5,4,0,0,2,0,3.7,3.7,0.9,4.6,8,11,22,0.71,0.18,0.89,0.71,0.89,0.66,0.16,0.82,0.66,0.82,5,2,3,21,0.7142857142857142,0.1785714285714285
439,Andrew Robertson,sct SCO,DF,Liverpool,30.0,1994.0,33,29,2482,27.6,0,1,1,0,0,0,3,1,1.2,1.2,4.6,5.8,64,176,108,0.0,0.04,0.04,0.0,0.04,0.04,0.17,0.21,0.04,0.21,63,37,42,200,0.0,0.0362610797743755
440,Antonee Robinson,us USA,DF,Fulham,26.0,1997.0,36,35,3167,35.2,0,10,10,0,0,0,8,0,0.7,0.7,4.2,4.9,118,131,274,0.0,0.28,0.28,0.0,0.28,0.02,0.12,0.14,0.02,0.14,61,36,35,195,0.0,0.2841806125670982
441,Jay Robinson,eng ENG,"MF,FW",Southampton,17.0,2007.0,4,1,137,1.5,0,0,0,0,0,0,0,0,0.0,0.0,0.7,0.7,3,1,10,0.0,0.0,0.0,0.0,0.0,0.03,0.44,0.47,0.03,0.47,2,1,1,8,0.0,0.0
442,Rodri,es ESP,MF,Manchester City,28.0,1996.0,3,1,73,0.8,0,0,0,0,0,0,0,0,0.0,0.0,0.0,0.0,1,4,1,0.0,0.0,0.0,0.0,0.0,0.0,0.06,0.06,0.0,0.06,1,1,1,4,0.0,0.0
443,Guido Rodríguez,ar ARG,MF,West Ham,30.0,1994.0,23,16,1149,12.8,0,1,1,0,0,0,6,0,0.2,0.2,0.2,0.4,4,33,7,0.0,0.08,0.08,0.0,0.08,0.02,0.01,0.03,0.02,0.03,18,10,10,63,0.0,0.0783289817232376
444,Mads Roerslev,dk DEN,DF,Brentford,25.0,1999.0,19,11,1101,12.2,0,2,2,0,0,0,2,0,0.2,0.2,3.0,3.2,17,51,54,0.0,0.16,0.16,0.0,0.16,0.02,0.24,0.26,0.02,0.26,21,12,12,66,0.0,0.1634877384196185
445,Morgan Rogers,eng ENG,"FW,MF",Aston Villa,22.0,2002.0,37,37,3114,34.6,8,10,18,8,0,0,10,0,6.6,6.6,7.8,14.4,114,123,188,0.23,0.29,0.52,0.23,0.52,0.19,0.23,0.42,0.19,0.42,27,12,16,105,0.2312138728323699,0.2890173410404624
446,Cristian Romero,ar ARG,DF,Tottenham,26.0,1998.0,18,18,1416,15.7,1,0,1,1,0,0,3,0,1.6,1.6,0.6,2.2,12,71,3,0.06,0.0,0.06,0.06,0.06,0.1,0.04,0.14,0.1,0.14,42,25,31,133,0.0635593220338983,0.0
447,Georginio Rutter,fr FRA,"MF,FW",Brighton,22.0,2002.0,28,19,1656,18.4,5,3,8,5,0,0,2,0,4.6,4.6,2.5,7.1,42,67,79,0.27,0.16,0.43,0.27,0.43,0.25,0.14,0.39,0.25,0.39,44,23,33,149,0.2717391304347826,0.1630434782608695
448,José Sá,pt POR,GK,Wolves,31.0,1993.0,29,29,2609,29.0,0,0,0,0,0,0,2,0,0.0,0.0,0.2,0.2,0,2,0,0.0,0.0,0.0,0.0,0.0,0.0,0.01,0.01,0.0,0.01,4,7,3,124,0.0,0.0
449,Bukayo Saka,eng ENG,"FW,MF",Arsenal,22.0,2001.0,25,20,1729,19.2,6,10,16,5,1,1,3,0,6.8,6.0,7.6,13.7,96,70,255,0.31,0.52,0.83,0.26,0.78,0.36,0.4,0.75,0.31,0.71,17,8,11,67,0.3123192596876807,0.5205320994794679
450,Mohamed Salah,eg EGY,FW,Liverpool,32.0,1992.0,38,38,3371,37.5,29,18,47,20,9,9,1,0,25.2,18.2,14.2,32.4,155,144,488,0.77,0.48,1.25,0.53,1.01,0.67,0.38,1.05,0.49,0.87,29,13,17,112,0.7742509641056067,0.4805695639276179
451,William Saliba,fr FRA,DF,Arsenal,23.0,2001.0,35,35,3039,33.8,2,0,2,2,0,0,2,1,2.3,2.3,0.9,3.1,16,138,6,0.06,0.0,0.06,0.06,0.06,0.07,0.03,0.09,0.07,0.09,80,47,54,253,0.0592300098716683,0.0
452,Robert Sánchez,es ESP,GK,Chelsea,26.0,1997.0,32,32,2880,32.0,0,0,0,0,0,0,5,0,0.0,0.0,0.1,0.1,0,1,0,0.0,0.0,0.0,0.0,0.0,0.0,0.0,0.0,0.0,0.0,3,7,2,116,0.0,0.0
453,Jadon Sancho,eng ENG,FW,Chelsea,24.0,2000.0,31,19,1764,19.6,3,4,7,3,0,0,2,0,2.2,2.2,3.7,5.8,102,90,225,0.15,0.2,0.36,0.15,0.36,0.11,0.19,0.3,0.11,0.3,15,7,9,59,0.1530612244897959,0.2040816326530612
454,Ibrahim Sangaré,ci CIV,MF,Nott'ham Forest,26.0,1997.0,13,7,590,6.6,0,1,1,0,0,0,3,0,0.0,0.0,0.4,0.4,1,27,4,0.0,0.15,0.15,0.0,0.15,0.0,0.06,0.06,0.0,0.06,12,6,8,41,0.0,0.1525423728813559
455,Pablo Sarabia,es ESP,"MF,FW",Wolves,32.0,1992.0,23,7,814,9.0,3,2,5,3,0,0,3,0,2.9,2.9,1.8,4.6,15,60,62,0.33,0.22,0.55,0.33,0.55,0.32,0.19,0.51,0.32,0.51,15,8,9,50,0.3316953316953317,0.2211302211302211
456,Jeremy Sarmiento,ec ECU,MF,Brighton,22.0,2002.0,1,0,9,0.1,0,0,0,0,0,0,0,0,0.0,0.0,0.0,0.0,0,0,2,0.0,0.0,0.0,0.0,0.0,0.0,0.0,0.0,0.0,0.0,0,0,0,1,0.0,0.0
457,Ismaila Sarr,sn SEN,MF,Crystal Palace,26.0,1998.0,38,30,2711,30.1,8,6,14,8,0,0,4,0,10.7,10.7,8.5,19.2,75,85,183,0.27,0.2,0.46,0.27,0.46,0.35,0.28,0.64,0.35,0.64,63,33,44,216,0.2655846551088159,0.1991884913316119
458,Sávio,br BRA,"FW,MF",Manchester City,20.0,2004.0,29,21,1766,19.6,1,8,9,1,0,0,3,0,5.0,5.0,6.9,11.9,137,67,246,0.05,0.41,0.46,0.05,0.46,0.26,0.35,0.61,0.26,0.61,15,7,9,59,0.0509626274065685,0.4077010192525481
459,Oliver Scarles,eng ENG,"DF,FW",West Ham,18.0,2005.0,15,7,665,7.4,0,0,0,0,0,0,1,0,0.1,0.1,0.1,0.2,12,22,44,0.0,0.0,0.0,0.0,0.0,0.01,0.01,0.03,0.01,0.03,15,9,9,47,0.0,0.0
460,Dane Scarlett,eng ENG,"FW,MF",Tottenham,20.0,2004.0,3,0,34,0.4,0,1,1,0,0,0,0,0,0.0,0.0,0.0,0.1,1,1,1,0.0,2.65,2.65,0.0,2.65,0.09,0.12,0.22,0.09,0.22,0,0,0,1,0.0,2.6470588235294117
461,Kevin Schade,de GER,FW,Brentford,22.0,2001.0,38,26,2293,25.5,11,2,13,11,0,0,3,0,8.2,8.2,3.7,11.9,61,38,165,0.43,0.08,0.51,0.43,0.51,0.32,0.14,0.47,0.32,0.47,22,10,14,85,0.4317488006977759,0.0784997819450501
462,Fabian Schär,ch SUI,DF,Newcastle Utd,32.0,1991.0,34,33,2934,32.6,4,0,4,4,0,0,9,1,3.7,3.7,0.4,4.1,18,118,22,0.12,0.0,0.12,0.12,0.12,0.11,0.01,0.13,0.11,0.13,87,51,64,277,0.1226993865030674,0.0
463,Jeffrey Schlupp,gh GHA,"MF,DF",Crystal Palace,31.0,1992.0,12,0,103,1.1,0,0,0,0,0,0,0,0,0.2,0.2,0.2,0.3,4,5,9,0.0,0.0,0.0,0.0,0.0,0.14,0.14,0.28,0.14,0.28,2,1,1,7,0.0,0.0
464,Alex Scott,eng ENG,MF,Bournemouth,20.0,2003.0,20,8,755,8.4,0,0,0,0,0,0,3,0,0.7,0.7,0.9,1.6,15,52,33,0.0,0.0,0.0,0.0,0.0,0.09,0.11,0.19,0.09,0.19,17,9,12,60,0.0,0.0
465,Matz Sels,be BEL,GK,Nott'ham Forest,32.0,1992.0,38,38,3420,38.0,0,0,0,0,0,0,4,0,0.0,0.0,0.4,0.4,1,2,0,0.0,0.0,0.0,0.0,0.0,0.0,0.01,0.01,0.0,0.01,3,7,2,122,0.0,0.0
466,Nélson Semedo,pt POR,DF,Wolves,30.0,1993.0,34,32,2886,32.1,0,4,4,0,0,0,8,0,0.9,0.9,2.8,3.7,67,80,119,0.0,0.12,0.12,0.0,0.12,0.03,0.09,0.12,0.03,0.12,68,40,43,215,0.0,0.1247401247401247
467,Antoine Semenyo,gh GHA,FW,Bournemouth,24.0,2000.0,37,36,3203,35.6,11,5,16,11,0,0,9,0,10.0,10.0,5.8,15.8,140,109,282,0.31,0.14,0.45,0.31,0.45,0.28,0.16,0.44,0.28,0.44,33,15,22,130,0.3090852325944427,0.1404932875429285
468,Marcos Senesi,ar ARG,DF,Bournemouth,27.0,1997.0,17,13,1106,12.3,0,0,0,0,0,0,5,0,0.8,0.8,0.2,1.1,12,62,7,0.0,0.0,0.0,0.0,0.0,0.07,0.02,0.09,0.07,0.09,33,20,24,105,0.0,0.0
469,Ryan Sessegnon,eng ENG,"FW,DF",Fulham,24.0,2000.0,16,7,580,6.4,4,2,6,4,0,0,1,0,1.6,1.6,1.1,2.7,18,22,59,0.62,0.31,0.93,0.62,0.93,0.25,0.17,0.42,0.25,0.42,6,2,4,21,0.6206896551724138,0.3103448275862069
470,Luke Shaw,eng ENG,DF,Manchester Utd,29.0,1995.0,7,4,349,3.9,0,0,0,0,0,0,1,0,0.0,0.0,0.7,0.7,7,24,7,0.0,0.0,0.0,0.0,0.0,0.01,0.18,0.19,0.01,0.19,9,6,6,30,0.0,0.0
471,Zain Silcott-Duberry,ms MSR,FW,Bournemouth,19.0,2005.0,1,0,1,0.0,0,0,0,0,0,0,0,0,0.0,0.0,0.0,0.0,0,0,0,0.0,0.0,0.0,0.0,0.0,0.0,0.0,0.0,0.0,0.0,0,0,0,0,0.0,0.0
472,Bernardo Silva,pt POR,"MF,FW",Manchester City,29.0,1994.0,33,29,2670,29.7,4,4,8,4,0,0,7,0,3.9,3.9,5.1,9.0,101,134,200,0.13,0.13,0.27,0.13,0.27,0.13,0.17,0.3,0.13,0.3,56,29,36,191,0.1348314606741573,0.1348314606741573
473,Jota Silva,pt POR,"FW,MF",Nott'ham Forest,24.0,1999.0,31,5,854,9.5,3,1,4,3,0,0,5,0,2.1,2.1,2.9,5.0,21,18,59,0.32,0.11,0.42,0.32,0.42,0.22,0.3,0.53,0.22,0.53,8,4,5,33,0.3161592505854801,0.1053864168618267
474,Eric da Silva Moreira,de GER,"MF,DF",Nott'ham Forest,18.0,2006.0,2,0,30,0.3,0,0,0,0,0,0,0,0,0.0,0.0,0.0,0.0,1,0,1,0.0,0.0,0.0,0.0,0.0,0.0,0.0,0.0,0.0,0.0,1,0,1,2,0.0,0.0
475,Jahmai Simpson-Pusey,eng ENG,DF,Manchester City,18.0,2005.0,2,1,96,1.1,0,0,0,0,0,0,1,0,0.0,0.0,0.0,0.0,1,3,0,0.0,0.0,0.0,0.0,0.0,0.0,0.0,0.0,0.0,0.0,2,1,1,6,0.0,0.0
476,Luis Sinisterra,co COL,"FW,MF",Bournemouth,25.0,1999.0,12,1,236,2.6,1,1,2,1,0,0,0,0,1.2,1.2,1.4,2.6,19,6,38,0.38,0.38,0.76,0.38,0.76,0.46,0.54,1.0,0.46,1.0,2,1,1,9,0.3813559322033898,0.3813559322033898
477,Oliver Skipp,eng ENG,MF,Leicester City,23.0,2000.0,24,10,1129,12.5,0,0,0,0,0,0,8,0,0.4,0.4,0.3,0.6,16,35,19,0.0,0.0,0.0,0.0,0.0,0.03,0.02,0.05,0.03,0.05,26,14,18,89,0.0,0.0
478,William Smallbone,ie IRL,MF,Southampton,24.0,2000.0,18,6,690,7.7,1,0,1,1,0,0,1,0,0.6,0.6,0.7,1.3,5,27,25,0.13,0.0,0.13,0.13,0.13,0.07,0.1,0.17,0.07,0.17,15,8,10,50,0.1304347826086956,0.0
479,Adam Smith,eng ENG,DF,Bournemouth,33.0,1991.0,25,19,1590,17.7,0,0,0,0,0,0,7,0,0.7,0.7,0.4,1.1,15,49,34,0.0,0.0,0.0,0.0,0.0,0.04,0.02,0.06,0.04,0.06,38,22,24,120,0.0,0.0
480,Emile Smith Rowe,eng ENG,MF,Fulham,24.0,2000.0,34,25,2043,22.7,6,3,9,6,0,0,3,0,4.5,4.5,1.4,6.0,53,126,127,0.26,0.13,0.4,0.26,0.4,0.2,0.06,0.26,0.2,0.26,34,18,19,117,0.2643171806167401,0.13215859030837
481,Dominic Solanke,eng ENG,FW,Tottenham,26.0,1997.0,27,25,2201,24.5,9,3,12,8,1,1,0,0,10.9,10.1,2.9,13.1,31,47,88,0.37,0.12,0.49,0.33,0.45,0.45,0.12,0.57,0.41,0.54,22,10,14,85,0.3680145388459791,0.1226715129486597
482,Carlos Soler,es ESP,"MF,FW",West Ham,27.0,1997.0,31,14,1409,15.7,1,1,2,1,0,0,6,0,1.8,1.8,1.4,3.2,17,56,37,0.06,0.06,0.13,0.06,0.13,0.12,0.09,0.21,0.12,0.21,33,17,23,113,0.063875088715401,0.063875088715401
483,Julio Soler,ar ARG,"DF,FW",Bournemouth,19.0,2005.0,3,0,11,0.1,0,0,0,0,0,0,0,0,0.0,0.0,0.0,0.0,0,0,2,0.0,0.0,0.0,0.0,0.0,0.0,0.0,0.0,0.0,0.0,0,0,0,1,0.0,0.0
484,Ramón Sosa,py PAR,"FW,MF",Nott'ham Forest,24.0,1999.0,19,1,295,3.3,1,0,1,1,0,0,1,0,1.0,1.0,0.5,1.5,12,6,17,0.31,0.0,0.31,0.31,0.31,0.31,0.15,0.45,0.31,0.45,3,1,2,11,0.3050847457627118,0.0
485,Tomáš Souček,cz CZE,MF,West Ham,29.0,1995.0,35,30,2567,28.5,9,1,10,9,0,0,8,0,6.7,6.7,1.0,7.8,9,74,68,0.32,0.04,0.35,0.32,0.35,0.24,0.04,0.27,0.24,0.27,60,31,41,204,0.3155434359174133,0.0350603817686014
486,Boubakary Soumaré,fr FRA,MF,Leicester City,25.0,1999.0,31,25,2171,24.1,0,0,0,0,0,0,8,0,0.3,0.3,0.4,0.7,34,105,23,0.0,0.0,0.0,0.0,0.0,0.01,0.02,0.03,0.01,0.03,57,30,42,194,0.0,0.0
487,Djed Spence,eng ENG,DF,Tottenham,23.0,2000.0,25,19,1792,19.9,1,2,3,1,0,0,4,1,0.6,0.6,1.8,2.3,59,105,70,0.05,0.1,0.15,0.05,0.15,0.03,0.09,0.12,0.03,0.12,38,22,23,121,0.0502232142857142,0.1004464285714285
488,Jay Stansfield,eng ENG,MF,Fulham,21.0,2002.0,1,0,1,0.0,0,0,0,0,0,0,0,0,0.0,0.0,0.0,0.0,0,0,0,0.0,0.0,0.0,0.0,0.0,0.0,0.0,0.0,0.0,0.0,0,0,0,0,0.0,0.0
489,Jason Steele,eng ENG,GK,Brighton,33.0,1990.0,2,2,180,2.0,0,0,0,0,0,0,0,0,0.0,0.0,0.0,0.0,0,0,0,0.0,0.0,0.0,0.0,0.0,0.0,0.0,0.0,0.0,0.0,0,0,0,8,0.0,0.0
490,Jack Stephens,eng ENG,DF,Southampton,30.0,1994.0,19,17,1389,15.4,1,0,1,1,0,0,2,2,0.6,0.6,0.2,0.7,14,63,2,0.06,0.0,0.06,0.06,0.06,0.04,0.01,0.05,0.04,0.05,29,17,17,92,0.0647948164146868,0.0
491,Raheem Sterling,eng ENG,"FW,MF",Arsenal,29.0,1994.0,17,7,499,5.5,0,2,2,0,0,0,1,0,1.4,1.4,0.5,1.9,27,18,79,0.0,0.36,0.36,0.0,0.36,0.26,0.09,0.34,0.26,0.34,5,2,3,20,0.0,0.3607214428857715
492,Ross Stewart,sct SCO,FW,Southampton,28.0,1996.0,12,4,389,4.3,1,0,1,1,0,0,1,0,1.1,1.1,0.0,1.1,3,2,10,0.23,0.0,0.23,0.23,0.23,0.25,0.0,0.25,0.25,0.25,5,2,4,18,0.2313624678663239,0.0
493,Jakub Stolarczyk,pl POL,GK,Leicester City,23.0,2000.0,10,10,900,10.0,0,0,0,0,0,0,1,0,0.0,0.0,0.0,0.0,0,1,0,0.0,0.0,0.0,0.0,0.0,0.0,0.0,0.0,0.0,0.0,1,2,1,43,0.0,0.0
494,John Stones,eng ENG,"DF,MF",Manchester City,30.0,1994.0,11,6,548,6.1,2,0,2,2,0,0,1,0,0.4,0.4,0.1,0.5,10,21,2,0.33,0.0,0.33,0.33,0.33,0.07,0.01,0.08,0.07,0.08,17,10,13,53,0.3284671532846715,0.0
495,Jørgen Strand Larsen,no NOR,FW,Wolves,24.0,2000.0,35,30,2587,28.7,14,4,18,14,0,0,4,0,10.3,10.3,3.0,13.3,17,29,112,0.49,0.14,0.63,0.49,0.63,0.36,0.1,0.46,0.36,0.46,28,12,19,109,0.4870506378044066,0.1391573250869733
496,Yukinari Sugawara,jp JPN,"DF,MF",Southampton,24.0,2000.0,30,16,1557,17.3,1,1,2,1,0,0,4,0,0.5,0.5,2.2,2.7,33,72,78,0.06,0.06,0.12,0.06,0.12,0.03,0.13,0.16,0.03,0.16,46,27,34,147,0.0578034682080924,0.0578034682080924
497,Kamaldeen Sulemana,gh GHA,"FW,MF",Southampton,22.0,2002.0,26,17,1402,15.6,1,1,2,1,0,0,2,0,1.5,1.5,1.0,2.5,63,27,87,0.06,0.06,0.13,0.06,0.13,0.1,0.06,0.16,0.1,0.16,15,7,10,60,0.0641940085592011,0.0641940085592011
498,Crysencio Summerville,nl NED,"FW,MF",West Ham,22.0,2001.0,19,7,786,8.7,1,1,2,1,0,0,2,0,1.6,1.6,1.7,3.3,29,18,71,0.11,0.11,0.23,0.11,0.23,0.19,0.19,0.38,0.19,0.38,8,4,5,31,0.1145038167938931,0.1145038167938931
499,Sammie Szmodics,ie IRL,"FW,MF",Ipswich Town,28.0,1995.0,20,13,992,11.0,4,0,4,4,0,0,2,0,3.4,3.4,0.2,3.6,16,19,47,0.36,0.0,0.36,0.36,0.36,0.31,0.02,0.33,0.31,0.33,8,3,5,30,0.3629032258064516,0.0
500,Dominik Szoboszlai,hu HUN,MF,Liverpool,23.0,2000.0,36,29,2491,27.7,6,6,12,6,0,0,6,0,7.3,7.3,7.4,14.7,72,131,127,0.22,0.22,0.43,0.22,0.43,0.27,0.27,0.53,0.27,0.53,41,21,23,139,0.2167804094741068,0.2167804094741068
501,Matt Targett,eng ENG,DF,Newcastle Utd,28.0,1995.0,2,0,21,0.2,0,0,0,0,0,0,0,0,0.0,0.0,0.0,0.0,0,0,1,0.0,0.0,0.0,0.0,0.0,0.0,0.0,0.0,0.0,0.0,0,0,0,2,0.0,0.0
502,James Tarkowski,eng ENG,DF,Everton,31.0,1992.0,33,33,2922,32.5,1,1,2,1,0,0,6,0,1.3,1.3,2.9,4.2,9,75,3,0.03,0.03,0.06,0.03,0.06,0.04,0.09,0.13,0.04,0.13,54,32,30,171,0.0308008213552361,0.0308008213552361
503,Marcus Tavernier,eng ENG,"FW,MF",Bournemouth,25.0,1999.0,29,20,1939,21.5,3,5,8,3,0,0,6,0,5.5,5.5,4.0,9.5,53,128,129,0.14,0.23,0.37,0.14,0.37,0.25,0.19,0.44,0.25,0.44,23,10,17,91,0.1392470345538937,0.2320783909231562
504,Charlie Taylor,eng ENG,DF,Southampton,30.0,1993.0,8,3,356,4.0,0,0,0,0,0,0,1,0,0.0,0.0,0.1,0.1,3,9,7,0.0,0.0,0.0,0.0,0.0,0.0,0.02,0.02,0.0,0.02,10,6,7,33,0.0,0.0
505,Jack Taylor,ie IRL,MF,Ipswich Town,26.0,1998.0,32,4,860,9.6,1,0,1,1,0,0,4,0,0.7,0.7,0.5,1.3,11,43,23,0.1,0.0,0.1,0.1,0.1,0.08,0.06,0.13,0.08,0.13,21,11,15,72,0.1046511627906976,0.0
506,Mathys Tel,fr FRA,FW,Tottenham,19.0,2005.0,13,11,911,10.1,2,1,3,1,1,1,2,0,3.0,2.2,2.6,4.7,28,21,72,0.2,0.1,0.3,0.1,0.2,0.29,0.25,0.55,0.22,0.47,9,4,6,35,0.1975850713501646,0.0987925356750823
507,Kenny Tete,nl NED,DF,Fulham,28.0,1995.0,22,21,1774,19.7,0,2,2,0,0,0,5,0,1.4,1.4,0.9,2.3,34,63,54,0.0,0.1,0.1,0.0,0.1,0.07,0.05,0.12,0.07,0.12,52,30,38,164,0.0,0.1014656144306651
508,Thiago,br BRA,"FW,MF",Brentford,23.0,2001.0,8,1,175,1.9,0,0,0,0,0,0,0,0,0.1,0.1,0.1,0.2,3,4,8,0.0,0.0,0.0,0.0,0.0,0.07,0.04,0.1,0.07,0.1,1,1,1,5,0.0,0.0
509,Luke Thomas,eng ENG,DF,Leicester City,23.0,2001.0,14,13,1110,12.3,0,0,0,0,0,0,3,0,0.4,0.4,0.5,0.9,5,37,16,0.0,0.0,0.0,0.0,0.0,0.03,0.04,0.07,0.03,0.07,26,16,17,84,0.0,0.0
510,Youri Tielemans,be BEL,MF,Aston Villa,27.0,1997.0,36,35,3026,33.6,3,7,10,3,0,1,4,0,3.3,2.5,7.0,9.5,39,235,48,0.09,0.21,0.3,0.09,0.3,0.1,0.21,0.31,0.07,0.28,58,30,35,197,0.0892267019167217,0.2081956378056841
511,Kieran Tierney,sct SCO,"DF,FW",Arsenal,27.0,1997.0,13,2,259,2.9,1,0,1,1,0,0,0,0,0.4,0.4,1.4,1.7,8,15,29,0.35,0.0,0.35,0.35,0.35,0.12,0.48,0.6,0.12,0.6,5,3,3,17,0.3474903474903475,0.0
512,Jurriën Timber,nl NED,DF,Arsenal,23.0,2001.0,30,27,2417,26.9,1,3,4,1,0,0,7,0,1.2,1.2,0.8,2.1,57,146,104,0.04,0.11,0.15,0.04,0.15,0.05,0.03,0.08,0.05,0.08,48,29,28,154,0.0372362432767894,0.1117087298303682
513,Jean-Clair Todibo,fr FRA,DF,West Ham,24.0,1999.0,27,20,1825,20.3,0,0,0,0,0,0,3,0,0.4,0.4,0.0,0.4,9,38,5,0.0,0.0,0.0,0.0,0.0,0.02,0.0,0.02,0.02,0.02,52,30,37,164,0.0,0.0
514,Harry Toffolo,eng ENG,DF,Nott'ham Forest,28.0,1995.0,4,1,137,1.5,0,0,0,0,0,0,1,0,0.0,0.0,0.0,0.0,0,2,4,0.0,0.0,0.0,0.0,0.0,0.01,0.0,0.01,0.01,0.01,4,2,3,12,0.0,0.0
515,Takehiro Tomiyasu,jp JPN,DF,Arsenal,25.0,1998.0,1,0,7,0.1,0,0,0,0,0,0,0,0,0.2,0.2,0.0,0.2,0,1,0,0.0,0.0,0.0,0.0,0.0,2.37,0.0,2.37,2.37,2.37,0,0,0,1,0.0,0.0
516,Sandro Tonali,it ITA,MF,Newcastle Utd,24.0,2000.0,36,28,2630,29.2,4,2,6,4,0,0,5,0,4.4,4.4,2.2,6.6,37,128,53,0.14,0.07,0.21,0.14,0.21,0.15,0.07,0.22,0.15,0.22,49,26,30,168,0.1368821292775665,0.0684410646387832
517,Pau Torres,es ESP,DF,Aston Villa,27.0,1997.0,24,23,2020,22.4,0,0,0,0,0,0,2,0,0.5,0.5,0.1,0.6,40,97,8,0.0,0.0,0.0,0.0,0.0,0.02,0.01,0.03,0.02,0.03,41,24,24,132,0.0,0.0
518,Conor Townsend,eng ENG,DF,Ipswich Town,31.0,1993.0,6,3,335,3.7,0,1,1,0,0,0,1,0,0.0,0.0,0.7,0.7,2,8,13,0.0,0.27,0.27,0.0,0.27,0.01,0.18,0.18,0.01,0.18,7,4,4,22,0.0,0.2686567164179104
519,Adama Traoré,es ESP,"FW,MF",Fulham,28.0,1996.0,36,18,1772,19.7,2,7,9,2,0,0,3,0,4.0,4.0,4.9,8.9,100,68,161,0.1,0.36,0.46,0.1,0.46,0.2,0.25,0.45,0.2,0.45,17,8,11,66,0.1015801354401805,0.3555304740406321
520,Boubacar Traoré,ml MLI,MF,Wolves,22.0,2001.0,1,0,1,0.0,0,0,0,0,0,0,0,0,0.0,0.0,0.0,0.0,0,0,0,0.0,0.0,0.0,0.0,0.0,0.0,0.0,0.0,0.0,0.0,0,0,0,0,0.0,0.0
521,Mark Travers,ie IRL,GK,Bournemouth,25.0,1999.0,5,5,450,5.0,0,0,0,0,0,0,0,0,0.0,0.0,0.0,0.0,0,0,0,0.0,0.0,0.0,0.0,0.0,0.0,0.0,0.0,0.0,0.0,0,1,0,15,0.0,0.0
522,Ryan Trevitt,eng ENG,MF,Brentford,21.0,2003.0,1,0,4,0.0,0,0,0,0,0,0,0,0,0.0,0.0,0.0,0.0,0,0,1,0.0,0.0,0.0,0.0,0.0,0.0,0.0,0.0,0.0,0.0,0,0,0,0,0.0,0.0
523,Kieran Trippier,eng ENG,DF,Newcastle Utd,33.0,1990.0,25,14,1309,14.5,0,3,3,0,0,0,1,0,0.1,0.1,1.4,1.5,26,117,58,0.0,0.21,0.21,0.0,0.21,0.01,0.1,0.1,0.01,0.1,34,20,23,108,0.0,0.2062643239113827
524,Leandro Trossard,be BEL,FW,Arsenal,29.0,1994.0,38,28,2546,28.3,8,7,15,8,0,0,4,1,7.2,7.2,6.1,13.3,80,101,226,0.28,0.25,0.53,0.28,0.53,0.25,0.22,0.47,0.25,0.47,28,12,19,109,0.2827965435978005,0.2474469756480754
525,Kostas Tsimikas,gr GRE,DF,Liverpool,28.0,1996.0,18,9,837,9.3,0,1,1,0,0,0,2,0,0.4,0.4,2.1,2.5,17,76,43,0.0,0.11,0.11,0.0,0.11,0.04,0.23,0.27,0.04,0.27,23,13,16,72,0.0,0.1075268817204301
526,Axel Tuanzebe,cd COD,DF,Ipswich Town,26.0,1997.0,22,20,1710,19.0,0,1,1,0,0,0,5,1,0.2,0.2,0.3,0.5,10,61,15,0.0,0.05,0.05,0.0,0.05,0.01,0.02,0.03,0.01,0.03,38,23,23,122,0.0,0.0526315789473684
527,Destiny Udogie,it ITA,DF,Tottenham,21.0,2002.0,25,24,1924,21.4,0,1,1,0,0,0,2,0,0.3,0.3,1.5,1.8,54,121,94,0.0,0.05,0.05,0.0,0.05,0.01,0.07,0.08,0.01,0.08,56,33,41,179,0.0,0.0467775467775467
528,Manuel Ugarte Ribeiro,uy URU,MF,Manchester Utd,23.0,2001.0,29,22,1785,19.8,1,2,3,1,0,0,11,0,1.0,1.0,1.1,2.1,16,61,20,0.05,0.1,0.15,0.05,0.15,0.05,0.06,0.11,0.05,0.11,32,17,19,110,0.0504201680672268,0.1008403361344537
529,Lesley Ugochukwu,fr FRA,MF,Southampton,20.0,2004.0,26,18,1655,18.4,1,1,2,1,0,0,7,0,0.9,0.9,1.0,1.9,29,49,20,0.05,0.05,0.11,0.05,0.11,0.05,0.06,0.1,0.05,0.1,28,15,16,96,0.0543806646525679,0.0543806646525679
530,Enes Ünal,tr TUR,"FW,MF",Bournemouth,27.0,1997.0,17,2,345,3.8,2,1,3,2,0,0,2,0,2.7,2.7,0.4,3.1,4,12,22,0.52,0.26,0.78,0.52,0.78,0.72,0.1,0.82,0.72,0.82,4,2,3,16,0.5217391304347826,0.2608695652173913
531,Virgil van Dijk,nl NED,DF,Liverpool,33.0,1991.0,37,37,3330,37.0,3,1,4,3,0,0,5,0,2.2,2.2,0.7,3.0,22,198,6,0.08,0.03,0.11,0.08,0.11,0.06,0.02,0.08,0.06,0.08,67,39,39,212,0.081081081081081,0.027027027027027
532,Jamie Vardy,eng ENG,FW,Leicester City,37.0,1987.0,35,35,2823,31.4,9,4,13,8,1,2,5,0,11.2,9.6,3.0,12.6,29,22,120,0.29,0.13,0.41,0.26,0.38,0.36,0.1,0.45,0.31,0.4,27,12,17,106,0.2869287991498406,0.1275239107332625
533,Renato Veiga,pt POR,"DF,MF",Chelsea,21.0,2003.0,7,1,181,2.0,0,0,0,0,0,0,2,0,0.1,0.1,0.0,0.1,4,7,3,0.0,0.0,0.0,0.0,0.0,0.07,0.0,0.07,0.07,0.07,5,3,3,15,0.0,0.0
534,Joël Veltman,nl NED,DF,Brighton,32.0,1992.0,21,19,1697,18.9,0,0,0,0,0,0,5,0,0.5,0.5,0.5,0.9,32,85,34,0.0,0.0,0.0,0.0,0.0,0.02,0.02,0.05,0.02,0.05,47,28,33,149,0.0,0.0
535,Micky van de Ven,nl NED,DF,Tottenham,23.0,2001.0,13,12,1015,11.3,0,2,2,0,0,0,4,0,0.6,0.6,1.2,1.7,8,51,1,0.0,0.18,0.18,0.0,0.18,0.05,0.1,0.15,0.05,0.15,29,17,21,92,0.0,0.1773399014778325
536,Bart Verbruggen,nl NED,GK,Brighton,21.0,2002.0,36,36,3240,36.0,0,1,1,0,0,0,5,0,0.0,0.0,0.0,0.0,0,2,0,0.0,0.03,0.03,0.0,0.03,0.0,0.0,0.0,0.0,0.0,4,8,3,136,0.0,0.0277777777777777
537,Jannik Vestergaard,dk DEN,DF,Leicester City,31.0,1992.0,18,16,1391,15.5,0,0,0,0,0,0,5,0,0.1,0.1,0.1,0.2,3,32,2,0.0,0.0,0.0,0.0,0.0,0.01,0.01,0.01,0.01,0.01,37,22,25,118,0.0,0.0
538,Guglielmo Vicario,it ITA,GK,Tottenham,27.0,1996.0,24,24,2160,24.0,0,0,0,0,0,0,1,0,0.0,0.0,0.0,0.0,0,1,0,0.0,0.0,0.0,0.0,0.0,0.0,0.0,0.0,0.0,0.0,2,4,1,65,0.0,0.0
539,Carlos Vinícius,br BRA,"MF,FW",Fulham,29.0,1995.0,3,0,16,0.2,0,0,0,0,0,0,0,0,0.0,0.0,0.0,0.0,1,0,3,0.0,0.0,0.0,0.0,0.0,0.21,0.0,0.21,0.21,0.21,0,0,0,1,0.0,0.0
540,Kyle Walker,eng ENG,DF,Manchester City,34.0,1990.0,15,9,970,10.8,0,0,0,0,0,0,3,0,0.1,0.1,0.4,0.6,12,64,11,0.0,0.0,0.0,0.0,0.0,0.01,0.04,0.05,0.01,0.05,20,12,12,64,0.0,0.0
541,Kyle Walker-Peters,eng ENG,DF,Southampton,27.0,1997.0,33,33,2918,32.4,0,2,2,0,0,0,5,0,0.8,0.8,2.8,3.6,114,139,144,0.0,0.06,0.06,0.0,0.06,0.03,0.09,0.11,0.03,0.11,65,38,40,206,0.0,0.0616860863605209
542,Christian Walton,eng ENG,GK,Ipswich Town,28.0,1995.0,7,7,630,7.0,0,0,0,0,0,0,0,0,0.0,0.0,0.0,0.0,0,0,0,0.0,0.0,0.0,0.0,0.0,0.0,0.0,0.0,0.0,0.0,1,1,1,20,0.0,0.0
543,Aaron Wan-Bissaka,eng ENG,DF,West Ham,26.0,1997.0,36,35,3154,35.0,2,5,7,2,0,0,1,0,1.2,1.2,3.5,4.7,110,149,167,0.06,0.14,0.2,0.06,0.2,0.03,0.1,0.14,0.03,0.14,94,55,69,299,0.0570703868103994,0.1426759670259987
544,Danny Ward,wls WAL,GK,Leicester City,31.0,1993.0,2,1,135,1.5,0,0,0,0,0,0,0,0,0.0,0.0,0.0,0.0,0,0,0,0.0,0.0,0.0,0.0,0.0,0.0,0.0,0.0,0.0,0.0,0,0,0,4,0.0,0.0
545,Joel Ward,eng ENG,DF,Crystal Palace,34.0,1989.0,2,1,71,0.8,0,0,0,0,0,0,1,0,0.0,0.0,0.0,0.0,0,1,1,0.0,0.0,0.0,0.0,0.0,0.0,0.06,0.06,0.0,0.06,2,1,1,6,0.0,0.0
546,James Ward-Prowse,eng ENG,MF,West Ham,29.0,1994.0,15,12,1039,11.5,1,1,2,1,0,0,2,0,1.6,1.6,1.9,3.6,11,54,9,0.09,0.09,0.17,0.09,0.17,0.14,0.17,0.31,0.14,0.31,20,11,12,69,0.0866217516843118,0.0866217516843118
547,James Ward-Prowse,eng ENG,MF,Nott'ham Forest,29.0,1994.0,9,5,400,4.4,0,1,1,0,0,0,2,1,0.1,0.1,1.1,1.2,1,16,3,0.0,0.23,0.23,0.0,0.23,0.01,0.25,0.26,0.01,0.26,8,4,5,27,0.0,0.225
548,Ollie Watkins,eng ENG,FW,Aston Villa,28.0,1995.0,38,31,2598,28.9,16,8,24,14,2,2,2,0,15.3,13.8,3.3,17.1,55,31,165,0.55,0.28,0.83,0.48,0.76,0.53,0.12,0.65,0.48,0.59,32,14,24,124,0.5542725173210161,0.277136258660508
549,Adam Webster,eng ENG,DF,Brighton,29.0,1995.0,14,11,887,9.9,0,0,0,0,0,0,1,0,0.2,0.2,0.5,0.7,8,63,2,0.0,0.0,0.0,0.0,0.0,0.03,0.05,0.08,0.03,0.08,20,12,13,65,0.0,0.0
550,Danny Welbeck,eng ENG,FW,Brighton,33.0,1990.0,30,24,2115,23.5,10,4,14,9,1,1,5,0,9.6,8.8,1.4,10.1,21,47,95,0.43,0.17,0.6,0.38,0.55,0.41,0.06,0.46,0.37,0.43,26,12,19,102,0.425531914893617,0.1702127659574468
551,Welington,br BRA,DF,Southampton,23.0,2001.0,10,6,482,5.4,0,0,0,0,0,0,1,0,0.0,0.0,0.1,0.1,5,11,19,0.0,0.0,0.0,0.0,0.0,0.01,0.01,0.02,0.01,0.02,11,6,7,34,0.0,0.0
552,Timo Werner,de GER,"FW,MF",Tottenham,28.0,1996.0,18,4,516,5.7,0,3,3,0,0,0,0,0,1.0,1.0,2.5,3.5,42,30,89,0.0,0.52,0.52,0.0,0.52,0.17,0.44,0.61,0.17,0.61,5,2,3,18,0.0,0.5232558139534884
553,Adam Wharton,eng ENG,MF,Crystal Palace,20.0,2004.0,20,16,1318,14.6,0,2,2,0,0,0,2,0,0.4,0.4,3.0,3.4,14,107,11,0.0,0.14,0.14,0.0,0.14,0.03,0.21,0.23,0.03,0.23,27,14,17,93,0.0,0.1365705614567526
554,Ben White,eng ENG,DF,Arsenal,26.0,1997.0,17,13,1198,13.3,0,2,2,0,0,0,2,0,0.5,0.5,1.4,1.8,23,59,42,0.0,0.15,0.15,0.0,0.15,0.03,0.1,0.14,0.03,0.14,23,14,13,75,0.0,0.1502504173622704
555,Mats Wieffer,nl NED,"DF,MF",Brighton,24.0,1999.0,25,10,1015,11.3,1,3,4,1,0,0,6,0,0.8,0.8,1.6,2.4,18,62,23,0.09,0.27,0.35,0.09,0.35,0.07,0.14,0.21,0.07,0.21,21,13,12,68,0.0886699507389162,0.2660098522167488
556,Neco Williams,wls WAL,DF,Nott'ham Forest,23.0,2001.0,35,28,2594,28.8,1,3,4,1,0,0,7,0,2.3,2.3,1.6,3.9,68,89,103,0.03,0.1,0.14,0.03,0.14,0.08,0.05,0.13,0.08,0.13,72,43,51,229,0.0346954510408635,0.1040863531225906
557,Willian,br BRA,"FW,MF",Fulham,35.0,1988.0,10,2,257,2.9,0,0,0,0,0,0,0,0,0.3,0.3,0.5,0.8,11,40,33,0.0,0.0,0.0,0.0,0.0,0.1,0.18,0.28,0.1,0.28,2,1,1,8,0.0,0.0
558,Joe Willock,eng ENG,"MF,FW",Newcastle Utd,24.0,1999.0,32,11,1086,12.1,0,2,2,0,0,0,4,0,1.6,1.6,2.1,3.8,38,41,86,0.0,0.17,0.17,0.0,0.17,0.14,0.18,0.31,0.14,0.31,25,13,17,86,0.0,0.1657458563535911
559,Callum Wilson,eng ENG,FW,Newcastle Utd,32.0,1992.0,18,2,370,4.1,0,0,0,0,0,0,1,0,0.4,0.4,0.1,0.5,5,4,17,0.0,0.0,0.0,0.0,0.0,0.09,0.03,0.12,0.09,0.12,4,2,3,16,0.0,0.0
560,Harry Wilson,wls WAL,"FW,MF",Fulham,27.0,1997.0,25,12,1162,12.9,6,1,7,6,0,0,2,0,4.2,4.2,1.1,5.3,22,51,96,0.46,0.08,0.54,0.46,0.54,0.33,0.09,0.41,0.33,0.41,14,6,10,54,0.4647160068846816,0.0774526678141136
561,Harry Winks,eng ENG,MF,Leicester City,28.0,1996.0,22,17,1538,17.1,0,2,2,0,0,0,4,0,0.2,0.2,1.2,1.5,19,101,11,0.0,0.12,0.12,0.0,0.12,0.01,0.07,0.09,0.01,0.09,25,13,14,84,0.0,0.1170351105331599
562,Ben Winterburn,eng ENG,"MF,FW",Bournemouth,19.0,2004.0,4,0,24,0.3,0,0,0,0,0,0,0,0,0.0,0.0,0.0,0.0,2,0,2,0.0,0.0,0.0,0.0,0.0,0.0,0.0,0.0,0.0,0.0,0,0,0,2,0.0,0.0
563,Yoane Wissa,cd COD,FW,Brentford,27.0,1996.0,35,34,2919,32.4,19,4,23,19,0,0,5,0,18.5,18.5,2.6,21.1,60,67,154,0.59,0.12,0.71,0.59,0.71,0.57,0.08,0.65,0.57,0.65,34,15,25,134,0.5858170606372045,0.1233299075025693
564,Chris Wood,nz NZL,FW,Nott'ham Forest,32.0,1991.0,36,35,2959,32.9,20,3,23,17,3,3,1,0,13.4,11.0,2.6,13.6,14,42,94,0.61,0.09,0.7,0.52,0.61,0.41,0.08,0.49,0.34,0.42,25,11,15,98,0.6083136194660358,0.0912470429199053
565,Nathan Wood-Gordon,eng ENG,DF,Southampton,22.0,2002.0,11,9,773,8.6,0,0,0,0,0,0,2,0,0.2,0.2,0.0,0.3,2,17,0,0.0,0.0,0.0,0.0,0.0,0.03,0.0,0.03,0.03,0.03,19,11,12,60,0.0,0.0
566,Luke Woolfenden,eng ENG,DF,Ipswich Town,25.0,1998.0,15,12,1187,13.2,0,0,0,0,0,0,2,0,0.0,0.0,0.0,0.0,7,15,0,0.0,0.0,0.0,0.0,0.0,0.0,0.0,0.0,0.0,0.0,24,14,14,76,0.0,0.0
567,Yehor Yarmoliuk,ua UKR,MF,Brentford,20.0,2004.0,31,15,1450,16.1,0,0,0,0,0,0,6,0,0.6,0.6,0.9,1.5,15,63,47,0.0,0.0,0.0,0.0,0.0,0.04,0.05,0.09,0.04,0.09,27,14,16,93,0.0,0.0
568,Ryan Yates,eng ENG,MF,Nott'ham Forest,26.0,1997.0,35,18,1915,21.3,2,1,3,2,0,0,10,0,2.3,2.3,1.2,3.5,18,53,16,0.09,0.05,0.14,0.09,0.14,0.11,0.05,0.16,0.11,0.16,33,17,19,113,0.0939947780678851,0.0469973890339425
569,Leny Yoro,fr FRA,DF,Manchester Utd,18.0,2005.0,21,12,1165,12.9,0,0,0,0,0,0,5,0,0.7,0.7,0.1,0.8,19,52,4,0.0,0.0,0.0,0.0,0.0,0.05,0.01,0.06,0.05,0.06,30,18,20,96,0.0,0.0
570,Ashley Young,eng ENG,DF,Everton,39.0,1985.0,32,19,1875,20.8,1,3,4,1,0,0,7,1,0.3,0.3,2.3,2.6,24,90,32,0.05,0.14,0.19,0.05,0.19,0.01,0.11,0.12,0.01,0.12,46,27,30,147,0.048,0.144
571,Illia Zabarnyi,ua UKR,DF,Bournemouth,21.0,2002.0,36,35,3109,34.5,0,1,1,0,0,0,4,1,1.3,1.3,0.7,2.0,27,140,4,0.0,0.03,0.03,0.0,0.03,0.04,0.02,0.06,0.04,0.06,76,45,49,241,0.0,0.0289482148600836
572,Oleksandr Zinchenko,ua UKR,"DF,MF",Arsenal,27.0,1996.0,15,5,527,5.9,0,1,1,0,0,0,1,0,0.6,0.6,0.2,0.8,10,48,14,0.0,0.17,0.17,0.0,0.17,0.11,0.03,0.14,0.11,0.14,11,6,6,33,0.0,0.1707779886148007
573,Joshua Zirkzee,nl NED,"FW,MF",Manchester Utd,23.0,2001.0,32,14,1402,15.6,3,1,4,3,0,0,2,0,4.8,4.8,1.5,6.3,14,44,69,0.19,0.06,0.26,0.19,0.26,0.31,0.1,0.41,0.31,0.41,15,7,10,58,0.1925820256776034,0.0641940085592011
574,Martin Ødegaard,no NOR,MF,Arsenal,25.0,1998.0,30,26,2325,25.8,3,8,11,2,1,1,4,0,4.8,4.0,5.4,9.5,92,258,154,0.12,0.31,0.43,0.08,0.39,0.19,0.21,0.4,0.16,0.37,46,24,29,156,0.1161290322580645,0.3096774193548387
