player_name,Nationality,Date of Birth,Height,squad,Position,Appearances,Goals,Assists,Clean sheets,Facebook,Gls,Ast,xG,xAG,PrgC,PrgP,Min,MP,Tkl,TklW,Int,Recoveries,Gls_per_90,Ast_per_90,Position_Granular,Pos,position
Max Aarons,England,04/01/2000 (24),178cm,Bournemouth,Defender,90.0,0.0,4.0,10.0,0.0,0,0,0,0,0,0,0,0,0,0,0,0,0.0,0.0,CM,CM,CB
Zach Abbott,England,13/05/2006 (18),0,Nottingham Forest,Defender,0.0,0.0,0.0,0.0,0.0,0,0,0,0,0,0,0,0,0,0,0,0,0.0,0.0,CM,CM,CM
Terry Ablade,Finland,12/10/2001,0,0,Forward,0.0,0.0,0.0,0.0,0.0,0,0,0,0,0,0,0,0,0,0,0,0,0.0,0.0,CM,CM,CM
Josh Acheampong,England,05/05/2006 (18),0,Chelsea,Defender,1.0,0.0,0.0,0.0,0.0,0,0,0,0,0,0,0,0,0,0,0,0,0.0,0.0,CM,CM,CM
Tyler Adams,United States,14/02/1999 (25),173cm,Bournemouth,Midfielder,27.0,0.0,0.0,0.0,0.0,0,0,0,0,0,0,0,0,0,0,0,0,0.0,0.0,CM,CM,CM
Tosin Adarabioyo,England,24/09/1997 (26),196cm,Chelsea,Defender,78.0,3.0,0.0,18.0,0.0,0,0,0,0,0,0,0,0,0,0,0,0,0.0,0.0,CM,CM,LB
Tayo Adaramola,Ireland,14/11/2003,177cm,0,Defender,0.0,0.0,0.0,0.0,0.0,0,0,0,0,0,0,0,0,0,0,0,0,0.0,0.0,CM,CM,CM
Elijah Adebayo,England,07/01/1998,193cm,0,Forward,27.0,10.0,0.0,0.0,0.0,0,0,0,0,0,0,0,0,0,0,0,0,0.0,0.0,CM,CM,CM
Valintino Adedokun,Ireland,14/02/2003,0,0,Defender,0.0,0.0,0.0,0.0,0.0,0,0,0,0,0,0,0,0,0,0,0,0,0.0,0.0,CM,CM,CM
Simon Adingra,Cote D’Ivoire,01/01/2002 (22),175cm,Brighton & Hove Albion,Forward,31.0,6.0,1.0,0.0,0.0,0,0,0,0,0,0,0,0,0,0,0,0,0.0,0.0,CM,CM,IF
Adler Nascimento,Portugal,25/11/2004,0,0,Forward,0.0,0.0,0.0,0.0,0.0,0,0,0,0,0,0,0,0,0,0,0,0,0.0,0.0,CM,CM,CM
Adrián,Spain,03/01/1987,190cm,0,Goalkeeper,139.0,0.0,0.0,38.0,0.0,0,0,0,0,0,0,0,0,0,0,0,0,0.0,0.0,GK,GK,CM
Daniel Adu-Adjei,England,21/06/2005,177cm,0,Forward,0.0,0.0,0.0,0.0,0.0,0,0,0,0,0,0,0,0,0,0,0,0,0.0,0.0,CM,CM,CM
Nayef Aguerd,Morocco,30/03/1996 (28),190cm,West Ham United,Defender,39.0,3.0,0.0,7.0,0.0,0,0,0,0,0,0,0,0,0,0,0,0,0.0,0.0,CM,CM,DM
Brandon Aguilera,Costa Rica,28/06/2003,179cm,0,Midfielder,1.0,0.0,0.0,0.0,0.0,0,0,0,0,0,0,0,0,0,0,0,0,0.0,0.0,CM,CM,CM
Enock Agyei,Belgium,13/01/2005,172cm,0,Forward,0.0,0.0,0.0,0.0,0.0,0,0,0,0,0,0,0,0,0,0,0,0,0.0,0.0,CM,CM,CM
Naouirou Ahamada,France,29/03/2002 (22),183cm,Crystal Palace,Midfielder,28.0,0.0,0.0,0.0,0.0,0,0,0,0,0,0,0,0,0,0,0,0,0.0,0.0,CM,CM,CM
Anel Ahmedhodzic,Bosnia & Herzegovina,26/03/1999,195cm,0,Defender,31.0,2.0,0.0,1.0,0.0,0,0,0,0,0,0,0,0,0,0,0,0,0.0,0.0,CM,CM,DM
Ola Aina,Nigeria,08/10/1996 (27),184cm,Nottingham Forest,Defender,56.0,3.0,2.0,7.0,0.0,0,0,0,0,0,0,0,0,0,0,0,0,0.0,0.0,CM,CM,CB
Rayan Aït-Nouri,Algeria,06/06/2001 (23),180cm,Wolverhampton Wanderers,Defender,98.0,5.0,4.0,10.0,0.0,0,0,0,0,0,0,0,0,0,0,0,0,0.0,0.0,CM,CM,CB
Kristoffer Ajer,Norway,17/04/1998 (26),198cm,Brentford,Defender,61.0,3.0,4.0,9.0,0.0,0,0,0,0,0,0,0,0,0,0,0,0,0.0,0.0,CM,CM,CB
Manuel Akanji,Switzerland,19/07/1995 (29),186cm,Manchester City,Defender,59.0,2.0,1.0,17.0,0.0,0,0,0,0,0,0,0,0,0,0,0,0,0.0,0.0,CM,CM,CB
Ameen Al Dakhil,Belgium,06/03/2002,187cm,0,Defender,13.0,1.0,0.0,0.0,0.0,0,0,0,0,0,0,0,0,0,0,0,0,0.0,0.0,CM,CM,CM
Thiago Alcântara,Spain,11/04/1991,174cm,0,Midfielder,68.0,2.0,4.0,0.0,0.0,0,0,0,0,0,0,0,0,0,0,0,0,0.0,0.0,CM,CM,CM
Alex Murphy,Ireland,25/06/2004 (20),0,Newcastle United,Defender,2.0,0.0,0.0,0.0,0.0,0,0,0,0,0,0,0,0,0,0,0,0,0.0,0.0,CM,CM,CM
Alex Telles,Brazil,15/12/1992,181cm,0,Defender,30.0,0.0,6.0,5.0,0.0,0,0,0,0,0,0,0,0,0,0,0,0,0.0,0.0,CM,CM,CM
Trent Alexander-Arnold,England,07/10/1998 (25),175cm,Liverpool,Defender,226.0,15.0,58.0,68.0,0.0,0,0,0,0,0,0,0,0,0,0,0,0,0.0,0.0,CM,CM,CB
Alisson Becker,Brazil,02/10/1992 (31),193cm,Liverpool,Goalkeeper,201.0,1.0,3.0,86.0,0.0,0,0,0,0,0,0,0,0,0,0,0,0,0.0,0.0,GK,GK,CM
Sonny Aljofree,England,19/12/2004 (19),0,0,Defender,0.0,0.0,0.0,0.0,0.0,0,0,0,0,0,0,0,0,0,0,0,0,0.0,0.0,CM,CM,CM
Josh Allen,England,21/12/2003,0,0,Forward,0.0,0.0,0.0,0.0,0.0,0,0,0,0,0,0,0,0,0,0,0,0,0.0,0.0,CM,CM,CM
Max Alleyne,England,21/07/2005 (19),0,Manchester City,Defender,0.0,0.0,0.0,0.0,0.0,0,0,0,0,0,0,0,0,0,0,0,0,0.0,0.0,CM,CM,CM
Miguel Almirón,Paraguay,10/02/1994 (30),174cm,Newcastle United,Midfielder,177.0,23.0,6.0,0.0,0.0,0,0,0,0,0,0,0,0,0,0,0,0,0.0,0.0,CM,CM,IF
Julián Álvarez,Argentina,31/01/2000 (24),170cm,Manchester City,Forward,67.0,20.0,9.0,0.0,0.0,0,0,0,0,0,0,0,0,0,0,0,0,0.0,0.0,CM,CM,CM
Steven Alzate,Colombia,08/09/1998,180cm,0,Midfielder,43.0,1.0,0.0,0.0,0.0,0,0,0,0,0,0,0,0,0,0,0,0,0.0,0.0,CM,CM,CM
Harry Amass,England,16/03/2007 (17),0,Manchester United,Defender,0.0,0.0,0.0,0.0,0.0,0,0,0,0,0,0,0,0,0,0,0,0,0.0,0.0,CM,CM,LB
Zeki Amdouni,Switzerland,04/12/2000,185cm,0,Forward,34.0,5.0,1.0,0.0,0.0,0,0,0,0,0,0,0,0,0,0,0,0,0.0,0.0,CM,CM,CM
Samuel Amissah,England,07/03/2007,0,0,Defender,0.0,0.0,0.0,0.0,0.0,0,0,0,0,0,0,0,0,0,0,0,0,0.0,0.0,CM,CM,CM
Ethan Ampadu,Wales,14/09/2000,182cm,0,Defender,26.0,0.0,0.0,2.0,0.0,0,0,0,0,0,0,0,0,0,0,0,0,0.0,0.0,CM,CM,CM
Sofyan Amrabat,Morocco,21/08/1996,183cm,0,Midfielder,21.0,0.0,0.0,0.0,0.0,0,0,0,0,0,0,0,0,0,0,0,0,0.0,0.0,CM,CM,DM
Joseph Anang,England,08/06/2000,190cm,0,Goalkeeper,0.0,0.0,0.0,0.0,0.0,0,0,0,0,0,0,0,0,0,0,0,0,0.0,0.0,GK,GK,CM
Joachim Andersen,Denmark,31/05/1996 (28),192cm,Crystal Palace,Defender,135.0,4.0,7.0,36.0,0.0,0,0,0,0,0,0,0,0,0,0,0,0,0.0,0.0,CM,CM,CB
Elliot Anderson,Scotland,06/11/2002 (21),179cm,Nottingham Forest,Midfielder,44.0,0.0,3.0,0.0,0.0,0,0,0,0,0,0,0,0,0,0,0,0,0.0,0.0,CM,CM,CM
André Gomes,Portugal,30/07/1993,188cm,0,Midfielder,100.0,2.0,4.0,0.0,0.0,0,0,0,0,0,0,0,0,0,0,0,0,0.0,0.0,CM,CM,CM
Andrey Santos,Brazil,03/05/2004,178cm,0,Midfielder,1.0,0.0,0.0,0.0,0.0,0,0,0,0,0,0,0,0,0,0,0,0,0.0,0.0,CM,CM,CM
Vincent Angelini,Scotland,12/09/2003,186cm,0,Goalkeeper,0.0,0.0,0.0,0.0,0.0,0,0,0,0,0,0,0,0,0,0,0,0,0.0,0.0,GK,GK,CM
Ângelo,Brazil,21/12/2004 (19),180cm,Chelsea,Forward,0.0,0.0,0.0,0.0,0.0,0,0,0,0,0,0,0,0,0,0,0,0,0.0,0.0,CM,CM,CM
Tino Anjorin,England,23/11/2001,185cm,0,Midfielder,1.0,0.0,0.0,0.0,0.0,0,0,0,0,0,0,0,0,0,0,0,0,0.0,0.0,CM,CM,CM
Jaidon Anthony,England,01/12/1999 (24),183cm,Leeds United,Forward,33.0,2.0,1.0,0.0,0.0,0,0,0,0,0,0,0,0,0,0,0,0,0.0,0.0,CM,CM,CM
Antony,Brazil,24/02/2000 (24),174cm,Manchester United,Forward,54.0,5.0,3.0,0.0,0.0,0,0,0,0,0,0,0,0,0,0,0,0,0.0,0.0,CM,CM,CB
Keenan Appiah-Forson,England,16/10/2001,0,0,Midfielder,0.0,0.0,0.0,0.0,0.0,0,0,0,0,0,0,0,0,0,0,0,0,0.0,0.0,CM,CM,CM
Oliver Arblaster,England,05/05/2004,175cm,0,Midfielder,12.0,0.0,0.0,0.0,0.0,0,0,0,0,0,0,0,0,0,0,0,0,0.0,0.0,CM,CM,DM
Cameron Archer,England,09/12/2001 (22),181cm,Aston Villa,Forward,39.0,4.0,1.0,0.0,0.0,0,0,0,0,0,0,0,0,0,0,0,0,0.0,0.0,CM,CM,IF
Alphonse Areola,France,27/02/1993 (31),195cm,West Ham United,Goalkeeper,73.0,0.0,0.0,13.0,0.0,0,0,0,0,0,0,0,0,0,0,0,0,0.0,0.0,GK,GK,GK
Benjamin Arthur,England,09/10/2005,0,0,Defender,0.0,0.0,0.0,0.0,0.0,0,0,0,0,0,0,0,0,0,0,0,0,0.0,0.0,CM,CM,CM
Harrison Ashby,Scotland,14/11/2001 (22),179cm,Newcastle United,Defender,1.0,0.0,0.0,0.0,0.0,0,0,0,0,0,0,0,0,0,0,0,0,0.0,0.0,CM,CM,CM
Lorenz Assignon,France,22/06/2000,179cm,0,Defender,15.0,1.0,2.0,0.0,0.0,0,0,0,0,0,0,0,0,0,0,0,0,0.0,0.0,CM,CM,DM
Noël Atom,Germany,05/01/2005,0,0,Defender,0.0,0.0,0.0,0.0,0.0,0,0,0,0,0,0,0,0,0,0,0,0,0.0,0.0,CM,CM,CM
Pierre-Emerick Aubameyang,Gabon,18/06/1989,187cm,0,Forward,143.0,69.0,16.0,0.0,0.0,0,0,0,0,0,0,0,0,0,0,0,0,0.0,0.0,CM,CM,CM
Sèrge Aurier,Cote D’Ivoire,24/12/1992,176cm,0,Defender,113.0,6.0,14.0,21.0,0.0,0,0,0,0,0,0,0,0,0,0,0,0,0.0,0.0,CM,CM,DM
Brandon Austin,England,08/01/1999 (25),188cm,Tottenham Hotspur,Goalkeeper,0.0,0.0,0.0,0.0,0.0,0,0,0,0,0,0,0,0,0,0,0,0,0.0,0.0,GK,GK,GK
Taiwo Awoniyi,Nigeria,12/08/1997 (26),183cm,Nottingham Forest,Forward,47.0,16.0,4.0,0.0,0.0,0,0,0,0,0,0,0,0,0,0,0,0,0.0,0.0,CM,CM,IF
Yasin Ayari,Sweden,06/10/2003 (20),172cm,Blackburn Rovers,Midfielder,3.0,0.0,0.0,0.0,0.0,0,0,0,0,0,0,0,0,0,0,0,0,0.0,0.0,CM,CM,CM
Jordan Ayew,Ghana,11/09/1991 (32),182cm,Crystal Palace,Forward,274.0,37.0,25.0,0.0,0.0,0,0,0,0,0,0,0,0,0,0,0,0,0.0,0.0,CM,CM,IF
César Azpilicueta,Spain,28/08/1989,178cm,0,Defender,349.0,10.0,35.0,115.0,0.0,0,0,0,0,0,0,0,0,0,0,0,0,0.0,0.0,CM,CM,CM
Abdul Baba,Ghana,02/07/1994,180cm,0,Defender,15.0,0.0,1.0,2.0,0.0,0,0,0,0,0,0,0,0,0,0,0,0,0.0,0.0,CM,CM,CM
Benoît Badiashile,France,26/03/2001 (23),194cm,Chelsea,Defender,29.0,1.0,1.0,7.0,0.0,0,0,0,0,0,0,0,0,0,0,0,0,0.0,0.0,CM,CM,LB
Leon Bailey,Jamaica,09/08/1997 (26),178cm,Aston Villa,Midfielder,86.0,15.0,15.0,0.0,0.0,0,0,0,0,0,0,0,0,0,0,0,0,0.0,0.0,CM,CM,IF
Eric Bailly,Cote D’Ivoire,12/04/1994,187cm,0,Defender,70.0,1.0,0.0,24.0,0.0,0,0,0,0,0,0,0,0,0,0,0,0,0.0,0.0,CM,CM,CM
Stefan Bajcetic,Spain,22/10/2004 (19),185cm,Liverpool,Midfielder,12.0,1.0,0.0,0.0,0.0,0,0,0,0,0,0,0,0,0,0,0,0,0.0,0.0,CM,CM,DM
Benicio Baker-Boaitey,England,09/01/2004,0,0,Forward,5.0,0.0,0.0,0.0,0.0,0,0,0,0,0,0,0,0,0,0,0,0,0.0,0.0,CM,CM,CM
Ellery Balcombe,England,15/10/1999,190cm,0,Goalkeeper,0.0,0.0,0.0,0.0,0.0,0,0,0,0,0,0,0,0,0,0,0,0,0.0,0.0,GK,GK,CM
George Baldock,Greece,09/03/1993,178cm,0,Defender,83.0,2.0,6.0,17.0,0.0,0,0,0,0,0,0,0,0,0,0,0,0,0.0,0.0,CM,CM,DM
Carlos Baleba,Cameroon,03/01/2004 (20),179cm,Brighton & Hove Albion,Midfielder,27.0,0.0,0.0,0.0,0.0,0,0,0,0,0,0,0,0,0,0,0,0,0.0,0.0,CM,CM,CM
Emilio Ballard-Matthews,England,11/08/2008 (15),0,Wolverhampton Wanderers,Forward,0.0,0.0,0.0,0.0,0.0,0,0,0,0,0,0,0,0,0,0,0,0,0.0,0.0,CM,CM,CM
Fodé Ballo-Touré,Senegal,03/01/1997,182cm,0,Defender,6.0,0.0,0.0,0.0,0.0,0,0,0,0,0,0,0,0,0,0,0,0,0.0,0.0,CM,CM,CM
Kofi Balmer,Northern Ireland,19/09/2000,183cm,0,Defender,0.0,0.0,0.0,0.0,0.0,0,0,0,0,0,0,0,0,0,0,0,0,0.0,0.0,CM,CM,CM
Folarin Balogun,United States,03/07/2001,178cm,0,Forward,2.0,0.0,0.0,0.0,0.0,0,0,0,0,0,0,0,0,0,0,0,0,0.0,0.0,CM,CM,CM
Scott Banks,Scotland,26/09/2001,183cm,0,Forward,0.0,0.0,0.0,0.0,0.0,0,0,0,0,0,0,0,0,0,0,0,0,0.0,0.0,CM,CM,CM
Shandon Baptiste,Grenada,08/04/1998,175cm,0,Midfielder,55.0,2.0,2.0,0.0,0.0,0,0,0,0,0,0,0,0,0,0,0,0,0.0,0.0,CM,CM,CM
Valentín Barco,Argentina,23/07/2004 (20),170cm,Brighton & Hove Albion,Defender,6.0,0.0,0.0,0.0,0.0,0,0,0,0,0,0,0,0,0,0,0,0,0.0,0.0,CM,CM,DM
Ty Barnett,England,19/07/2005 (19),0,Wolverhampton Wanderers,Forward,0.0,0.0,0.0,0.0,0.0,0,0,0,0,0,0,0,0,0,0,0,0,0.0,0.0,CM,CM,CM
Luca Barrington,England,12/12/2004,0,0,Forward,0.0,0.0,0.0,0.0,0.0,0,0,0,0,0,0,0,0,0,0,0,0,0.0,0.0,CM,CM,CM
Chris Basham,England,20/07/1988,190cm,0,Defender,98.0,1.0,4.0,14.0,0.0,0,0,0,0,0,0,0,0,0,0,0,0,0.0,0.0,CM,CM,CM
Calvin Bassey,Nigeria,31/12/1999 (24),185cm,Fulham,Defender,29.0,1.0,0.0,6.0,0.0,0,0,0,0,0,0,0,0,0,0,0,0,0.0,0.0,CM,CM,CB
Samuel Bastien,DR Congo,26/09/1996,175cm,0,Midfielder,0.0,0.0,0.0,0.0,0.0,0,0,0,0,0,0,0,0,0,0,0,0,0.0,0.0,CM,CM,CM
Joe Bauress,England,01/03/2006,0,0,Forward,0.0,0.0,0.0,0.0,0.0,0,0,0,0,0,0,0,0,0,0,0,0,0.0,0.0,CM,CM,CM
Nathan Baxter,England,08/11/1998,191cm,0,Goalkeeper,0.0,0.0,0.0,0.0,0.0,0,0,0,0,0,0,0,0,0,0,0,0,0.0,0.0,GK,GK,CM
Altay Bayindir,Turkey,14/04/1998 (26),198cm,Manchester United,Goalkeeper,0.0,0.0,0.0,0.0,0.0,0,0,0,0,0,0,0,0,0,0,0,0,0.0,0.0,GK,GK,CM
Eddie Beach,Wales,09/10/2003 (20),196cm,Chelsea,Goalkeeper,0.0,0.0,0.0,0.0,0.0,0,0,0,0,0,0,0,0,0,0,0,0,0.0,0.0,GK,GK,CM
Mads Bech,Denmark,07/01/1999,189cm,0,Defender,15.0,0.0,0.0,2.0,0.0,0,0,0,0,0,0,0,0,0,0,0,0,0.0,0.0,CM,CM,CM
Owen Beck,Wales,09/08/2002 (21),177cm,Liverpool,Defender,1.0,0.0,0.0,0.0,0.0,0,0,0,0,0,0,0,0,0,0,0,0,0.0,0.0,CM,CM,DM
Amari'i Bell,Jamaica,05/05/1994,180cm,0,Defender,21.0,0.0,0.0,1.0,0.0,0,0,0,0,0,0,0,0,0,0,0,0,0.0,0.0,CM,CM,DM
Jimi Tauriainen,Finland,08/03/2004,0,0,Midfielder,1.0,0.0,0.0,0.0,0.0,0,0,0,0,0,0,0,0,0,0,0,0,0.0,0.0,CM,CM,CM
Marcus Tavernier,England,22/03/1999 (25),178cm,Bournemouth,Midfielder,53.0,8.0,8.0,0.0,0.0,0,0,0,0,0,0,0,0,0,0,0,0,0.0,0.0,CM,CM,IF
Slobodan Tedic,Serbia,13/04/2000,190cm,0,Forward,0.0,0.0,0.0,0.0,0.0,0,0,0,0,0,0,0,0,0,0,0,0,0.0,0.0,CM,CM,CM
Nathan Tella,Nigeria,05/07/1999,173cm,0,Midfielder,33.0,1.0,2.0,0.0,0.0,0,0,0,0,0,0,0,0,0,0,0,0,0.0,0.0,CM,CM,CM
Kenny Tete,Netherlands,09/10/1995 (28),180cm,Fulham,Defender,67.0,2.0,6.0,11.0,0.0,0,0,0,0,0,0,0,0,0,0,0,0,0.0,0.0,CM,CM,CB
Thiago Silva,Brazil,22/09/1984,183cm,0,Defender,113.0,8.0,3.0,32.0,0.0,0,0,0,0,0,0,0,0,0,0,0,0,0.0,0.0,CM,CM,CM
Bobby Thomas,England,30/01/2001,186cm,0,Defender,0.0,0.0,0.0,0.0,0.0,0,0,0,0,0,0,0,0,0,0,0,0,0.0,0.0,CM,CM,CM
Elliot Thorpe,Wales,09/11/2000,176cm,0,Midfielder,0.0,0.0,0.0,0.0,0.0,0,0,0,0,0,0,0,0,0,0,0,0,0.0,0.0,CM,CM,CM
Youri Tielemans,Belgium,07/05/1997 (27),176cm,Aston Villa,Midfielder,183.0,23.0,26.0,0.0,0.0,0,0,0,0,0,0,0,0,0,0,0,0,0.0,0.0,CM,CM,CM
Kieran Tierney,Scotland,05/06/1997 (27),178cm,Real Sociedad,Defender,91.0,3.0,8.0,19.0,0.0,0,0,0,0,0,0,0,0,0,0,0,0,0.0,0.0,CM,CM,LB
Jurriën Timber,Netherlands,17/06/2001 (23),179cm,Arsenal,Defender,2.0,0.0,0.0,0.0,0.0,0,0,0,0,0,0,0,0,0,0,0,0,0.0,0.0,CM,CM,LB
Harry Toffolo,England,19/08/1995 (28),183cm,Nottingham Forest,Defender,42.0,1.0,3.0,2.0,0.0,0,0,0,0,0,0,0,0,0,0,0,0,0.0,0.0,CM,CM,LB
Takehiro Tomiyasu,Japan,05/11/1998 (25),187cm,Arsenal,Defender,64.0,2.0,3.0,11.0,0.0,0,0,0,0,0,0,0,0,0,0,0,0,0.0,0.0,CM,CM,LB
Sandro Tonali,Italy,08/05/2000 (24),181cm,Newcastle United,Midfielder,8.0,1.0,0.0,0.0,0.0,0,0,0,0,0,0,0,0,0,0,0,0,0.0,0.0,CM,CM,CM
Ivan Toney,England,16/03/1996 (28),185cm,Brentford,Forward,85.0,36.0,11.0,0.0,0.0,0,0,0,0,0,0,0,0,0,0,0,0,0.0,0.0,CM,CM,CM
Pau Torres,Spain,16/01/1997 (27),191cm,Aston Villa,Defender,29.0,2.0,0.0,6.0,0.0,0,0,0,0,0,0,0,0,0,0,0,0,0.0,0.0,CM,CM,LB
Toti Gomes,Portugal,16/01/1999 (25),187cm,Wolverhampton Wanderers,Defender,56.0,2.0,3.0,8.0,0.0,0,0,0,0,0,0,0,0,0,0,0,0,0.0,0.0,CM,CM,CB
James Trafford,England,10/10/2002,197cm,0,Goalkeeper,28.0,0.0,0.0,2.0,0.0,0,0,0,0,0,0,0,0,0,0,0,0,0.0,0.0,GK,GK,CM
Bertrand Traoré,Burkina Faso,06/09/1995,181cm,0,Forward,65.0,11.0,7.0,0.0,0.0,0,0,0,0,0,0,0,0,0,0,0,0,0.0,0.0,CM,CM,CM
Mark Travers,Ireland,18/05/1999 (25),191cm,Bournemouth,Goalkeeper,19.0,0.0,0.0,5.0,0.0,0,0,0,0,0,0,0,0,0,0,0,0,0.0,0.0,GK,GK,GK
Mike Trésor,Belgium,28/05/1999,172cm,0,Forward,16.0,0.0,0.0,0.0,0.0,0,0,0,0,0,0,0,0,0,0,0,0,0.0,0.0,CM,CM,CM
Ryan Trevitt,England,12/03/2003 (21),170cm,Brentford,Midfielder,0.0,0.0,0.0,0.0,0.0,0,0,0,0,0,0,0,0,0,0,0,0,0.0,0.0,CM,CM,CM
Leandro Trossard,Belgium,04/12/1994 (29),172cm,Arsenal,Forward,170.0,38.0,24.0,0.0,0.0,0,0,0,0,0,0,0,0,0,0,0,0,0.0,0.0,CM,CM,IF
Auston Trusty,United States,12/08/1998,191cm,0,Defender,32.0,0.0,0.0,1.0,0.0,0,0,0,0,0,0,0,0,0,0,0,0,0.0,0.0,CM,CM,DM
Kostas Tsimikas,Greece,12/05/1996 (28),179cm,Liverpool,Defender,48.0,0.0,9.0,7.0,0.0,0,0,0,0,0,0,0,0,0,0,0,0,0.0,0.0,CM,CM,CB
Matt Turner,United States,24/06/1994 (30),191cm,Nottingham Forest,Goalkeeper,17.0,0.0,0.0,2.0,0.0,0,0,0,0,0,0,0,0,0,0,0,0,0.0,0.0,GK,GK,CM
Jay Turner-Cooke,England,31/12/2003 (20),0,Newcastle United,Midfielder,0.0,0.0,0.0,0.0,0.0,0,0,0,0,0,0,0,0,0,0,0,0,0.0,0.0,CM,CM,CM
Ed Turns,Wales,18/10/2002 (21),0,Crewe Alexandra,Defender,0.0,0.0,0.0,0.0,0.0,0,0,0,0,0,0,0,0,0,0,0,0,0.0,0.0,CM,CM,CM
Scott Twine,England,14/07/1999,174cm,0,Midfielder,0.0,0.0,0.0,0.0,0.0,0,0,0,0,0,0,0,0,0,0,0,0,0.0,0.0,CM,CM,CM
Destiny Udogie,Italy,28/11/2002 (21),186cm,Tottenham Hotspur,Defender,28.0,2.0,3.0,2.0,0.0,0,0,0,0,0,0,0,0,0,0,0,0,0.0,0.0,CM,CM,CB
Lesley Ugochukwu,France,26/03/2004 (20),190cm,Chelsea,Midfielder,12.0,0.0,0.0,0.0,0.0,0,0,0,0,0,0,0,0,0,0,0,0,0.0,0.0,CM,CM,CM
Franco Umeh-Chibueze,Ireland,26/01/2005 (19),0,Crystal Palace,Forward,0.0,0.0,0.0,0.0,0.0,0,0,0,0,0,0,0,0,0,0,0,0,0.0,0.0,CM,CM,CM
Enes Ünal,Turkey,10/05/1997 (27),187cm,Bournemouth,Forward,16.0,2.0,2.0,0.0,0.0,0,0,0,0,0,0,0,0,0,0,0,0,0.0,0.0,CM,CM,IF
Deniz Undav,Germany,19/07/1996 (28),179cm,Brighton & Hove Albion,Forward,22.0,5.0,0.0,0.0,0.0,0,0,0,0,0,0,0,0,0,0,0,0,0.0,0.0,CM,CM,CM
Hákon Valdimarsson,Iceland,13/10/2001 (22),188cm,Brentford,Goalkeeper,0.0,0.0,0.0,0.0,0.0,0,0,0,0,0,0,0,0,0,0,0,0,0.0,0.0,GK,GK,CM
Harvey Vale,England,11/09/2003,181cm,0,Midfielder,0.0,0.0,0.0,0.0,0.0,0,0,0,0,0,0,0,0,0,0,0,0,0.0,0.0,CM,CM,CM
Joel Valencia,Ecuador,16/11/1994,164cm,0,Forward,0.0,0.0,0.0,0.0,0.0,0,0,0,0,0,0,0,0,0,0,0,0,0.0,0.0,CM,CM,CM
Donny van de Beek,Netherlands,18/04/1997,184cm,0,Midfielder,42.0,3.0,1.0,0.0,0.0,0,0,0,0,0,0,0,0,0,0,0,0,0.0,0.0,CM,CM,CM
Micky van de Ven,Netherlands,19/04/2001 (23),193cm,Tottenham Hotspur,Defender,27.0,3.0,0.0,5.0,0.0,0,0,0,0,0,0,0,0,0,0,0,0,0.0,0.0,CM,CM,CB
Sepp van den Berg,Netherlands,20/12/2001 (22),189cm,Liverpool,Defender,0.0,0.0,0.0,0.0,0.0,0,0,0,0,0,0,0,0,0,0,0,0,0.0,0.0,CM,CM,LB
Virgil van Dijk,Netherlands,08/07/1991 (33),195cm,Liverpool,Defender,264.0,22.0,7.0,102.0,0.0,0,0,0,0,0,0,0,0,0,0,0,0,0.0,0.0,CM,CM,LB
Jan Paul van Hecke,Netherlands,08/06/2000 (24),189cm,Brighton & Hove Albion,Defender,36.0,0.0,0.0,5.0,0.0,0,0,0,0,0,0,0,0,0,0,0,0,0.0,0.0,CM,CM,CB
Raphaël Varane,France,25/04/1993,191cm,0,Defender,68.0,2.0,1.0,16.0,0.0,0,0,0,0,0,0,0,0,0,0,0,0,0.0,0.0,CM,CM,CM
Alejo Véliz,Argentina,19/09/2003 (20),186cm,Sevilla,Forward,8.0,1.0,0.0,0.0,0.0,0,0,0,0,0,0,0,0,0,0,0,0,0.0,0.0,CM,CM,CM
Joël Veltman,Netherlands,15/01/1992 (32),184cm,Brighton & Hove Albion,Defender,120.0,4.0,4.0,23.0,0.0,0,0,0,0,0,0,0,0,0,0,0,0,0.0,0.0,CM,CM,CB
Bart Verbruggen,Netherlands,18/08/2002 (21),193cm,Brighton & Hove Albion,Goalkeeper,21.0,0.0,0.0,4.0,0.0,0,0,0,0,0,0,0,0,0,0,0,0,0.0,0.0,GK,GK,GK
Guglielmo Vicario,Italy,07/10/1996 (27),194cm,Tottenham Hotspur,Goalkeeper,38.0,0.0,0.0,7.0,0.0,0,0,0,0,0,0,0,0,0,0,0,0,0.0,0.0,GK,GK,GK
Lawrence Vigouroux,Chile,19/11/1993,194cm,0,Goalkeeper,0.0,0.0,0.0,0.0,0.0,0,0,0,0,0,0,0,0,0,0,0,0,0.0,0.0,GK,GK,CM
Matías Viña,Uruguay,09/11/1997,175cm,0,Defender,12.0,2.0,0.0,1.0,0.0,0,0,0,0,0,0,0,0,0,0,0,0,0.0,0.0,CM,CM,CM
Vinicius Souza,Brazil,17/06/1999,187cm,0,Midfielder,36.0,1.0,0.0,0.0,0.0,0,0,0,0,0,0,0,0,0,0,0,0,0.0,0.0,CM,CM,DM
Radek Vítek,Czech Republic,24/10/2003 (20),198cm,Accrington Stanley,Goalkeeper,0.0,0.0,0.0,0.0,0.0,0,0,0,0,0,0,0,0,0,0,0,0,0.0,0.0,GK,GK,CM
Vitinho,Brazil,23/07/1999,175cm,0,Defender,32.0,0.0,2.0,2.0,0.0,0,0,0,0,0,0,0,0,0,0,0,0,0.0,0.0,CM,CM,DM
Odysseas Vlachodimos,Greece,26/04/1994 (30),188cm,Newcastle United,Goalkeeper,5.0,0.0,0.0,1.0,0.0,0,0,0,0,0,0,0,0,0,0,0,0,0.0,0.0,GK,GK,CM
Nikola Vlasic,Croatia,04/10/1997,178cm,0,Midfielder,31.0,1.0,0.0,0.0,0.0,0,0,0,0,0,0,0,0,0,0,0,0,0.0,0.0,CM,CM,CM
Jack Wadham,England,25/02/2003,183cm,0,Midfielder,0.0,0.0,0.0,0.0,0.0,0,0,0,0,0,0,0,0,0,0,0,0,0.0,0.0,CM,CM,CM
Ethan Wady,United States,23/01/2002,0,0,Goalkeeper,0.0,0.0,0.0,0.0,0.0,0,0,0,0,0,0,0,0,0,0,0,0,0.0,0.0,GK,GK,CM
Reuell Walters,England,16/12/2004,183cm,0,Defender,0.0,0.0,0.0,0.0,0.0,0,0,0,0,0,0,0,0,0,0,0,0,0.0,0.0,CM,CM,CM
Jack Walton,England,23/04/1998,184cm,0,Goalkeeper,0.0,0.0,0.0,0.0,0.0,0,0,0,0,0,0,0,0,0,0,0,0,0.0,0.0,GK,GK,CM
Aaron Wan-Bissaka,England,26/11/1997 (26),183cm,Manchester United,Defender,172.0,2.0,13.0,51.0,0.0,0,0,0,0,0,0,0,0,0,0,0,0,0.0,0.0,CM,CM,CB
Lewis Warrington,England,10/10/2002,0,0,Midfielder,1.0,0.0,0.0,0.0,0.0,0,0,0,0,0,0,0,0,0,0,0,0,0.0,0.0,CM,CM,CM
Ollie Watkins,England,30/12/1995 (28),180cm,Aston Villa,Forward,146.0,59.0,26.0,0.0,0.0,0,0,0,0,0,0,0,0,0,0,0,0,0.0,0.0,CM,CM,ST
Louie Watson,Ireland,07/06/2001,0,0,Midfielder,0.0,0.0,0.0,0.0,0.0,0,0,0,0,0,0,0,0,0,0,0,0,0.0,0.0,CM,CM,CM
Kelland Watts,England,03/11/1999,192cm,0,Defender,1.0,0.0,0.0,0.0,0.0,0,0,0,0,0,0,0,0,0,0,0,0,0.0,0.0,CM,CM,CM
Wout Weghorst,Netherlands,07/08/1992,197cm,0,Forward,37.0,2.0,4.0,0.0,0.0,0,0,0,0,0,0,0,0,0,0,0,0,0.0,0.0,CM,CM,CM
Jensen Weir,England,31/01/2002 (22),186cm,Port Vale,Midfielder,0.0,0.0,0.0,0.0,0.0,0,0,0,0,0,0,0,0,0,0,0,0,0.0,0.0,CM,CM,CM
Reece Welch,England,19/09/2003,0,0,Defender,0.0,0.0,0.0,0.0,0.0,0,0,0,0,0,0,0,0,0,0,0,0,0.0,0.0,CM,CM,CM
Jack Wells-Morrison,England,18/02/2004 (20),180cm,Crystal Palace,Midfielder,0.0,0.0,0.0,0.0,0.0,0,0,0,0,0,0,0,0,0,0,0,0,0.0,0.0,CM,CM,CM
Timo Werner,Germany,06/03/1996 (28),180cm,Tottenham Hotspur,Forward,69.0,12.0,12.0,0.0,0.0,0,0,0,0,0,0,0,0,0,0,0,0,0.0,0.0,CM,CM,IF
Wesley,Brazil,24/11/1996,191cm,0,Forward,25.0,5.0,1.0,0.0,0.0,0,0,0,0,0,0,0,0,0,0,0,0,0.0,0.0,CM,CM,CM
Adam Wharton,England,06/02/2004 (20),182cm,Crystal Palace,Midfielder,16.0,0.0,3.0,0.0,0.0,0,0,0,0,0,0,0,0,0,0,0,0,0.0,0.0,CM,CM,CM
Ethan Wheatley,England,20/01/2006 (18),0,Manchester United,Forward,3.0,0.0,0.0,0.0,0.0,0,0,0,0,0,0,0,0,0,0,0,0,0.0,0.0,CM,CM,CM
Ben White,England,08/10/1997 (26),186cm,Arsenal,Defender,143.0,6.0,9.0,46.0,0.0,0,0,0,0,0,0,0,0,0,0,0,0,0.0,0.0,CM,CM,CB
Alfie Whiteman,England,02/10/1998 (25),189cm,Tottenham Hotspur,Goalkeeper,0.0,0.0,0.0,0.0,0.0,0,0,0,0,0,0,0,0,0,0,0,0,0.0,0.0,GK,GK,CM
Matthew Whittingham,England,21/10/2004 (19),0,Wolverhampton Wanderers,Midfielder,0.0,0.0,0.0,0.0,0.0,0,0,0,0,0,0,0,0,0,0,0,0,0.0,0.0,CM,CM,CM
Joe Whitworth,England,29/02/2004,179cm,0,Goalkeeper,2.0,0.0,0.0,0.0,0.0,0,0,0,0,0,0,0,0,0,0,0,0,0.0,0.0,GK,GK,CM
George Wickens,England,08/11/2001,183cm,0,Goalkeeper,0.0,0.0,0.0,0.0,0.0,0,0,0,0,0,0,0,0,0,0,0,0,0.0,0.0,GK,GK,CM
Dylan Williams,England,13/09/2003,0,0,Defender,0.0,0.0,0.0,0.0,0.0,0,0,0,0,0,0,0,0,0,0,0,0,0.0,0.0,CM,CM,CM
Willian,Brazil,09/08/1988 (35),175cm,Fulham,Forward,317.0,47.0,45.0,0.0,0.0,0,0,0,0,0,0,0,0,0,0,0,0,0.0,0.0,CM,CM,IF
Joe Willock,England,20/08/1999 (24),179cm,Newcastle United,Midfielder,127.0,15.0,7.0,0.0,0.0,0,0,0,0,0,0,0,0,0,0,0,0,0.0,0.0,CM,CM,CM
Josh Wilson-Esbrand,England,26/12/2002 (21),176cm,Manchester City,Defender,0.0,0.0,0.0,0.0,0.0,0,0,0,0,0,0,0,0,0,0,0,0,0.0,0.0,CM,CM,CM
Yoane Wissa,DR Congo,03/09/1996 (27),176cm,Brentford,Midfielder,102.0,26.0,7.0,0.0,0.0,0,0,0,0,0,0,0,0,0,0,0,0,0.0,0.0,CM,CM,ST
Cauley Woodrow,England,02/12/1994,184cm,0,Forward,30.0,2.0,1.0,0.0,0.0,0,0,0,0,0,0,0,0,0,0,0,0,0.0,0.0,CM,CM,CM
Tom Wooster,England,30/03/2005,0,0,Goalkeeper,0.0,0.0,0.0,0.0,0.0,0,0,0,0,0,0,0,0,0,0,0,0,0.0,0.0,GK,GK,CM
Joe Worrall,England,10/01/1997 (27),193cm,Nottingham Forest,Defender,37.0,1.0,0.0,6.0,0.0,0,0,0,0,0,0,0,0,0,0,0,0,0.0,0.0,CM,CM,CM
James Wright,England,02/12/2004,0,0,Goalkeeper,0.0,0.0,0.0,0.0,0.0,0,0,0,0,0,0,0,0,0,0,0,0,0.0,0.0,GK,GK,CM
Granit Xhaka,Switzerland,27/09/1992,186cm,0,Midfielder,225.0,17.0,24.0,0.0,0.0,0,0,0,0,0,0,0,0,0,0,0,0,0.0,0.0,CM,CM,CM
Yan Couto,Brazil,03/06/2002,168cm,0,Defender,0.0,0.0,0.0,0.0,0.0,0,0,0,0,0,0,0,0,0,0,0,0,0.0,0.0,CM,CM,CM
Jean-Ricner Bellegarde,France,27/06/1998 (26),170cm,Wolverhampton Wanderers,Midfielder,22.0,2.0,1.0,0.0,0.0,0,0,0,0,0,0,0,0,0,0,0,0,0.0,0.0,CM,CM,CM
Anis Ben Slimane,Tunisia,16/03/2001,188cm,0,Midfielder,15.0,0.0,0.0,0.0,0.0,0,0,0,0,0,0,0,0,0,0,0,0,0.0,0.0,CM,CM,CM
Steven Benda,Germany,01/10/1998 (25),192cm,Fulham,Goalkeeper,0.0,0.0,0.0,0.0,0.0,0,0,0,0,0,0,0,0,0,0,0,0,0.0,0.0,GK,GK,CM
Rhys Bennett,England,30/10/2003 (20),0,0,Defender,0.0,0.0,0.0,0.0,0.0,0,0,0,0,0,0,0,0,0,0,0,0,0.0,0.0,CM,CM,CM
Saïd Benrahma,Algeria,10/08/1995,172cm,0,Forward,110.0,15.0,16.0,0.0,0.0,0,0,0,0,0,0,0,0,0,0,0,0,0.0,0.0,CM,CM,CM
Rodrigo Bentancur,Uruguay,25/06/1997 (27),187cm,Tottenham Hotspur,Midfielder,58.0,6.0,7.0,0.0,0.0,0,0,0,0,0,0,0,0,0,0,0,0,0.0,0.0,CM,CM,CM
Dan Bentley,England,13/07/1993 (31),188cm,Wolverhampton Wanderers,Goalkeeper,7.0,0.0,0.0,1.0,0.0,0,0,0,0,0,0,0,0,0,0,0,0,0.0,0.0,GK,GK,CM
Sander Berge,Norway,14/02/1998,195cm,0,Midfielder,66.0,3.0,4.0,0.0,0.0,0,0,0,0,0,0,0,0,0,0,0,0,0.0,0.0,CM,CM,CM
Lucas Bergström,Finland,05/09/2002 (21),199cm,Chelsea,Goalkeeper,0.0,0.0,0.0,0.0,0.0,0,0,0,0,0,0,0,0,0,0,0,0,0.0,0.0,GK,GK,CM
Bernardo Silva,Portugal,10/08/1994 (29),173cm,Manchester City,Midfielder,233.0,39.0,42.0,0.0,0.0,0,0,0,0,0,0,0,0,0,0,0,0,0.0,0.0,CM,CM,CM
Luke Berry,England,12/07/1992,177cm,0,Midfielder,17.0,2.0,1.0,0.0,0.0,0,0,0,0,0,0,0,0,0,0,0,0,0.0,0.0,CM,CM,CM
Beto,Portugal,31/01/1998 (26),194cm,Everton,Forward,30.0,3.0,0.0,0.0,0.0,0,0,0,0,0,0,0,0,0,0,0,0,0.0,0.0,CM,CM,IF
Jordan Beyer,Germany,19/05/2000,187cm,0,Defender,15.0,0.0,1.0,2.0,0.0,0,0,0,0,0,0,0,0,0,0,0,0,0.0,0.0,CM,CM,DM
Giulian Biancone,France,31/03/2000,187cm,0,Defender,2.0,0.0,0.0,0.0,0.0,0,0,0,0,0,0,0,0,0,0,0,0,0.0,0.0,CM,CM,CM
Mads Bidstrup,Denmark,25/02/2001,175cm,0,Midfielder,4.0,0.0,0.0,0.0,0.0,0,0,0,0,0,0,0,0,0,0,0,0,0.0,0.0,CM,CM,CM
Mika Biereth,Denmark,08/02/2003 (21),187cm,SK Puntigamer Sturm Graz,Forward,0.0,0.0,0.0,0.0,0.0,0,0,0,0,0,0,0,0,0,0,0,0,0.0,0.0,CM,CM,CM
Nathan Bishop,England,15/10/1999,185cm,0,Goalkeeper,0.0,0.0,0.0,0.0,0.0,0,0,0,0,0,0,0,0,0,0,0,0,0.0,0.0,GK,GK,CM
Yves Bissouma,Mali,30/08/1996 (27),182cm,Tottenham Hotspur,Midfielder,163.0,3.0,2.0,0.0,0.0,0,0,0,0,0,0,0,0,0,0,0,0,0.0,0.0,CM,CM,CM
Billy Blacker,England,25/05/2006,0,0,Forward,0.0,0.0,0.0,0.0,0.0,0,0,0,0,0,0,0,0,0,0,0,0,0.0,0.0,CM,CM,CM
Malachi Boateng,England,05/07/2002,0,0,Midfielder,0.0,0.0,0.0,0.0,0.0,0,0,0,0,0,0,0,0,0,0,0,0,0.0,0.0,CM,CM,CM
Oscar Bobb,Norway,12/07/2003 (21),174cm,Manchester City,Midfielder,14.0,1.0,1.0,0.0,0.0,0,0,0,0,0,0,0,0,0,0,0,0,0.0,0.0,CM,CM,IF
Jayden Bogle,England,27/07/2000,178cm,0,Defender,50.0,5.0,0.0,3.0,0.0,0,0,0,0,0,0,0,0,0,0,0,0,0.0,0.0,CM,CM,DM
Bendegúz Bolla,Hungary,22/11/1999,180cm,0,Defender,0.0,0.0,0.0,0.0,0.0,0,0,0,0,0,0,0,0,0,0,0,0,0.0,0.0,CM,CM,CM
Willy-Arnaud Boly,Cote D’Ivoire,03/02/1991 (33),195cm,Nottingham Forest,Defender,120.0,7.0,4.0,31.0,0.0,0,0,0,0,0,0,0,0,0,0,0,0,0.0,0.0,CM,CM,DM
Alex Borto,United States,06/11/2003,188cm,0,Goalkeeper,0.0,0.0,0.0,0.0,0.0,0,0,0,0,0,0,0,0,0,0,0,0,0.0,0.0,GK,GK,CM
Sven Botman,Netherlands,12/01/2000 (24),193cm,Newcastle United,Defender,53.0,2.0,2.0,14.0,0.0,0,0,0,0,0,0,0,0,0,0,0,0,0.0,0.0,CM,CM,LB
Aaron Bott,England,06/09/2004,0,0,Goalkeeper,0.0,0.0,0.0,0.0,0.0,0,0,0,0,0,0,0,0,0,0,0,0,0.0,0.0,GK,GK,CM
Jarrod Bowen,England,20/12/1996 (27),175cm,West Ham United,Forward,166.0,43.0,30.0,0.0,0.0,0,0,0,0,0,0,0,0,0,0,0,0,0.0,0.0,CM,CM,IF
Josh Bowler,England,05/03/1999 (25),0,Nottingham Forest,Midfielder,0.0,0.0,0.0,0.0,0.0,0,0,0,0,0,0,0,0,0,0,0,0,0.0,0.0,CM,CM,CM
Conor Bradley,Northern Ireland,09/07/2003 (21),180cm,Liverpool,Defender,11.0,1.0,3.0,0.0,0.0,0,0,0,0,0,0,0,0,0,0,0,0,0.0,0.0,CM,CM,CB
Jarrad Branthwaite,England,27/06/2002 (22),195cm,Everton,Defender,45.0,4.0,0.0,13.0,0.0,0,0,0,0,0,0,0,0,0,0,0,0,0.0,0.0,CM,CM,CB
Ben Brereton,Chile,18/04/1999 (25),185cm,Southampton,Forward,14.0,6.0,1.0,0.0,0.0,0,0,0,0,0,0,0,0,0,0,0,0,0.0,0.0,CM,CM,IF
Rhian Brewster,England,01/04/2000,180cm,0,Forward,40.0,0.0,0.0,0.0,0.0,0,0,0,0,0,0,0,0,0,0,0,0,0.0,0.0,CM,CM,CM
Ethan Brierley,England,23/11/2003,168cm,0,Midfielder,0.0,0.0,0.0,0.0,0.0,0,0,0,0,0,0,0,0,0,0,0,0,0.0,0.0,CM,CM,CM
Armando Broja,Albania,10/09/2001 (22),191cm,Chelsea,Forward,66.0,8.0,1.0,0.0,0.0,0,0,0,0,0,0,0,0,0,0,0,0,0.0,0.0,CM,CM,IF
Josh Brooking,England,01/09/2002,0,0,Defender,0.0,0.0,0.0,0.0,0.0,0,0,0,0,0,0,0,0,0,0,0,0,0.0,0.0,CM,CM,CM
Jacob Brown,Scotland,10/04/1998,178cm,0,Forward,19.0,2.0,0.0,0.0,0.0,0,0,0,0,0,0,0,0,0,0,0,0,0.0,0.0,CM,CM,CM
Josh Brownhill,England,19/12/1995,180cm,0,Midfielder,111.0,6.0,6.0,0.0,0.0,0,0,0,0,0,0,0,0,0,0,0,0,0.0,0.0,CM,CM,DM
Bruno Fernandes,Portugal,08/09/1994 (29),179cm,Manchester United,Midfielder,159.0,54.0,41.0,0.0,0.0,0,0,0,0,0,0,0,0,0,0,0,0,0.0,0.0,CM,CM,CM
Bruno Guimarães,Brazil,16/11/1997 (26),182cm,Newcastle United,Midfielder,86.0,16.0,14.0,0.0,0.0,0,0,0,0,0,0,0,0,0,0,0,0,0.0,0.0,CM,CM,CM
Bruno Jordão,Portugal,12/10/1998,180cm,0,Midfielder,1.0,0.0,0.0,0.0,0.0,0,0,0,0,0,0,0,0,0,0,0,0,0.0,0.0,CM,CM,CM
Jacob Bruun Larsen,Denmark,19/09/1998,183cm,0,Forward,32.0,6.0,0.0,0.0,0.0,0,0,0,0,0,0,0,0,0,0,0,0,0.0,0.0,CM,CM,CM
Emiliano Buendía,Argentina,25/12/1996 (27),172cm,Aston Villa,Midfielder,109.0,10.0,15.0,0.0,0.0,0,0,0,0,0,0,0,0,0,0,0,0,0.0,0.0,CM,CM,CM
Santiago Bueno,Uruguay,09/11/1998 (25),190cm,Wolverhampton Wanderers,Defender,12.0,0.0,0.0,0.0,0.0,0,0,0,0,0,0,0,0,0,0,0,0,0.0,0.0,CM,CM,LB
Facundo Buonanotte,Argentina,23/12/2004 (19),174cm,Brighton & Hove Albion,Midfielder,40.0,4.0,2.0,0.0,0.0,0,0,0,0,0,0,0,0,0,0,0,0,0.0,0.0,CM,CM,IF
Jake Burger,England,06/10/2004,0,0,Midfielder,0.0,0.0,0.0,0.0,0.0,0,0,0,0,0,0,0,0,0,0,0,0,0.0,0.0,CM,CM,CM
Reece Burke,England,02/09/1996,188cm,0,Defender,27.0,0.0,4.0,3.0,0.0,0,0,0,0,0,0,0,0,0,0,0,0,0.0,0.0,CM,CM,DM
Nathan Butler-Oyedeji,England,04/01/2003,177cm,0,Forward,0.0,0.0,0.0,0.0,0.0,0,0,0,0,0,0,0,0,0,0,0,0,0.0,0.0,CM,CM,IF
Jili Buyabu,England,09/08/2003,182cm,0,Defender,0.0,0.0,0.0,0.0,0.0,0,0,0,0,0,0,0,0,0,0,0,0,0.0,0.0,CM,CM,CM
Cafú,Portugal,26/02/1993,185cm,0,Midfielder,1.0,0.0,0.0,0.0,0.0,0,0,0,0,0,0,0,0,0,0,0,0,0.0,0.0,CM,CM,CM
Elijah Campbell,England,02/08/2004 (20),182cm,Fleetwood Town,Defender,0.0,0.0,0.0,0.0,0.0,0,0,0,0,0,0,0,0,0,0,0,0,0.0,0.0,CM,CM,CM
Thomas Cannon,Ireland,28/12/2002 (21),180cm,Leicester City,Forward,3.0,0.0,0.0,0.0,0.0,0,0,0,0,0,0,0,0,0,0,0,0,0.0,0.0,CM,CM,CM
Sergi Canós,Spain,02/02/1997,177cm,0,Midfielder,37.0,3.0,2.0,0.0,0.0,0,0,0,0,0,0,0,0,0,0,0,0,0.0,0.0,CM,CM,CM
Carlos Gomes,Guinea-Bissau,14/11/1998,178cm,0,Forward,0.0,0.0,0.0,0.0,0.0,0,0,0,0,0,0,0,0,0,0,0,0,0.0,0.0,CM,CM,CM
Carlos Vinícius,Brazil,25/03/1995 (29),190cm,Fulham,Forward,50.0,8.0,2.0,0.0,0.0,0,0,0,0,0,0,0,0,0,0,0,0,0.0,0.0,CM,CM,CM
Nathan Carlyon,England,14/09/2002,0,0,Midfielder,0.0,0.0,0.0,0.0,0.0,0,0,0,0,0,0,0,0,0,0,0,0,0.0,0.0,CM,CM,CM
Scott Carson,England,03/09/1985 (38),188cm,Manchester City,Goalkeeper,146.0,0.0,2.0,30.0,0.0,0,0,0,0,0,0,0,0,0,0,0,0,0.0,0.0,GK,GK,CM
Cesare Casadei,Italy,10/01/2003 (21),186cm,Chelsea,Midfielder,11.0,0.0,0.0,0.0,0.0,0,0,0,0,0,0,0,0,0,0,0,0,0.0,0.0,CM,CM,CM
Casemiro,Brazil,23/02/1992 (32),185cm,Manchester United,Midfielder,53.0,5.0,5.0,0.0,0.0,0,0,0,0,0,0,0,0,0,0,0,0,0.0,0.0,CM,CM,CM
Kaelan Casey,England,28/10/2004 (19),0,West Ham United,Defender,1.0,0.0,0.0,0.0,0.0,0,0,0,0,0,0,0,0,0,0,0,0,0.0,0.0,CM,CM,LB
Matty Cash,Poland,07/08/1997 (26),185cm,Aston Villa,Defender,121.0,6.0,8.0,25.0,0.0,0,0,0,0,0,0,0,0,0,0,0,0,0.0,0.0,CM,CM,CB
Charlie Casper,England,04/04/2005,0,0,Goalkeeper,0.0,0.0,0.0,0.0,0.0,0,0,0,0,0,0,0,0,0,0,0,0,0.0,0.0,GK,GK,CM
Timothy Castagne,Belgium,05/12/1995 (28),185cm,Fulham,Defender,125.0,6.0,9.0,25.0,0.0,0,0,0,0,0,0,0,0,0,0,0,0,0.0,0.0,CM,CM,CB
Leo Castledine,England,20/08/2005,0,0,Midfielder,0.0,0.0,0.0,0.0,0.0,0,0,0,0,0,0,0,0,0,0,0,0,0.0,0.0,CM,CM,CM
Cédric Soares,Portugal,31/08/1991,172cm,0,Defender,167.0,3.0,13.0,33.0,0.0,0,0,0,0,0,0,0,0,0,0,0,0,0.0,0.0,CM,CM,CM
Kallum Cesay,Sierra Leone,04/09/2002,0,0,Defender,0.0,0.0,0.0,0.0,0.0,0,0,0,0,0,0,0,0,0,0,0,0,0.0,0.0,CM,CM,CM
Trevoh Chalobah,England,05/07/1999 (25),190cm,Chelsea,Defender,58.0,4.0,1.0,15.0,0.0,0,0,0,0,0,0,0,0,0,0,0,0,0.0,0.0,CM,CM,CB
Shea Charles,Northern Ireland,05/11/2003 (20),189cm,Southampton,Midfielder,1.0,0.0,0.0,0.0,0.0,0,0,0,0,0,0,0,0,0,0,0,0,0.0,0.0,CM,CM,CM
Charlie Robinson,England,19/09/2004,0,0,Defender,0.0,0.0,0.0,0.0,0.0,0,0,0,0,0,0,0,0,0,0,0,0,0.0,0.0,CM,CM,CM
Dan Chesters,England,04/04/2002,177cm,0,Midfielder,1.0,0.0,0.0,0.0,0.0,0,0,0,0,0,0,0,0,0,0,0,0,0.0,0.0,CM,CM,CM
Christian Chigozie,England,01/03/2007,0,0,Defender,0.0,0.0,0.0,0.0,0.0,0,0,0,0,0,0,0,0,0,0,0,0,0.0,0.0,CM,CM,CM
Chiquinho,Portugal,05/02/2000 (24),179cm,Wolverhampton Wanderers,Forward,8.0,0.0,3.0,0.0,0.0,0,0,0,0,0,0,0,0,0,0,0,0,0.0,0.0,AM,AM,CM
Tawanda Chirewa,Zimbabwe,11/10/2003 (20),0,Wolverhampton Wanderers,Midfielder,8.0,0.0,0.0,0.0,0.0,0,0,0,0,0,0,0,0,0,0,0,0,0.0,0.0,CM,CM,CM
Leon Chiwome,England,10/01/2006 (18),0,Wolverhampton Wanderers,Forward,3.0,0.0,0.0,0.0,0.0,0,0,0,0,0,0,0,0,0,0,0,0,0.0,0.0,CM,CM,CM
Tahith Chong,Netherlands,04/12/1999,185cm,0,Midfielder,38.0,4.0,0.0,0.0,0.0,0,0,0,0,0,0,0,0,0,0,0,0,0.0,0.0,CM,CM,DM
Samy Chouchane,Tunisia,05/09/2003,0,0,Midfielder,0.0,0.0,0.0,0.0,0.0,0,0,0,0,0,0,0,0,0,0,0,0,0.0,0.0,CM,CM,CM
Ryan Christie,Scotland,22/02/1995 (29),178cm,Bournemouth,Midfielder,69.0,1.0,6.0,0.0,0.0,0,0,0,0,0,0,0,0,0,0,0,0,0.0,0.0,CM,CM,CM
Carney Chukwuemeka,England,20/10/2003 (20),187cm,Chelsea,Midfielder,37.0,1.0,2.0,0.0,0.0,0,0,0,0,0,0,0,0,0,0,0,0,0.0,0.0,CM,CM,CM
Darko Churlinov,North Macedonia,11/07/2000,171cm,0,Forward,0.0,0.0,0.0,0.0,0.0,0,0,0,0,0,0,0,0,0,0,0,0,0.0,0.0,CM,CM,CM
Catalin Cîrjan,Romania,01/12/2002,174cm,0,Midfielder,0.0,0.0,0.0,0.0,0.0,0,0,0,0,0,0,0,0,0,0,0,0,0.0,0.0,CM,CM,CM
Bobby Clark,England,07/02/2005 (19),178cm,Liverpool,Midfielder,6.0,0.0,0.0,0.0,0.0,0,0,0,0,0,0,0,0,0,0,0,0,0.0,0.0,CM,CM,CM
Regan Clayton,England,11/11/2004,0,0,Defender,0.0,0.0,0.0,0.0,0.0,0,0,0,0,0,0,0,0,0,0,0,0,0.0,0.0,CM,CM,CM
Séamus Coleman,Ireland,11/10/1988 (35),177cm,Everton,Defender,364.0,22.0,24.0,96.0,0.0,0,0,0,0,0,0,0,0,0,0,0,0,0.0,0.0,CM,CM,CB
Nathan Collins,Ireland,30/04/2001 (23),193cm,Brentford,Defender,77.0,3.0,1.0,16.0,0.0,0,0,0,0,0,0,0,0,0,0,0,0,0.0,0.0,CM,CM,LB
Toby Collyer,England,03/01/2004 (20),0,Manchester United,Midfielder,0.0,0.0,0.0,0.0,0.0,0,0,0,0,0,0,0,0,0,0,0,0,0.0,0.0,CM,CM,CM
Levi Colwill,England,26/02/2003 (21),187cm,Chelsea,Defender,40.0,1.0,3.0,7.0,0.0,0,0,0,0,0,0,0,0,0,0,0,0,0.0,0.0,CM,CM,CB
Aaron Connolly,Ireland,28/01/2000,0,0,Forward,45.0,5.0,2.0,0.0,0.0,0,0,0,0,0,0,0,0,0,0,0,0,0.0,0.0,CM,CM,CM
Theo Corbeanu,Canada,17/05/2002,190cm,0,Forward,1.0,0.0,0.0,0.0,0.0,0,0,0,0,0,0,0,0,0,0,0,0,0.0,0.0,CM,CM,CM
Maxwel Cornet,Cote D’Ivoire,27/09/1996 (27),179cm,West Ham United,Forward,47.0,10.0,1.0,0.0,0.0,0,0,0,0,0,0,0,0,0,0,0,0,0.0,0.0,CM,CM,IF
Dara Costelloe,Ireland,11/12/2002,0,0,Forward,0.0,0.0,0.0,0.0,0.0,0,0,0,0,0,0,0,0,0,0,0,0,0.0,0.0,CM,CM,CM
Vladimír Coufal,Czech Republic,22/08/1992 (31),174cm,West Ham United,Defender,125.0,0.0,19.0,19.0,0.0,0,0,0,0,0,0,0,0,0,0,0,0,0.0,0.0,CM,CM,CB
Ismaila Coulibaly,Mali,25/12/2000,183cm,0,Midfielder,0.0,0.0,0.0,0.0,0.0,0,0,0,0,0,0,0,0,0,0,0,0,0.0,0.0,CM,CM,CM
Conor Coventry,Ireland,25/03/2000,177cm,0,Midfielder,1.0,0.0,0.0,0.0,0.0,0,0,0,0,0,0,0,0,0,0,0,0,0.0,0.0,CM,CM,CM
Matthew Cox,England,02/05/2003 (21),182cm,Bristol Rovers,Goalkeeper,0.0,0.0,0.0,0.0,0.0,0,0,0,0,0,0,0,0,0,0,0,0,0.0,0.0,GK,GK,CM
Amario Cozier-Duberry,England,29/05/2005 (19),0,Brighton & Hove Albion,Midfielder,0.0,0.0,0.0,0.0,0.0,0,0,0,0,0,0,0,0,0,0,0,0,0.0,0.0,CM,CM,CM
Tristan Crama,France,08/11/2001,192cm,0,Defender,0.0,0.0,0.0,0.0,0.0,0,0,0,0,0,0,0,0,0,0,0,0,0.0,0.0,CM,CM,CM
Billy Crellin,England,30/06/2000 (24),185cm,Everton,Goalkeeper,0.0,0.0,0.0,0.0,0.0,0,0,0,0,0,0,0,0,0,0,0,0,0.0,0.0,GK,GK,CM
Marc Cucurella,Spain,22/07/1998 (26),172cm,Chelsea,Defender,80.0,1.0,5.0,16.0,0.0,0,0,0,0,0,0,0,0,0,0,0,0,0.0,0.0,CM,CM,CB
Josh Cullen,Ireland,07/04/1996,175cm,0,Midfielder,28.0,2.0,3.0,0.0,0.0,0,0,0,0,0,0,0,0,0,0,0,0,0.0,0.0,CM,CM,DM
Jamie Cumming,England,04/09/1999,186cm,0,Goalkeeper,0.0,0.0,0.0,0.0,0.0,0,0,0,0,0,0,0,0,0,0,0,0,0.0,0.0,GK,GK,CM
Luke Cundle,England,26/04/2002 (22),0,Stoke City,Midfielder,4.0,0.0,0.0,0.0,0.0,0,0,0,0,0,0,0,0,0,0,0,0,0.0,0.0,CM,CM,CM
Ted Curd,England,14/02/2006,190cm,0,Goalkeeper,0.0,0.0,0.0,0.0,0.0,0,0,0,0,0,0,0,0,0,0,0,0,0.0,0.0,GK,GK,CM
Sam Curtis,Ireland,01/12/2005,0,0,Defender,1.0,0.0,0.0,0.0,0.0,0,0,0,0,0,0,0,0,0,0,0,0,0.0,0.0,CM,CM,CM
Luciano D'Auria-Henry,England,11/11/2002,0,0,Defender,0.0,0.0,0.0,0.0,0.0,0,0,0,0,0,0,0,0,0,0,0,0,0.0,0.0,CM,CM,CM
Michael Dacosta Gonzalez,Spain,05/03/2005,186cm,0,Forward,0.0,0.0,0.0,0.0,0.0,0,0,0,0,0,0,0,0,0,0,0,0,0.0,0.0,CM,CM,CM
Mikkel Damsgaard,Denmark,03/07/2000 (24),180cm,Brentford,Midfielder,49.0,0.0,2.0,0.0,0.0,0,0,0,0,0,0,0,0,0,0,0,0,0.0,0.0,CM,CM,CM
Daniel Podence,Portugal,21/10/1995 (28),165cm,Wolverhampton Wanderers,Midfielder,91.0,12.0,5.0,0.0,0.0,0,0,0,0,0,0,0,0,0,0,0,0,0.0,0.0,CM,CM,CM
Danilo,Brazil,29/04/2001 (23),176cm,Nottingham Forest,Midfielder,42.0,5.0,4.0,0.0,0.0,0,0,0,0,0,0,0,0,0,0,0,0,0.0,0.0,CM,CM,CM
Arnaut Danjuma,Netherlands,31/01/1997,178cm,0,Forward,37.0,2.0,0.0,0.0,0.0,0,0,0,0,0,0,0,0,0,0,0,0,0.0,0.0,CM,CM,CM
Jayden Danns,England,16/01/2006 (18),183cm,Liverpool,Forward,2.0,0.0,0.0,0.0,0.0,0,0,0,0,0,0,0,0,0,0,0,0,0.0,0.0,CM,CM,CM
Josh Dasilva,England,23/10/1998 (25),184cm,Brentford,Midfielder,48.0,4.0,2.0,0.0,0.0,0,0,0,0,0,0,0,0,0,0,0,0,0.0,0.0,CM,CM,CM
Tom Davies,England,30/06/1998,180cm,0,Midfielder,164.0,6.0,5.0,0.0,0.0,0,0,0,0,0,0,0,0,0,0,0,0,0.0,0.0,CM,CM,DM
Keinan Davis,England,13/02/1998,191cm,0,Forward,34.0,1.0,1.0,0.0,0.0,0,0,0,0,0,0,0,0,0,0,0,0,0.0,0.0,CM,CM,CM
Lucas De Bolle,Scotland,22/10/2002 (21),0,Newcastle United,Midfielder,0.0,0.0,0.0,0.0,0.0,0,0,0,0,0,0,0,0,0,0,0,0,0.0,0.0,CM,CM,CM
Kevin De Bruyne,Belgium,28/06/1991 (33),181cm,Manchester City,Midfielder,260.0,68.0,112.0,0.0,0.0,0,0,0,0,0,0,0,0,0,0,0,0,0.0,0.0,AM,AM,CM
Luc De Fougerolles,Canada,12/10/2005,178cm,0,Defender,0.0,0.0,0.0,0.0,0.0,0,0,0,0,0,0,0,0,0,0,0,0,0.0,0.0,CM,CM,CM
David de Gea,Spain,07/11/1990,192cm,0,Goalkeeper,415.0,0.0,0.0,147.0,0.0,0,0,0,0,0,0,0,0,0,0,0,0,0.0,0.0,GK,GK,CM
Deivid Washington,Brazil,05/06/2005 (19),186cm,Chelsea,Forward,2.0,0.0,0.0,0.0,0.0,0,0,0,0,0,0,0,0,0,0,0,0,0.0,0.0,CM,CM,CM
Hannes Delcroix,Belgium,28/02/1999,185cm,0,Defender,12.0,0.0,0.0,0.0,0.0,0,0,0,0,0,0,0,0,0,0,0,0,0.0,0.0,CM,CM,CM
Siriki Dembélé,Scotland,07/09/1996,173cm,0,Midfielder,6.0,0.0,0.0,0.0,0.0,0,0,0,0,0,0,0,0,0,0,0,0,0.0,0.0,CM,CM,CM
Leander Dendoncker,Belgium,15/04/1995 (29),188cm,Aston Villa,Midfielder,152.0,10.0,2.0,0.0,0.0,0,0,0,0,0,0,0,0,0,0,0,0,0.0,0.0,CM,CM,CM
Will Dennis,England,10/07/2000 (24),0,Bournemouth,Goalkeeper,0.0,0.0,0.0,0.0,0.0,0,0,0,0,0,0,0,0,0,0,0,0,0.0,0.0,GK,GK,CM
Halil Dervisoglu,Turkey,08/12/1999,183cm,0,Forward,1.0,0.0,0.0,0.0,0.0,0,0,0,0,0,0,0,0,0,0,0,0,0.0,0.0,CM,CM,CM
Justin Devenny,Northern Ireland,11/10/2003 (20),0,Crystal Palace,Midfielder,0.0,0.0,0.0,0.0,0.0,0,0,0,0,0,0,0,0,0,0,0,0,0.0,0.0,CM,CM,CM
Alfie Devine,England,01/08/2004 (20),179cm,Tottenham Hotspur,Midfielder,0.0,0.0,0.0,0.0,0.0,0,0,0,0,0,0,0,0,0,0,0,0,0.0,0.0,CM,CM,CM
Marcus Dewhurst,England,20/03/2001,189cm,0,Goalkeeper,0.0,0.0,0.0,0.0,0.0,0,0,0,0,0,0,0,0,0,0,0,0,0.0,0.0,GK,GK,CM
Moussa Diaby,France,07/07/1999,170cm,0,Forward,38.0,6.0,8.0,0.0,0.0,0,0,0,0,0,0,0,0,0,0,0,0,0.0,0.0,CM,CM,CM
Amad Diallo,Cote D’Ivoire,11/07/2002 (22),173cm,Manchester United,Forward,12.0,1.0,2.0,0.0,0.0,0,0,0,0,0,0,0,0,0,0,0,0,0.0,0.0,CM,CM,CM
Luis Díaz,Colombia,13/01/1997 (27),178cm,Liverpool,Forward,67.0,16.0,10.0,0.0,0.0,0,0,0,0,0,0,0,0,0,0,0,0,0.0,0.0,CM,CM,IF
Matthew Dibley-Dias,New Zealand,29/10/2003,183cm,0,Midfielder,0.0,0.0,0.0,0.0,0.0,0,0,0,0,0,0,0,0,0,0,0,0,0.0,0.0,CM,CM,CM
Diego Carlos,Brazil,15/03/1993 (31),186cm,Aston Villa,Defender,30.0,0.0,0.0,5.0,0.0,0,0,0,0,0,0,0,0,0,0,0,0,0.0,0.0,CM,CM,LB
Diego Costa,Spain,07/10/1988,188cm,0,Forward,112.0,53.0,16.0,0.0,0.0,0,0,0,0,0,0,0,0,0,0,0,0,0.0,0.0,CM,CM,CM
Diego Moreira,Portugal,06/08/2004 (20),179cm,Chelsea,Forward,0.0,0.0,0.0,0.0,0.0,0,0,0,0,0,0,0,0,0,0,0,0,0.0,0.0,CM,CM,CM
Eric Dier,England,15/01/1994,188cm,0,Defender,274.0,12.0,9.0,86.0,0.0,0,0,0,0,0,0,0,0,0,0,0,0,0.0,0.0,CM,CM,CM
Lucas Digne,France,20/07/1993 (31),178cm,Aston Villa,Defender,190.0,6.0,25.0,40.0,0.0,0,0,0,0,0,0,0,0,0,0,0,0,0.0,0.0,CM,CM,CB
Diogo Dalot,Portugal,18/03/1999 (25),183cm,Manchester United,Defender,106.0,3.0,7.0,22.0,0.0,0,0,0,0,0,0,0,0,0,0,0,0,0.0,0.0,CM,CM,CB
Diogo Jota,Portugal,04/12/1996 (27),178cm,Liverpool,Forward,164.0,57.0,17.0,0.0,0.0,0,0,0,0,0,0,0,0,0,0,0,0,0.0,0.0,CM,CM,IF
Issa Diop,France,09/01/1997 (27),194cm,Fulham,Defender,139.0,7.0,2.0,26.0,0.0,0,0,0,0,0,0,0,0,0,0,0,0,0.0,0.0,CM,CM,CB
Axel Disasi,France,11/03/1998 (26),190cm,Chelsea,Defender,31.0,2.0,0.0,5.0,0.0,0,0,0,0,0,0,0,0,0,0,0,0,0.0,0.0,CM,CM,LB
Ben Doak,Scotland,11/11/2005 (18),175cm,Liverpool,Forward,3.0,0.0,0.0,0.0,0.0,0,0,0,0,0,0,0,0,0,0,0,0,0.0,0.0,CM,CM,CM
Lewis Dobbin,England,03/01/2003 (21),175cm,Aston Villa,Forward,15.0,1.0,0.0,0.0,0.0,0,0,0,0,0,0,0,0,0,0,0,0,0.0,0.0,CM,CM,CM
Owen Dodgson,England,19/03/2003,178cm,0,Defender,0.0,0.0,0.0,0.0,0.0,0,0,0,0,0,0,0,0,0,0,0,0,0.0,0.0,CM,CM,CM
Jérémy Doku,Belgium,27/05/2002 (22),173cm,Manchester City,Forward,29.0,3.0,8.0,0.0,0.0,0,0,0,0,0,0,0,0,0,0,0,0,0.0,0.0,CM,CM,CM
Nicolás Domínguez,Argentina,28/06/1998 (26),179cm,Nottingham Forest,Midfielder,26.0,2.0,2.0,0.0,0.0,0,0,0,0,0,0,0,0,0,0,0,0,0.0,0.0,CM,CM,CM
Dominic Martins,Portugal,13/10/2005,0,0,Midfielder,0.0,0.0,0.0,0.0,0.0,0,0,0,0,0,0,0,0,0,0,0,0,0.0,0.0,CM,CM,CM
Jamie Donley,England,03/01/2005 (19),0,Tottenham Hotspur,Forward,3.0,0.0,0.0,0.0,0.0,0,0,0,0,0,0,0,0,0,0,0,0,0.0,0.0,CM,CM,CM
Alfie Dorrington,England,20/04/2005,0,0,Defender,0.0,0.0,0.0,0.0,0.0,0,0,0,0,0,0,0,0,0,0,0,0,0.0,0.0,CM,CM,LB
Cheick Doucouré,Mali,08/01/2000 (24),180cm,Crystal Palace,Midfielder,45.0,0.0,3.0,0.0,0.0,0,0,0,0,0,0,0,0,0,0,0,0,0.0,0.0,CM,CM,CM
Alfie Doughty,England,21/12/1999,183cm,0,Midfielder,37.0,2.0,8.0,0.0,0.0,0,0,0,0,0,0,0,0,0,0,0,0,0.0,0.0,CM,CM,CM
Douglas Luiz,Brazil,09/05/1998,175cm,0,Midfielder,175.0,20.0,18.0,0.0,0.0,0,0,0,0,0,0,0,0,0,0,0,0,0.0,0.0,CM,CM,DM
Flynn Downes,England,20/01/1999 (25),173cm,Southampton,Midfielder,21.0,0.0,0.0,0.0,0.0,0,0,0,0,0,0,0,0,0,0,0,0,0.0,0.0,CM,CM,CM
Tommy Doyle,England,17/10/2001 (22),172cm,Wolverhampton Wanderers,Midfielder,27.0,0.0,0.0,0.0,0.0,0,0,0,0,0,0,0,0,0,0,0,0,0.0,0.0,CM,CM,CM
Mohamed Dräger,Tunisia,25/06/1996,180cm,0,Defender,0.0,0.0,0.0,0.0,0.0,0,0,0,0,0,0,0,0,0,0,0,0,0.0,0.0,CM,CM,CM
Radu Dragusin,Romania,03/02/2002 (22),191cm,Tottenham Hotspur,Defender,9.0,0.0,0.0,1.0,0.0,0,0,0,0,0,0,0,0,0,0,0,0,0.0,0.0,CM,CM,CM
Cody Drameh,England,08/12/2001,175cm,0,Defender,4.0,0.0,0.0,0.0,0.0,0,0,0,0,0,0,0,0,0,0,0,0,0.0,0.0,CM,CM,CM
Martin Dúbravka,Slovakia,15/01/1989 (35),190cm,Newcastle United,Goalkeeper,152.0,0.0,0.0,41.0,0.0,0,0,0,0,0,0,0,0,0,0,0,0,0.0,0.0,GK,GK,GK
Joshua Duffus,England,15/12/2004,0,0,Forward,0.0,0.0,0.0,0.0,0.0,0,0,0,0,0,0,0,0,0,0,0,0,0.0,0.0,CM,CM,CM
Jhon Durán,Colombia,13/12/2003 (20),185cm,Aston Villa,Forward,35.0,5.0,0.0,0.0,0.0,0,0,0,0,0,0,0,0,0,0,0,0,0.0,0.0,CM,CM,CM
Kiano Dyer,England,21/11/2006,0,0,Midfielder,0.0,0.0,0.0,0.0,0.0,0,0,0,0,0,0,0,0,0,0,0,0,0.0,0.0,CM,CM,CM
George Earthy,England,05/09/2004 (19),0,West Ham United,Midfielder,3.0,1.0,0.0,0.0,0.0,0,0,0,0,0,0,0,0,0,0,0,0,0.0,0.0,CM,CM,CM
Evan Easton,Scotland,14/01/2005,0,0,Defender,0.0,0.0,0.0,0.0,0.0,0,0,0,0,0,0,0,0,0,0,0,0,0.0,0.0,CM,CM,CM
Jake Eastwood,England,03/10/1996,193cm,0,Goalkeeper,0.0,0.0,0.0,0.0,0.0,0,0,0,0,0,0,0,0,0,0,0,0,0.0,0.0,GK,GK,CM
Malcolm Ebiowei,England,04/09/2003,185cm,0,Forward,3.0,0.0,0.0,0.0,0.0,0,0,0,0,0,0,0,0,0,0,0,0,0.0,0.0,CM,CM,CM
Claudio Echeverri,Argentina,02/01/2006,171cm,0,Midfielder,0.0,0.0,0.0,0.0,0.0,0,0,0,0,0,0,0,0,0,0,0,0,0.0,0.0,CM,CM,IF
Ederson,Brazil,17/08/1993 (30),188cm,Manchester City,Goalkeeper,250.0,0.0,3.0,112.0,0.0,0,0,0,0,0,0,0,0,0,0,0,0,0.0,0.0,GK,GK,GK
Odsonne Édouard,France,16/01/1998 (26),187cm,Crystal Palace,Forward,93.0,18.0,5.0,0.0,0.0,0,0,0,0,0,0,0,0,0,0,0,0,0.0,0.0,CM,CM,IF
Khayon Edwards,Jamaica,12/09/2003,180cm,0,Forward,0.0,0.0,0.0,0.0,0.0,0,0,0,0,0,0,0,0,0,0,0,0,0.0,0.0,CM,CM,CM
John Egan,Ireland,20/10/1992,185cm,0,Defender,73.0,2.0,1.0,16.0,0.0,0,0,0,0,0,0,0,0,0,0,0,0,0.0,0.0,CM,CM,CM
CJ Egan-Riley,England,02/01/2003,183cm,0,Defender,1.0,0.0,0.0,0.0,0.0,0,0,0,0,0,0,0,0,0,0,0,0,0.0,0.0,CM,CM,CM
Hjalmar Ekdal,Sweden,21/10/1998,188cm,0,Defender,8.0,0.0,0.0,0.0,0.0,0,0,0,0,0,0,0,0,0,0,0,0,0.0,0.0,CM,CM,CM
Anthony Elanga,Sweden,27/04/2002 (22),178cm,Nottingham Forest,Forward,75.0,8.0,12.0,0.0,0.0,0,0,0,0,0,0,0,0,0,0,0,0,0.0,0.0,CM,CM,IF
Harvey Elliott,England,04/04/2003 (21),170cm,Liverpool,Midfielder,76.0,4.0,8.0,0.0,0.0,0,0,0,0,0,0,0,0,0,0,0,0,0.0,0.0,CM,CM,CM
Noam Emeran,France,24/09/2002,179cm,0,Forward,0.0,0.0,0.0,0.0,0.0,0,0,0,0,0,0,0,0,0,0,0,0,0.0,0.0,CM,CM,CM
Emerson,Italy,03/08/1994 (30),176cm,West Ham United,Defender,91.0,2.0,3.0,9.0,0.0,0,0,0,0,0,0,0,0,0,0,0,0,0.0,0.0,CM,CM,CM
Emerson Royal,Brazil,14/01/1999 (25),181cm,Tottenham Hotspur,Defender,79.0,4.0,2.0,12.0,0.0,0,0,0,0,0,0,0,0,0,0,0,0,0.0,0.0,CM,CM,DM
Lander Emery,Spain,29/03/2003,0,0,Goalkeeper,0.0,0.0,0.0,0.0,0.0,0,0,0,0,0,0,0,0,0,0,0,0,0.0,0.0,GK,GK,CM
Julio Enciso,Paraguay,23/01/2004 (20),173cm,Brighton & Hove Albion,Forward,32.0,4.0,4.0,0.0,0.0,0,0,0,0,0,0,0,0,0,0,0,0,0.0,0.0,CM,CM,CM
Wataru Endo,Japan,09/02/1993 (31),178cm,Liverpool,Midfielder,29.0,1.0,0.0,0.0,0.0,0,0,0,0,0,0,0,0,0,0,0,0,0.0,0.0,CM,CM,CM
Christian Eriksen,Denmark,14/02/1992 (32),182cm,Manchester United,Midfielder,287.0,54.0,76.0,0.0,0.0,0,0,0,0,0,0,0,0,0,0,0,0,0.0,0.0,CM,CM,CM
Maxime Estève,France,26/05/2002,193cm,0,Defender,16.0,0.0,0.0,0.0,0.0,0,0,0,0,0,0,0,0,0,0,0,0,0.0,0.0,CM,CM,DM
Pervis Estupiñán,Ecuador,21/01/1998 (26),175cm,Brighton & Hove Albion,Defender,54.0,3.0,8.0,8.0,0.0,0,0,0,0,0,0,0,0,0,0,0,0,0.0,0.0,CM,CM,CB
Eberechi Eze,England,29/06/1998 (26),178cm,Crystal Palace,Midfielder,112.0,26.0,15.0,0.0,0.0,0,0,0,0,0,0,0,0,0,0,0,0,0.0,0.0,CM,CM,CM
Lukasz Fabianski,Poland,18/04/1985 (39),190cm,West Ham United,Goalkeeper,362.0,0.0,2.0,90.0,0.0,0,0,0,0,0,0,0,0,0,0,0,0,0.0,0.0,GK,GK,CM
Fabinho,Brazil,23/10/1993,188cm,0,Midfielder,151.0,8.0,8.0,0.0,0.0,0,0,0,0,0,0,0,0,0,0,0,0,0.0,0.0,CM,CM,CM
Fábio Carvalho,Portugal,30/08/2002 (21),170cm,Liverpool,Midfielder,17.0,3.0,0.0,0.0,0.0,0,0,0,0,0,0,0,0,0,0,0,0,0.0,0.0,CM,CM,CM
Fábio Silva,Portugal,19/07/2002 (22),185cm,Rangers,Forward,62.0,4.0,3.0,0.0,0.0,0,0,0,0,0,0,0,0,0,0,0,0,0.0,0.0,CM,CM,CM
Fábio Vieira,Portugal,30/05/2000 (24),170cm,Arsenal,Midfielder,33.0,2.0,4.0,0.0,0.0,0,0,0,0,0,0,0,0,0,0,0,0,0.0,0.0,CM,CM,CM
Malachi Fagan-Walcott,England,11/03/2002,0,0,Defender,0.0,0.0,0.0,0.0,0.0,0,0,0,0,0,0,0,0,0,0,0,0,0.0,0.0,CM,CM,CM
Romain Faivre,France,14/07/1998 (26),180cm,Bournemouth,Midfielder,5.0,0.0,0.0,0.0,0.0,0,0,0,0,0,0,0,0,0,0,0,0,0.0,0.0,CM,CM,CM
Ansu Fati,Spain,31/10/2002,178cm,0,Forward,19.0,2.0,0.0,0.0,0.0,0,0,0,0,0,0,0,0,0,0,0,0,0.0,0.0,CM,CM,CM
Josh Feeney,England,06/05/2005,193cm,0,Defender,0.0,0.0,0.0,0.0,0.0,0,0,0,0,0,0,0,0,0,0,0,0,0.0,0.0,CM,CM,CM
Felipe,Brazil,16/05/1989,190cm,0,Defender,23.0,0.0,1.0,1.0,0.0,0,0,0,0,0,0,0,0,0,0,0,0,0.0,0.0,CM,CM,DM
Evan Ferguson,Ireland,19/10/2004 (19),183cm,Brighton & Hove Albion,Forward,47.0,12.0,2.0,0.0,0.0,0,0,0,0,0,0,0,0,0,0,0,0,0.0,0.0,CM,CM,IF
Enzo Fernández,Argentina,17/01/2001 (23),178cm,Chelsea,Midfielder,46.0,3.0,4.0,0.0,0.0,0,0,0,0,0,0,0,0,0,0,0,0,0.0,0.0,CM,CM,CM
Will Fish,England,17/02/2003 (21),185cm,Manchester United,Defender,1.0,0.0,0.0,0.0,0.0,0,0,0,0,0,0,0,0,0,0,0,0,0.0,0.0,CM,CM,CM
John Fleck,Scotland,24/08/1991,170cm,0,Midfielder,65.0,5.0,4.0,0.0,0.0,0,0,0,0,0,0,0,0,0,0,0,0,0.0,0.0,CM,CM,CM
Mark Flekken,Netherlands,13/06/1993 (31),195cm,Brentford,Goalkeeper,37.0,0.0,1.0,7.0,0.0,0,0,0,0,0,0,0,0,0,0,0,0,0.0,0.0,GK,GK,GK
Phil Foden,England,28/05/2000 (24),171cm,Manchester City,Midfielder,164.0,54.0,26.0,0.0,0.0,0,0,0,0,0,0,0,0,0,0,0,0,0.0,0.0,CM,CM,CM
Wes Foderingham,England,14/01/1991 (33),185cm,West Ham United,Goalkeeper,30.0,0.0,0.0,1.0,0.0,0,0,0,0,0,0,0,0,0,0,0,0,0.0,0.0,GK,GK,CM
David Datro Fofana,Cote D’Ivoire,22/12/2002 (21),181cm,Burnley,Forward,18.0,4.0,1.0,0.0,0.0,0,0,0,0,0,0,0,0,0,0,0,0,0.0,0.0,CM,CM,CM
Michael Forbes,Northern Ireland,29/04/2004,188cm,0,Defender,0.0,0.0,0.0,0.0,0.0,0,0,0,0,0,0,0,0,0,0,0,0,0.0,0.0,CM,CM,CM
Tyrese Fornah,Sierra Leone,11/09/1999,0,0,Midfielder,0.0,0.0,0.0,0.0,0.0,0,0,0,0,0,0,0,0,0,0,0,0,0.0,0.0,CM,CM,CM
Pablo Fornals,Spain,22/02/1996,178cm,0,Midfielder,152.0,16.0,13.0,0.0,0.0,0,0,0,0,0,0,0,0,0,0,0,0,0.0,0.0,CM,CM,CM
Omari Forson,England,20/07/2004,0,0,Midfielder,4.0,0.0,1.0,0.0,0.0,0,0,0,0,0,0,0,0,0,0,0,0,0.0,0.0,CM,CM,CM
Lyle Foster,South Africa,03/09/2000,185cm,0,Forward,24.0,5.0,3.0,0.0,0.0,0,0,0,0,0,0,0,0,0,0,0,0,0.0,0.0,CM,CM,CM
Tariqe Fosu-Henry,Ghana,05/11/1995,180cm,0,Midfielder,1.0,0.0,0.0,0.0,0.0,0,0,0,0,0,0,0,0,0,0,0,0,0.0,0.0,CM,CM,CM
Denis Franchi,Italy,22/10/2002,189cm,0,Goalkeeper,0.0,0.0,0.0,0.0,0.0,0,0,0,0,0,0,0,0,0,0,0,0,0.0,0.0,GK,GK,CM
Aidan Francis-Clarke,England,13/09/2005,0,0,Defender,0.0,0.0,0.0,0.0,0.0,0,0,0,0,0,0,0,0,0,0,0,0,0.0,0.0,CM,CM,CM
Tyrese Francois,Australia,16/07/2000,173cm,0,Midfielder,2.0,0.0,0.0,0.0,0.0,0,0,0,0,0,0,0,0,0,0,0,0,0.0,0.0,CM,CM,CM
Ryan Fraser,Scotland,24/02/1994 (30),163cm,Newcastle United,Midfielder,173.0,18.0,31.0,0.0,0.0,0,0,0,0,0,0,0,0,0,0,0,0,0.0,0.0,CM,CM,IF
Melkamu Frauendorf,Germany,12/01/2004,0,0,Midfielder,0.0,0.0,0.0,0.0,0.0,0,0,0,0,0,0,0,0,0,0,0,0,0.0,0.0,CM,CM,CM
Fred,Brazil,05/03/1993,169cm,0,Midfielder,139.0,8.0,7.0,0.0,0.0,0,0,0,0,0,0,0,0,0,0,0,0,0.0,0.0,CM,CM,CM
Benjamin Fredrick,Nigeria,28/05/2005 (19),0,Brentford,Defender,0.0,0.0,0.0,0.0,0.0,0,0,0,0,0,0,0,0,0,0,0,0,0.0,0.0,CM,CM,CM
Luke Freeman,England,22/03/1992,181cm,0,Midfielder,11.0,0.0,0.0,0.0,0.0,0,0,0,0,0,0,0,0,0,0,0,0,0.0,0.0,CM,CM,CM
Remo Freuler,Switzerland,15/04/1992 (32),180cm,Nottingham Forest,Midfielder,28.0,0.0,0.0,0.0,0.0,0,0,0,0,0,0,0,0,0,0,0,0,0.0,0.0,CM,CM,CM
James Furlong,Ireland,07/06/2002,178cm,0,Defender,0.0,0.0,0.0,0.0,0.0,0,0,0,0,0,0,0,0,0,0,0,0,0.0,0.0,CM,CM,CM
Gabriel Jesus,Brazil,03/04/1997 (27),175cm,Arsenal,Forward,212.0,73.0,40.0,0.0,0.0,0,0,0,0,0,0,0,0,0,0,0,0,0.0,0.0,CM,CM,IF
Gabriel Magalhães,Brazil,19/12/1997 (26),190cm,Arsenal,Defender,132.0,14.0,0.0,47.0,0.0,0,0,0,0,0,0,0,0,0,0,0,0,0.0,0.0,CM,CM,CB
Gabriel Martinelli,Brazil,18/06/2001 (23),178cm,Arsenal,Forward,128.0,32.0,16.0,0.0,0.0,0,0,0,0,0,0,0,0,0,0,0,0,0.0,0.0,CM,CM,IF
Cody Gakpo,Netherlands,07/05/1999 (25),193cm,Liverpool,Forward,56.0,15.0,7.0,0.0,0.0,0,0,0,0,0,0,0,0,0,0,0,0,0.0,0.0,CM,CM,IF
Conor Gallagher,England,06/02/2000 (24),182cm,Chelsea,Midfielder,136.0,18.0,13.0,0.0,0.0,0,0,0,0,0,0,0,0,0,0,0,0,0.0,0.0,CM,CM,DM
Joe Gardner,England,06/06/2005 (19),0,Nottingham Forest,Forward,0.0,0.0,0.0,0.0,0.0,0,0,0,0,0,0,0,0,0,0,0,0,0.0,0.0,CM,CM,CM
Alejandro Garnacho,Argentina,01/07/2004 (20),180cm,Manchester United,Forward,57.0,10.0,6.0,0.0,0.0,0,0,0,0,0,0,0,0,0,0,0,0,0.0,0.0,CM,CM,CM
James Garner,England,13/03/2001 (23),186cm,Everton,Midfielder,55.0,1.0,3.0,0.0,0.0,0,0,0,0,0,0,0,0,0,0,0,0,0.0,0.0,CM,CM,CM
Joe Gauci,Australia,04/07/2000 (24),194cm,Aston Villa,Goalkeeper,0.0,0.0,0.0,0.0,0.0,0,0,0,0,0,0,0,0,0,0,0,0,0.0,0.0,GK,GK,CM
Jean-Philippe Gbamin,Cote D’Ivoire,25/09/1995,186cm,0,Midfielder,6.0,0.0,0.0,0.0,0.0,0,0,0,0,0,0,0,0,0,0,0,0,0.0,0.0,CM,CM,CM
Billy Gee,England,30/07/2005,0,0,Midfielder,0.0,0.0,0.0,0.0,0.0,0,0,0,0,0,0,0,0,0,0,0,0,0.0,0.0,CM,CM,CM
Tyrique George,England,04/02/2006 (18),0,Chelsea,Forward,0.0,0.0,0.0,0.0,0.0,0,0,0,0,0,0,0,0,0,0,0,0,0.0,0.0,CM,CM,IF
Saman Ghoddos,Iran,06/09/1993,175cm,0,Forward,51.0,2.0,1.0,0.0,0.0,0,0,0,0,0,0,0,0,0,0,0,0,0.0,0.0,CM,CM,DM
Morgan Gibbs-White,England,27/01/2000 (24),171cm,Nottingham Forest,Midfielder,120.0,11.0,19.0,0.0,0.0,0,0,0,0,0,0,0,0,0,0,0,0,0.0,0.0,CM,CM,CM
Alexander Gibson-Hammond,England,10/11/2002,0,0,Forward,0.0,0.0,0.0,0.0,0.0,0,0,0,0,0,0,0,0,0,0,0,0,0.0,0.0,CM,CM,CM
Bryan Gil,Spain,11/02/2001,175cm,0,Forward,24.0,0.0,1.0,0.0,0.0,0,0,0,0,0,0,0,0,0,0,0,0,0.0,0.0,CM,CM,CM
Alex Gilbert,Ireland,28/12/2001,183cm,0,Forward,0.0,0.0,0.0,0.0,0.0,0,0,0,0,0,0,0,0,0,0,0,0,0.0,0.0,CM,CM,CM
Alfie Gilchrist,England,28/11/2003 (20),183cm,Chelsea,Defender,11.0,1.0,0.0,0.0,0.0,0,0,0,0,0,0,0,0,0,0,0,0,0.0,0.0,CM,CM,CM
Ryan Giles,England,26/01/2000,179cm,0,Defender,11.0,0.0,0.0,0.0,0.0,0,0,0,0,0,0,0,0,0,0,0,0,0.0,0.0,CM,CM,CM
Mark Gillespie,England,27/03/1992 (32),192cm,Newcastle United,Goalkeeper,0.0,0.0,0.0,0.0,0.0,0,0,0,0,0,0,0,0,0,0,0,0,0.0,0.0,GK,GK,CM
Billy Gilmour,Scotland,11/06/2001 (23),170cm,Brighton & Hove Albion,Midfielder,79.0,0.0,3.0,0.0,0.0,0,0,0,0,0,0,0,0,0,0,0,0,0.0,0.0,CM,CM,CM
Ben Godfrey,England,15/01/1998,183cm,0,Defender,112.0,0.0,3.0,22.0,0.0,0,0,0,0,0,0,0,0,0,0,0,0,0.0,0.0,CM,CM,CB
Martial Godo,England,14/03/2003,0,0,Forward,0.0,0.0,0.0,0.0,0.0,0,0,0,0,0,0,0,0,0,0,0,0,0.0,0.0,CM,CM,IF
Michael Golding,England,23/05/2006 (18),178cm,Leicester City,Midfielder,0.0,0.0,0.0,0.0,0.0,0,0,0,0,0,0,0,0,0,0,0,0,0.0,0.0,CM,CM,CM
Joe Gomez,England,23/05/1997 (27),188cm,Liverpool,Defender,140.0,0.0,5.0,46.0,0.0,0,0,0,0,0,0,0,0,0,0,0,0,0.0,0.0,CM,CM,CB
Gonçalo Guedes,Portugal,29/11/1996 (27),179cm,Villarreal,Forward,13.0,1.0,1.0,0.0,0.0,0,0,0,0,0,0,0,0,0,0,0,0,0.0,0.0,CM,CM,CM
Enso González,Paraguay,20/01/2005 (19),169cm,Wolverhampton Wanderers,Forward,1.0,0.0,0.0,0.0,0.0,0,0,0,0,0,0,0,0,0,0,0,0,0.0,0.0,CM,CM,CM
Charlie Goode,England,03/08/1995,196cm,0,Defender,6.0,0.0,0.0,1.0,0.0,0,0,0,0,0,0,0,0,0,0,0,0,0.0,0.0,CM,CM,CM
Owen Goodman,England,27/11/2003,0,0,Goalkeeper,0.0,0.0,0.0,0.0,0.0,0,0,0,0,0,0,0,0,0,0,0,0,0.0,0.0,GK,GK,CM
John-Kymani Gordon,England,13/02/2003,181cm,0,Forward,0.0,0.0,0.0,0.0,0.0,0,0,0,0,0,0,0,0,0,0,0,0,0.0,0.0,CM,CM,CM
Daniel Gore,England,26/09/2004,0,0,Midfielder,1.0,0.0,0.0,0.0,0.0,0,0,0,0,0,0,0,0,0,0,0,0,0.0,0.0,CM,CM,CM
True Grant,England,02/11/2005,0,0,Goalkeeper,0.0,0.0,0.0,0.0,0.0,0,0,0,0,0,0,0,0,0,0,0,0,0.0,0.0,GK,GK,CM
Ryan Gravenberch,Netherlands,16/05/2002 (22),190cm,Liverpool,Midfielder,26.0,1.0,0.0,0.0,0.0,0,0,0,0,0,0,0,0,0,0,0,0,0.0,0.0,CM,CM,CM
Ivo Grbic,Croatia,18/01/1996,195cm,0,Goalkeeper,9.0,0.0,0.0,0.0,0.0,0,0,0,0,0,0,0,0,0,0,0,0,0.0,0.0,GK,GK,CM
Ben Greenwood,Ireland,20/02/2003,170cm,0,Defender,0.0,0.0,0.0,0.0,0.0,0,0,0,0,0,0,0,0,0,0,0,0,0.0,0.0,CM,CM,CM
Seán Grehan,Ireland,08/01/2004 (20),0,Carlisle United,Defender,0.0,0.0,0.0,0.0,0.0,0,0,0,0,0,0,0,0,0,0,0,0,0.0,0.0,CM,CM,CM
Harvey Griffiths,England,22/09/2003 (20),0,Wolverhampton Wanderers,Midfielder,0.0,0.0,0.0,0.0,0.0,0,0,0,0,0,0,0,0,0,0,0,0,0.0,0.0,CM,CM,CM
Pascal Groß,Germany,15/06/1991,181cm,0,Midfielder,228.0,30.0,45.0,0.0,0.0,0,0,0,0,0,0,0,0,0,0,0,0,0.0,0.0,CM,CM,CM
Vicente Guaita,Spain,10/01/1987,190cm,0,Goalkeeper,149.0,0.0,0.0,42.0,0.0,0,0,0,0,0,0,0,0,0,0,0,0,0.0,0.0,GK,GK,CM
Jóhann Gudmundsson,Iceland,27/10/1990,186cm,0,Midfielder,162.0,10.0,21.0,0.0,0.0,0,0,0,0,0,0,0,0,0,0,0,0,0.0,0.0,CM,CM,CM
Marc Guéhi,England,13/07/2000 (24),182cm,Crystal Palace,Defender,98.0,3.0,2.0,22.0,0.0,0,0,0,0,0,0,0,0,0,0,0,0,0.0,0.0,CM,CM,LB
Idrissa Gueye,Senegal,26/09/1989 (34),174cm,Everton,Midfielder,192.0,7.0,6.0,0.0,0.0,0,0,0,0,0,0,0,0,0,0,0,0,0.0,0.0,CM,CM,DM
Ilkay Gündogan,Germany,24/10/1990,180cm,0,Midfielder,188.0,44.0,16.0,0.0,0.0,0,0,0,0,0,0,0,0,0,0,0,0,0.0,0.0,CM,CM,CM
Luca Gunter,England,23/03/2005 (19),0,Tottenham Hotspur,Goalkeeper,0.0,0.0,0.0,0.0,0.0,0,0,0,0,0,0,0,0,0,0,0,0,0.0,0.0,GK,GK,CM
Gustavo Scarpa,Brazil,05/01/1994,176cm,0,Midfielder,6.0,0.0,0.0,0.0,0.0,0,0,0,0,0,0,0,0,0,0,0,0,0.0,0.0,CM,CM,CM
Malo Gusto,France,19/05/2003 (21),179cm,Chelsea,Defender,27.0,0.0,6.0,2.0,0.0,0,0,0,0,0,0,0,0,0,0,0,0,0.0,0.0,CM,CM,CB
Josko Gvardiol,Croatia,23/01/2002 (22),185cm,Manchester City,Defender,28.0,4.0,1.0,9.0,0.0,0,0,0,0,0,0,0,0,0,0,0,0,0.0,0.0,CM,CM,DM
Erling Haaland,Norway,21/07/2000 (24),194cm,Manchester City,Forward,66.0,63.0,13.0,0.0,0.0,0,0,0,0,0,0,0,0,0,0,0,0,0.0,0.0,CM,CM,ST
Jordan Hackett,England,20/02/2004,0,0,Defender,0.0,0.0,0.0,0.0,0.0,0,0,0,0,0,0,0,0,0,0,0,0,0.0,0.0,CM,CM,CM
Antwoine Hackford,England,20/03/2004,0,0,Forward,3.0,0.0,0.0,0.0,0.0,0,0,0,0,0,0,0,0,0,0,0,0,0.0,0.0,CM,CM,CM
Lewis Hall,England,08/09/2004 (19),179cm,Newcastle United,Defender,27.0,1.0,0.0,0.0,0.0,0,0,0,0,0,0,0,0,0,0,0,0,0.0,0.0,CM,CM,CB
Gustavo Hamer,Netherlands,24/06/1997,169cm,0,Midfielder,36.0,4.0,6.0,0.0,0.0,0,0,0,0,0,0,0,0,0,0,0,0,0.0,0.0,CM,CM,DM
Micah Hamilton,England,13/11/2003 (20),0,Manchester City,Midfielder,0.0,0.0,0.0,0.0,0.0,0,0,0,0,0,0,0,0,0,0,0,0,0.0,0.0,CM,CM,CM
Oliver Hammond,Wales,13/11/2002,0,0,Midfielder,0.0,0.0,0.0,0.0,0.0,0,0,0,0,0,0,0,0,0,0,0,0,0.0,0.0,CM,CM,CM
Owen Hampson,England,17/11/2004,0,0,Midfielder,0.0,0.0,0.0,0.0,0.0,0,0,0,0,0,0,0,0,0,0,0,0,0.0,0.0,CM,CM,CM
Isak Hansen-Aaröen,Norway,22/08/2004,173cm,0,Midfielder,0.0,0.0,0.0,0.0,0.0,0,0,0,0,0,0,0,0,0,0,0,0,0.0,0.0,CM,CM,CM
Luke Harris,Wales,04/03/2005,177cm,0,Midfielder,4.0,0.0,0.0,0.0,0.0,0,0,0,0,0,0,0,0,0,0,0,0,0.0,0.0,CM,CM,CM
Ollie Harrison,England,07/08/2007,0,0,Midfielder,0.0,0.0,0.0,0.0,0.0,0,0,0,0,0,0,0,0,0,0,0,0,0.0,0.0,CM,CM,CM
Taylor Harwood-Bellis,England,30/01/2002 (22),188cm,Southampton,Defender,0.0,0.0,0.0,0.0,0.0,0,0,0,0,0,0,0,0,0,0,0,0,0.0,0.0,CM,CM,LB
Daiki Hashioka,Japan,17/05/1999,182cm,0,Defender,10.0,0.0,0.0,0.0,0.0,0,0,0,0,0,0,0,0,0,0,0,0,0.0,0.0,CM,CM,DM
Kai Havertz,Germany,11/06/1999 (25),193cm,Arsenal,Midfielder,128.0,32.0,14.0,0.0,0.0,0,0,0,0,0,0,0,0,0,0,0,0,0.0,0.0,CM,CM,IF
Ayden Heaven,England,22/09/2006 (17),0,Arsenal,Defender,0.0,0.0,0.0,0.0,0.0,0,0,0,0,0,0,0,0,0,0,0,0,0.0,0.0,CM,CM,LB
Krisztián Hegyi,Hungary,24/09/2002,196cm,0,Goalkeeper,0.0,0.0,0.0,0.0,0.0,0,0,0,0,0,0,0,0,0,0,0,0,0.0,0.0,GK,GK,CM
Karl Hein,Estonia,13/04/2002 (22),193cm,Arsenal,Goalkeeper,0.0,0.0,0.0,0.0,0.0,0,0,0,0,0,0,0,0,0,0,0,0,0.0,0.0,GK,GK,CM
Dean Henderson,England,12/03/1997 (27),188cm,Crystal Palace,Goalkeeper,85.0,0.0,0.0,27.0,0.0,0,0,0,0,0,0,0,0,0,0,0,0,0.0,0.0,GK,GK,GK
Rico Henry,England,08/07/1997 (27),170cm,Brentford,Defender,76.0,3.0,3.0,17.0,0.0,0,0,0,0,0,0,0,0,0,0,0,0,0.0,0.0,CM,CM,CB
Travis Hernes,Norway,04/11/2005 (18),0,Newcastle United,Midfielder,0.0,0.0,0.0,0.0,0.0,0,0,0,0,0,0,0,0,0,0,0,0,0.0,0.0,CM,CM,CM
Yangel Herrera,Venezuela,07/01/1998,184cm,0,Midfielder,0.0,0.0,0.0,0.0,0.0,0,0,0,0,0,0,0,0,0,0,0,0,0.0,0.0,CM,CM,CM
Owen Hesketh,Wales,10/10/2002,0,0,Midfielder,0.0,0.0,0.0,0.0,0.0,0,0,0,0,0,0,0,0,0,0,0,0,0.0,0.0,CM,CM,CM
Aaron Hickey,Scotland,10/06/2002 (22),178cm,Brentford,Defender,35.0,0.0,1.0,1.0,0.0,0,0,0,0,0,0,0,0,0,0,0,0,0.0,0.0,CM,CM,DM
James Hill,England,10/01/2002 (22),184cm,Bournemouth,Defender,5.0,0.0,0.0,0.0,0.0,0,0,0,0,0,0,0,0,0,0,0,0,0.0,0.0,CM,CM,LB
James Hillson,England,14/01/2001,0,0,Goalkeeper,0.0,0.0,0.0,0.0,0.0,0,0,0,0,0,0,0,0,0,0,0,0,0.0,0.0,GK,GK,CM
Jack Hinchy,England,30/01/2003,180cm,0,Midfielder,0.0,0.0,0.0,0.0,0.0,0,0,0,0,0,0,0,0,0,0,0,0,0.0,0.0,CM,CM,CM
Jack Hinshelwood,England,11/04/2005 (19),0,Brighton & Hove Albion,Midfielder,13.0,3.0,0.0,0.0,0.0,0,0,0,0,0,0,0,0,0,0,0,0,0.0,0.0,CM,CM,CM
Joe Hodge,Ireland,14/09/2002 (21),172cm,Wolverhampton Wanderers,Midfielder,6.0,0.0,0.0,0.0,0.0,0,0,0,0,0,0,0,0,0,0,0,0,0.0,0.0,CM,CM,CM
Ki-Jana Hoever,Netherlands,18/01/2002 (22),183cm,Stoke City,Defender,20.0,0.0,0.0,1.0,0.0,0,0,0,0,0,0,0,0,0,0,0,0,0.0,0.0,CM,CM,CM
Fletcher Holman,England,12/10/2004 (19),0,Wolverhampton Wanderers,Forward,0.0,0.0,0.0,0.0,0.0,0,0,0,0,0,0,0,0,0,0,0,0,0.0,0.0,CM,CM,CM
Thomas Holmes,England,12/03/2000,0,0,Defender,0.0,0.0,0.0,0.0,0.0,0,0,0,0,0,0,0,0,0,0,0,0,0.0,0.0,CM,CM,CM
Ethan Horvath,United States,09/06/1995,191cm,0,Goalkeeper,0.0,0.0,0.0,0.0,0.0,0,0,0,0,0,0,0,0,0,0,0,0,0.0,0.0,GK,GK,CM
Justin Hubner,Indonesia,14/09/2003 (20),187cm,Wolverhampton Wanderers,Defender,0.0,0.0,0.0,0.0,0.0,0,0,0,0,0,0,0,0,0,0,0,0,0.0,0.0,CM,CM,CM
Callum Hudson-Odoi,England,07/11/2000 (23),182cm,Nottingham Forest,Forward,101.0,12.0,12.0,0.0,0.0,0,0,0,0,0,0,0,0,0,0,0,0,0.0,0.0,CM,CM,IF
Joe Hugill,England,19/10/2003,188cm,0,Forward,0.0,0.0,0.0,0.0,0.0,0,0,0,0,0,0,0,0,0,0,0,0,0.0,0.0,CM,CM,CM
Hugo Bueno,Spain,18/09/2002 (21),180cm,Wolverhampton Wanderers,Defender,43.0,0.0,1.0,0.0,0.0,0,0,0,0,0,0,0,0,0,0,0,0,0.0,0.0,CM,CM,CM
Bashir Humphreys,England,15/03/2003 (21),187cm,Swansea City,Defender,0.0,0.0,0.0,0.0,0.0,0,0,0,0,0,0,0,0,0,0,0,0,0.0,0.0,CM,CM,CM
Mackenzie Hunt,England,14/11/2001,0,0,Defender,0.0,0.0,0.0,0.0,0.0,0,0,0,0,0,0,0,0,0,0,0,0,0.0,0.0,CM,CM,CM
James Huntley,England,02/03/2004 (20),0,Newcastle United,Midfielder,0.0,0.0,0.0,0.0,0.0,0,0,0,0,0,0,0,0,0,0,0,0,0.0,0.0,CM,CM,CM
Omari Hutchinson,Jamaica,29/10/2003 (20),174cm,Ipswich Town,Forward,1.0,0.0,0.0,0.0,0.0,0,0,0,0,0,0,0,0,0,0,0,0,0.0,0.0,CM,CM,CM
Hwang Hee-Chan,South Korea,26/01/1996 (28),177cm,Wolverhampton Wanderers,Forward,86.0,20.0,5.0,0.0,0.0,0,0,0,0,0,0,0,0,0,0,0,0,0.0,0.0,CM,CM,CM
Hwang Ui-Jo,South Korea,28/08/1992 (31),185cm,Nottingham Forest,Forward,0.0,0.0,0.0,0.0,0.0,0,0,0,0,0,0,0,0,0,0,0,0,0.0,0.0,CM,CM,CM
Pierre-Emile Højbjerg,Denmark,05/08/1995,185cm,0,Midfielder,254.0,12.0,15.0,0.0,0.0,0,0,0,0,0,0,0,0,0,0,0,0,0.0,0.0,CM,CM,CM
Rasmus Højlund,Denmark,04/02/2003 (21),191cm,Manchester United,Forward,30.0,10.0,2.0,0.0,0.0,0,0,0,0,0,0,0,0,0,0,0,0,0.0,0.0,CM,CM,IF
Bradley Ibrahim,England,21/10/2004,0,0,Midfielder,0.0,0.0,0.0,0.0,0.0,0,0,0,0,0,0,0,0,0,0,0,0,0.0,0.0,CM,CM,CM
Igor Julio,Brazil,07/02/1998 (26),185cm,Brighton & Hove Albion,Defender,24.0,0.0,0.0,2.0,0.0,0,0,0,0,0,0,0,0,0,0,0,0,0.0,0.0,CM,CM,DM
Danny Imray,England,27/07/2003,0,0,Defender,0.0,0.0,0.0,0.0,0.0,0,0,0,0,0,0,0,0,0,0,0,0,0.0,0.0,CM,CM,CM
Tim Iroegbunam,England,30/06/2003 (21),183cm,Everton,Midfielder,12.0,0.0,0.0,0.0,0.0,0,0,0,0,0,0,0,0,0,0,0,0,0.0,0.0,CM,CM,CM
Andy Irving,Scotland,13/05/2000,190cm,0,Midfielder,0.0,0.0,0.0,0.0,0.0,0,0,0,0,0,0,0,0,0,0,0,0,0.0,0.0,CM,CM,CM
Alexander Isak,Sweden,21/09/1999 (24),192cm,Newcastle United,Forward,52.0,31.0,3.0,0.0,0.0,0,0,0,0,0,0,0,0,0,0,0,0,0.0,0.0,CM,CM,ST
Harry Isted,England,05/03/1997,186cm,0,Goalkeeper,0.0,0.0,0.0,0.0,0.0,0,0,0,0,0,0,0,0,0,0,0,0,0.0,0.0,GK,GK,CM
Ivan Cavaleiro,Angola,18/10/1993,175cm,0,Forward,59.0,6.0,1.0,0.0,0.0,0,0,0,0,0,0,0,0,0,0,0,0,0.0,0.0,CM,CM,CM
Ben Jackson,England,03/09/2003,190cm,0,Defender,0.0,0.0,0.0,0.0,0.0,0,0,0,0,0,0,0,0,0,0,0,0,0.0,0.0,CM,CM,CM
Reece James,England,08/12/1999 (24),182cm,Chelsea,Defender,108.0,7.0,16.0,20.0,0.0,0,0,0,0,0,0,0,0,0,0,0,0,0.0,0.0,CM,CM,CB
Jamie Miley,England,14/01/2004 (20),0,Newcastle United,Midfielder,0.0,0.0,0.0,0.0,0.0,0,0,0,0,0,0,0,0,0,0,0,0,0.0,0.0,CM,CM,CM
Vitaly Janelt,Germany,10/05/1998 (26),184cm,Brentford,Midfielder,104.0,8.0,4.0,0.0,0.0,0,0,0,0,0,0,0,0,0,0,0,0,0.0,0.0,CM,CM,CM
Pontus Jansson,Sweden,13/02/1991,194cm,0,Defender,49.0,4.0,1.0,8.0,0.0,0,0,0,0,0,0,0,0,0,0,0,0,0.0,0.0,CM,CM,CM
Vítezslav Jaros,Czech Republic,23/07/2001 (23),190cm,Liverpool,Goalkeeper,0.0,0.0,0.0,0.0,0.0,0,0,0,0,0,0,0,0,0,0,0,0,0.0,0.0,GK,GK,CM
Daniel Jebbison,Canada,11/07/2003 (21),190cm,Bournemouth,Forward,5.0,1.0,0.0,0.0,0.0,0,0,0,0,0,0,0,0,0,0,0,0,0.0,0.0,CM,CM,IF
Mathias Jensen,Denmark,01/01/1996 (28),180cm,Brentford,Midfielder,100.0,8.0,10.0,0.0,0.0,0,0,0,0,0,0,0,0,0,0,0,0,0.0,0.0,CM,CM,CM
Raúl Jiménez,Mexico,05/05/1991 (33),190cm,Fulham,Forward,159.0,47.0,18.0,0.0,0.0,0,0,0,0,0,0,0,0,0,0,0,0,0.0,0.0,CM,CM,IF
João Cancelo,Portugal,27/05/1994 (30),182cm,FC Barcelona,Defender,98.0,5.0,11.0,41.0,0.0,0,0,0,0,0,0,0,0,0,0,0,0,0.0,0.0,CM,CM,CM
João Félix,Portugal,10/11/1999,181cm,0,Forward,16.0,4.0,0.0,0.0,0.0,0,0,0,0,0,0,0,0,0,0,0,0,0.0,0.0,CM,CM,IF
João Gomes,Brazil,12/02/2001 (23),176cm,Wolverhampton Wanderers,Midfielder,45.0,3.0,1.0,0.0,0.0,0,0,0,0,0,0,0,0,0,0,0,0,0.0,0.0,CM,CM,CM
João Moutinho,Portugal,08/09/1986,170cm,0,Midfielder,175.0,5.0,18.0,0.0,0.0,0,0,0,0,0,0,0,0,0,0,0,0,0.0,0.0,CM,CM,CM
João Palhinha,Portugal,09/07/1995,190cm,0,Midfielder,68.0,7.0,1.0,0.0,0.0,0,0,0,0,0,0,0,0,0,0,0,0,0.0,0.0,CM,CM,DM
João Pedro,Brazil,26/09/2001 (22),182cm,Brighton & Hove Albion,Forward,62.0,12.0,4.0,0.0,0.0,0,0,0,0,0,0,0,0,0,0,0,0,0.0,0.0,CM,CM,IF
João Virgínia,Portugal,10/10/1999 (24),193cm,Everton,Goalkeeper,1.0,0.0,0.0,0.0,0.0,0,0,0,0,0,0,0,0,0,0,0,0,0.0,0.0,GK,GK,CM
Joelinton,Brazil,14/08/1996 (27),186cm,Newcastle United,Forward,156.0,18.0,7.0,0.0,0.0,0,0,0,0,0,0,0,0,0,0,0,0,0.0,0.0,CM,CM,CM
Kyle John,England,13/02/2001,0,0,Defender,0.0,0.0,0.0,0.0,0.0,0,0,0,0,0,0,0,0,0,0,0,0,0.0,0.0,CM,CM,CM
Joe Johnson,England,21/02/2006,180cm,0,Defender,2.0,0.0,0.0,0.0,0.0,0,0,0,0,0,0,0,0,0,0,0,0,0.0,0.0,CM,CM,CM
Curtis Jones,England,30/01/2001 (23),185cm,Liverpool,Midfielder,86.0,7.0,5.0,0.0,0.0,0,0,0,0,0,0,0,0,0,0,0,0,0.0,0.0,CM,CM,CM
Jorginho,Italy,20/12/1991 (32),180cm,Arsenal,Midfielder,181.0,21.0,8.0,0.0,0.0,0,0,0,0,0,0,0,0,0,0,0,0,0.0,0.0,CM,CM,CM
José Sá,Portugal,17/01/1993 (31),192cm,Wolverhampton Wanderers,Goalkeeper,108.0,0.0,2.0,26.0,0.0,0,0,0,0,0,0,0,0,0,0,0,0,0.0,0.0,GK,GK,GK
Marc Jurado,Spain,13/04/2004,178cm,0,Defender,0.0,0.0,0.0,0.0,0.0,0,0,0,0,0,0,0,0,0,0,0,0,0.0,0.0,CM,CM,CM
Issa Kaboré,Burkina Faso,12/05/2001 (23),180cm,Luton Town,Defender,24.0,0.0,2.0,0.0,0.0,0,0,0,0,0,0,0,0,0,0,0,0,0.0,0.0,CM,CM,DM
Sasa Kalajdzic,Austria,07/07/1997 (27),200cm,Wolverhampton Wanderers,Forward,12.0,2.0,0.0,0.0,0.0,0,0,0,0,0,0,0,0,0,0,0,0,0.0,0.0,CM,CM,CM
Boubacar Kamara,France,23/11/1999 (24),184cm,Aston Villa,Midfielder,44.0,0.0,2.0,0.0,0.0,0,0,0,0,0,0,0,0,0,0,0,0,0.0,0.0,CM,CM,CM
Willy Kambwala,France,25/08/2004,0,0,Defender,8.0,0.0,0.0,0.0,0.0,0,0,0,0,0,0,0,0,0,0,0,0,0.0,0.0,CM,CM,CM
Thomas Kaminski,Belgium,23/10/1992,190cm,0,Goalkeeper,38.0,0.0,0.0,2.0,0.0,0,0,0,0,0,0,0,0,0,0,0,0,0.0,0.0,GK,GK,CM
N'Golo Kanté,France,29/03/1991,168cm,0,Midfielder,227.0,12.0,17.0,0.0,0.0,0,0,0,0,0,0,0,0,0,0,0,0,0.0,0.0,CM,CM,CM
Michal Karbownik,Poland,13/03/2001,175cm,0,Defender,0.0,0.0,0.0,0.0,0.0,0,0,0,0,0,0,0,0,0,0,0,0,0.0,0.0,CM,CM,CM
Loris Karius,Germany,22/06/1993,189cm,0,Goalkeeper,30.0,0.0,0.0,13.0,0.0,0,0,0,0,0,0,0,0,0,0,0,0,0.0,0.0,GK,GK,CM
Leigh Kavanagh,Ireland,27/12/2003,0,0,Defender,0.0,0.0,0.0,0.0,0.0,0,0,0,0,0,0,0,0,0,0,0,0,0.0,0.0,CM,CM,CM
Hayao Kawabe,Japan,08/09/1995,178cm,0,Midfielder,0.0,0.0,0.0,0.0,0.0,0,0,0,0,0,0,0,0,0,0,0,0,0.0,0.0,CM,CM,CM
Neeskens Kebano,DR Congo,10/03/1992,170cm,0,Midfielder,29.0,0.0,3.0,0.0,0.0,0,0,0,0,0,0,0,0,0,0,0,0,0.0,0.0,CM,CM,CM
Josh Keeley,Ireland,17/05/2003,0,0,Goalkeeper,0.0,0.0,0.0,0.0,0.0,0,0,0,0,0,0,0,0,0,0,0,0,0.0,0.0,GK,GK,CM
Thilo Kehrer,Germany,21/09/1996,186cm,0,Defender,31.0,0.0,2.0,5.0,0.0,0,0,0,0,0,0,0,0,0,0,0,0,0.0,0.0,CM,CM,CM
Naby Keïta,Guinea,10/02/1995,172cm,0,Midfielder,84.0,7.0,5.0,0.0,0.0,0,0,0,0,0,0,0,0,0,0,0,0,0.0,0.0,CM,CM,CM
Caoimhín Kelleher,Ireland,23/11/1998 (25),188cm,Liverpool,Goalkeeper,15.0,0.0,0.0,4.0,0.0,0,0,0,0,0,0,0,0,0,0,0,0,0.0,0.0,GK,GK,GK
Lloyd Kelly,England,06/10/1998 (25),178cm,Newcastle United,Defender,54.0,0.0,3.0,10.0,0.0,0,0,0,0,0,0,0,0,0,0,0,0,0.0,0.0,CM,CM,LB
Omari Kellyman,England,25/09/2005 (18),0,Chelsea,Midfielder,2.0,0.0,0.0,0.0,0.0,0,0,0,0,0,0,0,0,0,0,0,0,0.0,0.0,CM,CM,CM
Kepa,Spain,03/10/1994 (29),189cm,Real Madrid,Goalkeeper,109.0,0.0,0.0,35.0,0.0,0,0,0,0,0,0,0,0,0,0,0,0,0.0,0.0,GK,GK,CM
Milos Kerkez,Hungary,07/11/2003 (20),180cm,Bournemouth,Defender,28.0,0.0,1.0,2.0,0.0,0,0,0,0,0,0,0,0,0,0,0,0,0.0,0.0,CM,CM,CB
Kaine Kesler-Hayden,England,23/10/2002 (21),175cm,Aston Villa,Defender,3.0,0.0,0.0,0.0,0.0,0,0,0,0,0,0,0,0,0,0,0,0,0.0,0.0,CM,CM,CM
Aaron Keto-Diyawa,England,11/09/2003 (20),0,Wolverhampton Wanderers,Defender,0.0,0.0,0.0,0.0,0.0,0,0,0,0,0,0,0,0,0,0,0,0,0.0,0.0,CM,CM,CM
Reda Khadra,Germany,04/07/2001,175cm,0,Midfielder,1.0,0.0,0.0,0.0,0.0,0,0,0,0,0,0,0,0,0,0,0,0,0.0,0.0,CM,CM,CM
Gavin Kilkenny,Ireland,01/02/2000 (24),170cm,Fleetwood Town,Midfielder,0.0,0.0,0.0,0.0,0.0,0,0,0,0,0,0,0,0,0,0,0,0,0.0,0.0,CM,CM,CM
Maximilian Kilman,England,23/05/1997 (27),194cm,West Ham United,Defender,127.0,3.0,1.0,31.0,0.0,0,0,0,0,0,0,0,0,0,0,0,0,0.0,0.0,CM,CM,DM
Kim Ji-Soo,South Korea,24/12/2004 (19),192cm,Brentford,Defender,0.0,0.0,0.0,0.0,0.0,0,0,0,0,0,0,0,0,0,0,0,0,0.0,0.0,CM,CM,CM
Josh King,England,03/01/2007,0,0,Midfielder,0.0,0.0,0.0,0.0,0.0,0,0,0,0,0,0,0,0,0,0,0,0,0.0,0.0,CM,CM,CM
Max Kinsey,England,02/02/2005 (19),0,Bournemouth,Defender,0.0,0.0,0.0,0.0,0.0,0,0,0,0,0,0,0,0,0,0,0,0,0.0,0.0,CM,CM,CM
Jakub Kiwior,Poland,15/02/2000 (24),189cm,Arsenal,Defender,27.0,2.0,3.0,6.0,0.0,0,0,0,0,0,0,0,0,0,0,0,0,0.0,0.0,CM,CM,LB
Justin Kluivert,Netherlands,05/05/1999 (25),171cm,Bournemouth,Forward,32.0,7.0,1.0,0.0,0.0,0,0,0,0,0,0,0,0,0,0,0,0,0.0,0.0,CM,CM,CM
Ben Knight,England,14/06/2002 (22),171cm,Stockport County,Forward,0.0,0.0,0.0,0.0,0.0,0,0,0,0,0,0,0,0,0,0,0,0,0.0,0.0,CM,CM,CM
Jacob Knightbridge,England,25/01/2004,0,0,Goalkeeper,0.0,0.0,0.0,0.0,0.0,0,0,0,0,0,0,0,0,0,0,0,0,0.0,0.0,GK,GK,CM
Anthony Knockaert,France,20/11/1991,172cm,0,Midfielder,72.0,5.0,7.0,0.0,0.0,0,0,0,0,0,0,0,0,0,0,0,0,0.0,0.0,CM,CM,CM
Luca Koleosho,Italy,15/09/2004,175cm,0,Forward,15.0,1.0,1.0,0.0,0.0,0,0,0,0,0,0,0,0,0,0,0,0,0.0,0.0,CM,CM,CM
Yunus Konak,Turkey,10/01/2006 (18),181cm,Brentford,Midfielder,0.0,0.0,0.0,0.0,0.0,0,0,0,0,0,0,0,0,0,0,0,0,0.0,0.0,CM,CM,CM
Ibrahima Konaté,France,25/05/1999 (25),194cm,Liverpool,Defender,51.0,0.0,0.0,16.0,0.0,0,0,0,0,0,0,0,0,0,0,0,0,0.0,0.0,CM,CM,CB
Terence Kongolo,Netherlands,14/02/1994,188cm,0,Defender,46.0,1.0,1.0,5.0,0.0,0,0,0,0,0,0,0,0,0,0,0,0,0.0,0.0,CM,CM,CM
Kalidou Koulibaly,Senegal,20/06/1991,195cm,0,Defender,23.0,2.0,1.0,5.0,0.0,0,0,0,0,0,0,0,0,0,0,0,0,0.0,0.0,CM,CM,CM
Lewis Koumas,Wales,19/09/2005,0,0,Forward,0.0,0.0,0.0,0.0,0.0,0,0,0,0,0,0,0,0,0,0,0,0,0.0,0.0,CM,CM,CM
Cheikhou Kouyaté,Senegal,21/12/1989,189cm,0,Midfielder,291.0,15.0,11.0,0.0,0.0,0,0,0,0,0,0,0,0,0,0,0,0,0.0,0.0,CM,CM,CM
Mateo Kovacic,Croatia,06/05/1994 (30),177cm,Manchester City,Midfielder,172.0,5.0,13.0,0.0,0.0,0,0,0,0,0,0,0,0,0,0,0,0,0.0,0.0,CM,CM,DM
Matej Kovár,Czech Republic,17/05/2000,196cm,0,Goalkeeper,0.0,0.0,0.0,0.0,0.0,0,0,0,0,0,0,0,0,0,0,0,0,0.0,0.0,GK,GK,CM
Kacper Kozlowski,Poland,16/10/2003,182cm,0,Midfielder,0.0,0.0,0.0,0.0,0.0,0,0,0,0,0,0,0,0,0,0,0,0,0.0,0.0,CM,CM,CM
Emil Krafth,Sweden,02/08/1994 (30),184cm,Newcastle United,Defender,71.0,1.0,2.0,11.0,0.0,0,0,0,0,0,0,0,0,0,0,0,0,0.0,0.0,CM,CM,CB
Mohammed Kudus,Ghana,02/08/2000 (24),177cm,West Ham United,Midfielder,33.0,8.0,6.0,0.0,0.0,0,0,0,0,0,0,0,0,0,0,0,0,0.0,0.0,CM,CM,IF
Dejan Kulusevski,Sweden,25/04/2000 (24),186cm,Tottenham Hotspur,Midfielder,84.0,15.0,18.0,0.0,0.0,0,0,0,0,0,0,0,0,0,0,0,0,0.0,0.0,CM,CM,CM
Garang Kuol,Australia,15/09/2004 (19),175cm,Newcastle United,Forward,0.0,0.0,0.0,0.0,0.0,0,0,0,0,0,0,0,0,0,0,0,0,0.0,0.0,CM,CM,CM
Layvin Kurzawa,France,04/09/1992,182cm,0,Defender,3.0,0.0,0.0,0.0,0.0,0,0,0,0,0,0,0,0,0,0,0,0,0.0,0.0,CM,CM,CM
Levi Laing,England,12/04/2003,0,0,Defender,0.0,0.0,0.0,0.0,0.0,0,0,0,0,0,0,0,0,0,0,0,0,0.0,0.0,CM,CM,CM
Tariq Lamptey,Ghana,30/09/2000 (23),163cm,Brighton & Hove Albion,Defender,89.0,1.0,7.0,5.0,0.0,0,0,0,0,0,0,0,0,0,0,0,0,0.0,0.0,CM,CM,LB
Will Lankshear,England,20/04/2005 (19),0,0,Forward,0.0,0.0,0.0,0.0,0.0,0,0,0,0,0,0,0,0,0,0,0,0,0.0,0.0,CM,CM,IF
Manuel Lanzini,Argentina,15/02/1993,167cm,0,Midfielder,179.0,27.0,17.0,0.0,0.0,0,0,0,0,0,0,0,0,0,0,0,0,0.0,0.0,CM,CM,CM
Aymeric Laporte,Spain,27/05/1994,189cm,0,Defender,121.0,8.0,3.0,50.0,0.0,0,0,0,0,0,0,0,0,0,0,0,0,0.0,0.0,CM,CM,CM
Yasser Larouci,Algeria,01/01/2001,176cm,0,Defender,11.0,0.0,0.0,0.0,0.0,0,0,0,0,0,0,0,0,0,0,0,0,0.0,0.0,CM,CM,DM
Richie Laryea,Canada,07/01/1995,175cm,0,Defender,0.0,0.0,0.0,0.0,0.0,0,0,0,0,0,0,0,0,0,0,0,0,0.0,0.0,CM,CM,CM
Roméo Lavia,Belgium,06/01/2004 (20),181cm,Chelsea,Midfielder,30.0,1.0,0.0,0.0,0.0,0,0,0,0,0,0,0,0,0,0,0,0,0.0,0.0,CM,CM,CM
Dexter Lembikisa,Jamaica,04/11/2003,180cm,0,Defender,1.0,0.0,0.0,0.0,0.0,0,0,0,0,0,0,0,0,0,0,0,0,0.0,0.0,CM,CM,CM
Clément Lenglet,France,17/06/1995,186cm,0,Defender,40.0,0.0,3.0,3.0,0.0,0,0,0,0,0,0,0,0,0,0,0,0,0.0,0.0,CM,CM,CM
Bernd Leno,Germany,04/03/1992 (32),189cm,Fulham,Goalkeeper,175.0,0.0,0.0,43.0,0.0,0,0,0,0,0,0,0,0,0,0,0,0,0.0,0.0,GK,GK,GK
Marc Leonard,Scotland,19/12/2001,0,0,Midfielder,0.0,0.0,0.0,0.0,0.0,0,0,0,0,0,0,0,0,0,0,0,0,0.0,0.0,CM,CM,CM
Jefferson Lerma,Colombia,25/10/1994 (29),179cm,Crystal Palace,Midfielder,128.0,9.0,3.0,0.0,0.0,0,0,0,0,0,0,0,0,0,0,0,0,0.0,0.0,CM,CM,CM
Marcel Lewis,England,30/09/2001,0,0,Midfielder,0.0,0.0,0.0,0.0,0.0,0,0,0,0,0,0,0,0,0,0,0,0,0.0,0.0,CM,CM,CM
Lewis Miley,England,01/05/2006 (18),185cm,Newcastle United,Midfielder,18.0,1.0,3.0,0.0,0.0,0,0,0,0,0,0,0,0,0,0,0,0,0.0,0.0,CM,CM,CM
Keane Lewis-Potter,England,22/02/2001 (23),170cm,Brentford,Forward,40.0,3.0,2.0,0.0,0.0,0,0,0,0,0,0,0,0,0,0,0,0,0.0,0.0,CM,CM,LB
Myles Lewis-Skelly,England,26/09/2006 (17),178cm,Arsenal,Midfielder,0.0,0.0,0.0,0.0,0.0,0,0,0,0,0,0,0,0,0,0,0,0,0.0,0.0,CM,CM,LB
Victor Lindelöf,Sweden,17/07/1994 (30),187cm,Manchester United,Defender,178.0,4.0,5.0,47.0,0.0,0,0,0,0,0,0,0,0,0,0,0,0,0.0,0.0,CM,CM,LB
Lisandro Martínez,Argentina,18/01/1998 (26),175cm,Manchester United,Defender,38.0,1.0,1.0,8.0,0.0,0,0,0,0,0,0,0,0,0,0,0,0,0.0,0.0,CM,CM,LB
Tino Livramento,England,12/11/2002 (21),182cm,Newcastle United,Defender,56.0,2.0,1.0,7.0,0.0,0,0,0,0,0,0,0,0,0,0,0,0,0.0,0.0,CM,CM,CM
Hugo Lloris,France,26/12/1986,188cm,0,Goalkeeper,361.0,0.0,0.0,127.0,0.0,0,0,0,0,0,0,0,0,0,0,0,0,0.0,0.0,GK,GK,CM
Giovani Lo Celso,Argentina,09/04/1996 (28),177cm,Tottenham Hotspur,Midfielder,77.0,3.0,5.0,0.0,0.0,0,0,0,0,0,0,0,0,0,0,0,0,0.0,0.0,CM,CM,CM
Tom Lockyer,Wales,03/12/1994,185cm,0,Defender,14.0,1.0,1.0,0.0,0.0,0,0,0,0,0,0,0,0,0,0,0,0,0.0,0.0,CM,CM,DM
Andy Lonergan,England,19/10/1983,192cm,0,Goalkeeper,0.0,0.0,0.0,0.0,0.0,0,0,0,0,0,0,0,0,0,0,0,0,0.0,0.0,GK,GK,CM
Sean Longstaff,England,30/10/1997 (26),180cm,Newcastle United,Midfielder,146.0,10.0,9.0,0.0,0.0,0,0,0,0,0,0,0,0,0,0,0,0,0.0,0.0,CM,CM,CM
Jamal Lowe,Jamaica,21/07/1994,183cm,0,Forward,2.0,0.0,0.0,0.0,0.0,0,0,0,0,0,0,0,0,0,0,0,0,0.0,0.0,CM,CM,CM
Lucas Moura,Brazil,13/08/1992,172cm,0,Forward,152.0,20.0,15.0,0.0,0.0,0,0,0,0,0,0,0,0,0,0,0,0,0.0,0.0,CM,CM,CM
Lucas Paquetá,Brazil,27/08/1997 (26),180cm,West Ham United,Midfielder,59.0,8.0,9.0,0.0,0.0,0,0,0,0,0,0,0,0,0,0,0,0,0.0,0.0,CM,CM,CM
Luizão,Brazil,08/03/2002,187cm,0,Defender,0.0,0.0,0.0,0.0,0.0,0,0,0,0,0,0,0,0,0,0,0,0,0.0,0.0,CM,CM,CM
Jayden Luker,England,30/04/2005,0,0,Midfielder,0.0,0.0,0.0,0.0,0.0,0,0,0,0,0,0,0,0,0,0,0,0,0.0,0.0,CM,CM,CM
Sasa Lukic,Serbia,13/08/1996 (27),183cm,Fulham,Midfielder,36.0,1.0,0.0,0.0,0.0,0,0,0,0,0,0,0,0,0,0,0,0,0.0,0.0,CM,CM,DM
Lyle Taylor,Montserrat,29/03/1990,188cm,0,Forward,0.0,0.0,0.0,0.0,0.0,0,0,0,0,0,0,0,0,0,0,0,0,0.0,0.0,CM,CM,CM
Ian Maatsen,Netherlands,10/03/2002 (22),178cm,Aston Villa,Defender,12.0,0.0,0.0,0.0,0.0,0,0,0,0,0,0,0,0,0,0,0,0,0.0,0.0,CM,CM,LB
Alexis Mac Allister,Argentina,24/12/1998 (25),176cm,Liverpool,Midfielder,131.0,21.0,10.0,0.0,0.0,0,0,0,0,0,0,0,0,0,0,0,0,0.0,0.0,CM,CM,CM
Noni Madueke,England,10/03/2002 (22),176cm,Chelsea,Forward,35.0,6.0,2.0,0.0,0.0,0,0,0,0,0,0,0,0,0,0,0,0,0.0,0.0,CM,CM,IF
Paris Maghoma,England,08/05/2001 (23),0,Bolton Wanderers,Midfielder,0.0,0.0,0.0,0.0,0.0,0,0,0,0,0,0,0,0,0,0,0,0,0.0,0.0,CM,CM,CM
Mahmoud Dahoud,Syria,01/01/1996 (28),178cm,Brighton & Hove Albion,Midfielder,9.0,0.0,1.0,0.0,0.0,0,0,0,0,0,0,0,0,0,0,0,0,0.0,0.0,CM,CM,CM
Riyad Mahrez,Algeria,21/02/1991,179cm,0,Forward,284.0,82.0,61.0,0.0,0.0,0,0,0,0,0,0,0,0,0,0,0,0,0.0,0.0,CM,CM,CM
Kobbie Mainoo,England,19/04/2005 (19),175cm,Manchester United,Midfielder,25.0,3.0,1.0,0.0,0.0,0,0,0,0,0,0,0,0,0,0,0,0,0.0,0.0,CM,CM,CM
Tyrell Malacia,Netherlands,17/08/1999 (24),170cm,Manchester United,Defender,22.0,0.0,0.0,6.0,0.0,0,0,0,0,0,0,0,0,0,0,0,0,0.0,0.0,CM,CM,LB
Orel Mangala,Belgium,18/03/1998,178cm,0,Midfielder,47.0,2.0,1.0,0.0,0.0,0,0,0,0,0,0,0,0,0,0,0,0,0.0,0.0,CM,CM,CM
Javier Manquillo,Spain,05/05/1994,178cm,0,Defender,126.0,2.0,7.0,21.0,0.0,0,0,0,0,0,0,0,0,0,0,0,0,0.0,0.0,CM,CM,CM
Manuel Benson,Angola,28/03/1997,178cm,0,Forward,8.0,0.0,0.0,0.0,0.0,0,0,0,0,0,0,0,0,0,0,0,0,0.0,0.0,CM,CM,CM
Marcelo Pitaluga,Brazil,20/12/2002 (21),192cm,Liverpool,Goalkeeper,0.0,0.0,0.0,0.0,0.0,0,0,0,0,0,0,0,0,0,0,0,0,0.0,0.0,GK,GK,CM
Emiliano Marcondes,Denmark,09/03/1995,182cm,0,Midfielder,1.0,0.0,0.0,0.0,0.0,0,0,0,0,0,0,0,0,0,0,0,0,0.0,0.0,CM,CM,CM
Mario Lemina,Gabon,01/09/1993 (30),184cm,Wolverhampton Wanderers,Midfielder,128.0,7.0,4.0,0.0,0.0,0,0,0,0,0,0,0,0,0,0,0,0,0.0,0.0,CM,CM,CM
Finley Marjoram,England,26/03/2006,0,0,Defender,0.0,0.0,0.0,0.0,0.0,0,0,0,0,0,0,0,0,0,0,0,0,0.0,0.0,CM,CM,CM
Marquinhos,Brazil,07/04/2003,175cm,0,Forward,1.0,0.0,0.0,0.0,0.0,0,0,0,0,0,0,0,0,0,0,0,0,0.0,0.0,CM,CM,CM
Filip Marschall,England,24/04/2003,195cm,0,Goalkeeper,0.0,0.0,0.0,0.0,0.0,0,0,0,0,0,0,0,0,0,0,0,0,0.0,0.0,GK,GK,CM
Zach Marsh,England,06/10/2005,0,0,Forward,0.0,0.0,0.0,0.0,0.0,0,0,0,0,0,0,0,0,0,0,0,0,0.0,0.0,CM,CM,CM
Callum Marshall,Northern Ireland,28/11/2004 (19),172cm,West Bromwich Albion,Forward,0.0,0.0,0.0,0.0,0.0,0,0,0,0,0,0,0,0,0,0,0,0,0.0,0.0,CM,CM,CM
Anthony Martial,France,05/12/1995,181cm,0,Forward,209.0,63.0,28.0,0.0,0.0,0,0,0,0,0,0,0,0,0,0,0,0,0.0,0.0,CM,CM,CM
Han-Noah Massengo,France,07/07/2001,178cm,0,Midfielder,3.0,0.0,0.0,0.0,0.0,0,0,0,0,0,0,0,0,0,0,0,0,0.0,0.0,CM,CM,CM
Arthur Masuaku,DR Congo,07/11/1993,179cm,0,Defender,105.0,1.0,9.0,17.0,0.0,0,0,0,0,0,0,0,0,0,0,0,0,0.0,0.0,CM,CM,CM
Mateo Mejia,Spain,31/03/2003,0,0,Forward,0.0,0.0,0.0,0.0,0.0,0,0,0,0,0,0,0,0,0,0,0,0,0.0,0.0,CM,CM,CM
Jean-Philippe Mateta,France,28/06/1997 (27),192cm,Crystal Palace,Forward,93.0,24.0,6.0,0.0,0.0,0,0,0,0,0,0,0,0,0,0,0,0,0.0,0.0,CM,CM,IF
Matheus Cunha,Brazil,27/05/1999 (25),183cm,Wolverhampton Wanderers,Forward,49.0,14.0,7.0,0.0,0.0,0,0,0,0,0,0,0,0,0,0,0,0,0.0,0.0,CM,CM,CM
Matheus França,Brazil,01/04/2004 (20),178cm,Crystal Palace,Forward,10.0,0.0,1.0,0.0,0.0,0,0,0,0,0,0,0,0,0,0,0,0,0.0,0.0,CM,CM,CM
Matheus Nunes,Portugal,27/08/1998 (25),183cm,Manchester City,Midfielder,53.0,1.0,3.0,0.0,0.0,0,0,0,0,0,0,0,0,0,0,0,0,0.0,0.0,CM,CM,CB
Roshaun Mathurin,England,23/01/2004 (20),0,Crystal Palace,Forward,0.0,0.0,0.0,0.0,0.0,0,0,0,0,0,0,0,0,0,0,0,0,0.0,0.0,CM,CM,CM
Joël Matip,Cameroon,08/08/1991,195cm,0,Defender,150.0,9.0,5.0,54.0,0.0,0,0,0,0,0,0,0,0,0,0,0,0,0.0,0.0,CM,CM,DM
Alex Matos,England,03/10/2004 (19),0,Huddersfield Town,Forward,1.0,0.0,0.0,0.0,0.0,0,0,0,0,0,0,0,0,0,0,0,0,0.0,0.0,CM,CM,CM
Matthew Craig,Scotland,16/04/2003,0,0,Midfielder,1.0,0.0,0.0,0.0,0.0,0,0,0,0,0,0,0,0,0,0,0,0,0.0,0.0,CM,CM,CM
Remi Matthews,England,10/02/1994 (30),184cm,Crystal Palace,Goalkeeper,1.0,0.0,0.0,0.0,0.0,0,0,0,0,0,0,0,0,0,0,0,0,0.0,0.0,GK,GK,CM
Matty Longstaff,England,21/03/2000,0,0,Midfielder,14.0,2.0,0.0,0.0,0.0,0,0,0,0,0,0,0,0,0,0,0,0,0.0,0.0,CM,CM,CM
Neal Maupay,France,14/08/1996 (27),173cm,Everton,Forward,160.0,33.0,10.0,0.0,0.0,0,0,0,0,0,0,0,0,0,0,0,0,0.0,0.0,CM,CM,CM
Mauro Bandeira,Portugal,18/11/2003,178cm,0,Midfielder,0.0,0.0,0.0,0.0,0.0,0,0,0,0,0,0,0,0,0,0,0,0,0.0,0.0,CM,CM,CM
Konstantinos Mavropanos,Greece,11/12/1997 (26),194cm,West Ham United,Defender,26.0,1.0,0.0,4.0,0.0,0,0,0,0,0,0,0,0,0,0,0,0,0.0,0.0,CM,CM,CB
Adrian Mazilu,Romania,13/09/2005 (18),186cm,Brighton & Hove Albion,Forward,0.0,0.0,0.0,0.0,0.0,0,0,0,0,0,0,0,0,0,0,0,0,0.0,0.0,CM,CM,CM
Kevin Mbabu,Switzerland,19/04/1995 (29),184cm,Fulham,Defender,9.0,0.0,1.0,0.0,0.0,0,0,0,0,0,0,0,0,0,0,0,0,0.0,0.0,CM,CM,CM
Loïc Mbe Soh,France,13/06/2001,186cm,0,Defender,0.0,0.0,0.0,0.0,0.0,0,0,0,0,0,0,0,0,0,0,0,0,0.0,0.0,CM,CM,CM
Bryan Mbeumo,Cameroon,07/08/1999 (24),173cm,Brentford,Midfielder,98.0,22.0,21.0,0.0,0.0,0,0,0,0,0,0,0,0,0,0,0,0,0.0,0.0,CM,CM,ST
Sean McAllister,Northern Ireland,15/09/2002,0,0,Midfielder,0.0,0.0,0.0,0.0,0.0,0,0,0,0,0,0,0,0,0,0,0,0,0.0,0.0,CM,CM,CM
James McArthur,Scotland,07/10/1987,178cm,0,Midfielder,323.0,23.0,23.0,0.0,0.0,0,0,0,0,0,0,0,0,0,0,0,0,0.0,0.0,CM,CM,CM
John McAtee,England,23/07/1999,180cm,0,Forward,0.0,0.0,0.0,0.0,0.0,0,0,0,0,0,0,0,0,0,0,0,0,0.0,0.0,CM,CM,CM
Oliver McBurnie,Scotland,04/06/1996,188cm,0,Forward,96.0,13.0,4.0,0.0,0.0,0,0,0,0,0,0,0,0,0,0,0,0,0.0,0.0,CM,CM,CM
James McConnell,England,13/09/2004,0,0,Midfielder,3.0,0.0,0.0,0.0,0.0,0,0,0,0,0,0,0,0,0,0,0,0,0.0,0.0,CM,CM,CM
Delano McCoy-Splatt,Jamaica,11/10/2004,0,0,Midfielder,0.0,0.0,0.0,0.0,0.0,0,0,0,0,0,0,0,0,0,0,0,0,0.0,0.0,CM,CM,CM
Jamie McDonnell,Northern Ireland,16/02/2004 (20),0,Nottingham Forest,Midfielder,0.0,0.0,0.0,0.0,0.0,0,0,0,0,0,0,0,0,0,0,0,0,0.0,0.0,CM,CM,CM
Callum McFarlane,England,08/09/2003,0,0,Forward,0.0,0.0,0.0,0.0,0.0,0,0,0,0,0,0,0,0,0,0,0,0,0.0,0.0,CM,CM,CM
Tom McGill,Canada,25/03/2000,185cm,0,Goalkeeper,0.0,0.0,0.0,0.0,0.0,0,0,0,0,0,0,0,0,0,0,0,0,0.0,0.0,GK,GK,CM
John McGinn,Scotland,18/10/1994 (29),178cm,Aston Villa,Midfielder,169.0,16.0,19.0,0.0,0.0,0,0,0,0,0,0,0,0,0,0,0,0,0.0,0.0,CM,CM,CM
Callan McKenna,Scotland,22/12/2006,0,0,Goalkeeper,0.0,0.0,0.0,0.0,0.0,0,0,0,0,0,0,0,0,0,0,0,0,0.0,0.0,GK,GK,CM
Luke McNally,Ireland,20/09/1999,184cm,0,Defender,0.0,0.0,0.0,0.0,0.0,0,0,0,0,0,0,0,0,0,0,0,0,0.0,0.0,CM,CM,CM
Dwight McNeil,England,22/11/1999 (24),183cm,Everton,Forward,205.0,17.0,26.0,0.0,0.0,0,0,0,0,0,0,0,0,0,0,0,0,0.0,0.0,CM,CM,CM
Charlie McNeill,England,09/09/2003,0,0,Forward,0.0,0.0,0.0,0.0,0.0,0,0,0,0,0,0,0,0,0,0,0,0,0.0,0.0,CM,CM,CM
Hannibal Mejbri,Tunisia,21/01/2003 (21),177cm,Sevilla,Midfielder,8.0,1.0,0.0,0.0,0.0,0,0,0,0,0,0,0,0,0,0,0,0,0.0,0.0,CM,CM,CM
Édouard Mendy,Senegal,01/03/1992,194cm,0,Goalkeeper,75.0,0.0,0.0,31.0,0.0,0,0,0,0,0,0,0,0,0,0,0,0,0.0,0.0,GK,GK,CM
Teden Mengi,England,30/04/2002,183cm,0,Defender,30.0,1.0,0.0,1.0,0.0,0,0,0,0,0,0,0,0,0,0,0,0,0.0,0.0,CM,CM,DM
Max Merrick,England,10/11/2005,0,0,Goalkeeper,0.0,0.0,0.0,0.0,0.0,0,0,0,0,0,0,0,0,0,0,0,0,0.0,0.0,GK,GK,CM
Jenson Metcalfe,England,06/09/2004 (19),0,Everton,Midfielder,0.0,0.0,0.0,0.0,0.0,0,0,0,0,0,0,0,0,0,0,0,0,0.0,0.0,CM,CM,CM
Alex Mighten,England,11/04/2002 (22),172cm,Port Vale,Forward,1.0,0.0,0.0,0.0,0.0,0,0,0,0,0,0,0,0,0,0,0,0,0.0,0.0,CM,CM,CM
Luka Milivojevic,Serbia,07/04/1991,186cm,0,Midfielder,183.0,28.0,5.0,0.0,0.0,0,0,0,0,0,0,0,0,0,0,0,0,0.0,0.0,CM,CM,CM
Stanley Mills,England,25/10/2003,0,0,Midfielder,0.0,0.0,0.0,0.0,0.0,0,0,0,0,0,0,0,0,0,0,0,0,0.0,0.0,CM,CM,CM
Yerry Mina,Colombia,23/09/1994,195cm,0,Defender,86.0,7.0,1.0,15.0,0.0,0,0,0,0,0,0,0,0,0,0,0,0,0.0,0.0,CM,CM,CM
Yankuba Minteh,Gambia,22/07/2004 (20),180cm,Brighton & Hove Albion,Forward,0.0,0.0,0.0,0.0,0.0,0,0,0,0,0,0,0,0,0,0,0,0,0.0,0.0,CM,CM,IF
Tyrick Mitchell,England,01/09/1999 (24),175cm,Crystal Palace,Defender,132.0,3.0,8.0,30.0,0.0,0,0,0,0,0,0,0,0,0,0,0,0,0.0,0.0,CM,CM,CB
Kaoru Mitoma,Japan,20/05/1997 (27),178cm,Brighton & Hove Albion,Midfielder,52.0,10.0,9.0,0.0,0.0,0,0,0,0,0,0,0,0,0,0,0,0,0.0,0.0,CM,CM,IF
Aleksandar Mitrovic,Serbia,16/09/1994,189cm,0,Forward,129.0,38.0,11.0,0.0,0.0,0,0,0,0,0,0,0,0,0,0,0,0,0.0,0.0,CM,CM,CM
Jakub Moder,Poland,07/04/1999 (25),188cm,Brighton & Hove Albion,Midfielder,57.0,0.0,3.0,0.0,0.0,0,0,0,0,0,0,0,0,0,0,0,0,0.0,0.0,CM,CM,CM
Mohamed Elneny,Egypt,11/07/1992,179cm,0,Midfielder,91.0,1.0,5.0,0.0,0.0,0,0,0,0,0,0,0,0,0,0,0,0,0.0,0.0,CM,CM,CM
Mohamed Salah,Egypt,15/06/1992 (32),175cm,Liverpool,Forward,263.0,157.0,69.0,0.0,0.0,0,0,0,0,0,0,0,0,0,0,0,0,0.0,0.0,CM,CM,IF
Moisés Caicedo,Ecuador,02/11/2001 (22),178cm,Chelsea,Midfielder,80.0,3.0,5.0,0.0,0.0,0,0,0,0,0,0,0,0,0,0,0,0,0.0,0.0,CM,CM,CM
Gonzalo Montiel,Argentina,01/01/1997,175cm,0,Defender,14.0,0.0,2.0,0.0,0.0,0,0,0,0,0,0,0,0,0,0,0,0,0.0,0.0,CM,CM,DM
Kieffer Moore,Wales,08/08/1992,196cm,0,Forward,35.0,5.0,0.0,0.0,0.0,0,0,0,0,0,0,0,0,0,0,0,0,0.0,0.0,CM,CM,CM
Andrew Moran,Ireland,15/10/2003 (20),177cm,Blackburn Rovers,Midfielder,1.0,0.0,0.0,0.0,0.0,0,0,0,0,0,0,0,0,0,0,0,0,0.0,0.0,CM,CM,CM
Álex Moreno,Spain,08/06/1993 (31),179cm,Aston Villa,Defender,40.0,2.0,3.0,6.0,0.0,0,0,0,0,0,0,0,0,0,0,0,0,0.0,0.0,CM,CM,LB
Carlton Morris,England,16/12/1995,185cm,0,Forward,38.0,11.0,4.0,0.0,0.0,0,0,0,0,0,0,0,0,0,0,0,0,0.0,0.0,CM,CM,CM
Tyler Morton,England,31/10/2002 (21),185cm,Hull City,Midfielder,2.0,0.0,0.0,0.0,0.0,0,0,0,0,0,0,0,0,0,0,0,0,0.0,0.0,CM,CM,CM
Yerson Mosquera,Colombia,02/05/2001 (23),187cm,Villarreal,Defender,0.0,0.0,0.0,0.0,0.0,0,0,0,0,0,0,0,0,0,0,0,0,0.0,0.0,CM,CM,LB
Louie Moulden,England,06/01/2002,190cm,0,Goalkeeper,0.0,0.0,0.0,0.0,0.0,0,0,0,0,0,0,0,0,0,0,0,0,0.0,0.0,GK,GK,CM
Mason Mount,England,10/01/1999 (25),181cm,Manchester United,Midfielder,143.0,28.0,22.0,0.0,0.0,0,0,0,0,0,0,0,0,0,0,0,0,0.0,0.0,CM,CM,CM
Pelly Ruddock Mpanzu,DR Congo,22/03/1994,175cm,0,Midfielder,27.0,0.0,0.0,0.0,0.0,0,0,0,0,0,0,0,0,0,0,0,0,0.0,0.0,CM,CM,CM
Fabian Mrozek,Poland,28/09/2003,0,0,Goalkeeper,0.0,0.0,0.0,0.0,0.0,0,0,0,0,0,0,0,0,0,0,0,0,0.0,0.0,GK,GK,CM
Divin Mubama,England,25/10/2004,182cm,0,Forward,8.0,0.0,0.0,0.0,0.0,0,0,0,0,0,0,0,0,0,0,0,0,0.0,0.0,CM,CM,IF
Mykhailo Mudryk,Ukraine,05/01/2001 (23),175cm,Chelsea,Midfielder,46.0,5.0,4.0,0.0,0.0,0,0,0,0,0,0,0,0,0,0,0,0,0.0,0.0,CM,CM,IF
Marqes Muir,England,21/09/2002,0,0,Defender,0.0,0.0,0.0,0.0,0.0,0,0,0,0,0,0,0,0,0,0,0,0,0.0,0.0,CM,CM,CM
Romaine Mundle,England,24/04/2003,0,0,Midfielder,0.0,0.0,0.0,0.0,0.0,0,0,0,0,0,0,0,0,0,0,0,0,0.0,0.0,CM,CM,CM
Daniel Muñoz,Colombia,26/05/1996 (28),180cm,Crystal Palace,Defender,16.0,0.0,4.0,4.0,0.0,0,0,0,0,0,0,0,0,0,0,0,0,0.0,0.0,CM,CM,CB
Finley Munroe,England,08/02/2005,0,0,Defender,1.0,0.0,0.0,0.0,0.0,0,0,0,0,0,0,0,0,0,0,0,0,0.0,0.0,CM,CM,CM
Arijanet Muric,Kosovo,07/11/1998 (25),198cm,Ipswich Town,Goalkeeper,10.0,0.0,0.0,0.0,0.0,0,0,0,0,0,0,0,0,0,0,0,0,0.0,0.0,GK,GK,GK
Murillo,Brazil,04/07/2002 (22),180cm,Nottingham Forest,Defender,32.0,0.0,2.0,3.0,0.0,0,0,0,0,0,0,0,0,0,0,0,0,0.0,0.0,CM,CM,CB
Harrison Murray-Campbell,England,04/08/2006,184cm,0,Defender,0.0,0.0,0.0,0.0,0.0,0,0,0,0,0,0,0,0,0,0,0,0,0.0,0.0,CM,CM,CM
Mateusz Musialowski,Poland,16/10/2003,175cm,0,Forward,0.0,0.0,0.0,0.0,0.0,0,0,0,0,0,0,0,0,0,0,0,0,0.0,0.0,CM,CM,CM
Admiral Muskwe,Zimbabwe,21/08/1998,183cm,0,Forward,0.0,0.0,0.0,0.0,0.0,0,0,0,0,0,0,0,0,0,0,0,0,0.0,0.0,CM,CM,CM
Vitalii Mykolenko,Ukraine,29/05/1999 (25),180cm,Everton,Defender,75.0,3.0,0.0,19.0,0.0,0,0,0,0,0,0,0,0,0,0,0,0,0.0,0.0,CM,CM,DM
Marvelous Nakamba,Zimbabwe,19/01/1994,178cm,0,Midfielder,71.0,0.0,0.0,0.0,0.0,0,0,0,0,0,0,0,0,0,0,0,0,0.0,0.0,CM,CM,DM
Amara Nallo,England,18/11/2006 (17),0,Liverpool,Midfielder,0.0,0.0,0.0,0.0,0.0,0,0,0,0,0,0,0,0,0,0,0,0,0.0,0.0,CM,CM,CM
Keylor Navas,Costa Rica,15/12/1986,185cm,0,Goalkeeper,17.0,0.0,0.0,1.0,0.0,0,0,0,0,0,0,0,0,0,0,0,0,0.0,0.0,GK,GK,CM
Iliman Ndiaye,Senegal,06/03/2000 (24),180cm,Everton,Forward,1.0,0.0,0.0,0.0,0.0,0,0,0,0,0,0,0,0,0,0,0,0,0.0,0.0,CM,CM,IF
Michael Ndiweni,England,02/12/2003 (20),0,Newcastle United,Forward,1.0,0.0,0.0,0.0,0.0,0,0,0,0,0,0,0,0,0,0,0,0,0.0,0.0,CM,CM,CM
Tanguy Ndombélé,France,28/12/1996,181cm,0,Midfielder,63.0,6.0,5.0,0.0,0.0,0,0,0,0,0,0,0,0,0,0,0,0,0.0,0.0,CM,CM,CM
Kosta Nedeljkovic,Serbia,16/12/2005,0,0,Defender,0.0,0.0,0.0,0.0,0.0,0,0,0,0,0,0,0,0,0,0,0,0,0.0,0.0,CM,CM,CM
Reiss Nelson,England,10/12/1999 (24),175cm,Arsenal,Forward,49.0,4.0,2.0,0.0,0.0,0,0,0,0,0,0,0,0,0,0,0,0,0.0,0.0,CM,CM,IF
Nélson Semedo,Portugal,16/11/1993 (30),177cm,Wolverhampton Wanderers,Defender,131.0,1.0,4.0,25.0,0.0,0,0,0,0,0,0,0,0,0,0,0,0,0.0,0.0,CM,CM,CB
Neto,Brazil,19/07/1989 (35),190cm,Bournemouth,Goalkeeper,59.0,0.0,0.0,13.0,0.0,0,0,0,0,0,0,0,0,0,0,0,0,0.0,0.0,GK,GK,GK
Josh Neufville,England,22/03/2001,0,0,Forward,0.0,0.0,0.0,0.0,0.0,0,0,0,0,0,0,0,0,0,0,0,0,0.0,0.0,CM,CM,CM
Moussa Niakhaté,Senegal,08/03/1996,190cm,0,Defender,35.0,1.0,0.0,2.0,0.0,0,0,0,0,0,0,0,0,0,0,0,0,0.0,0.0,CM,CM,DM
Eddie Nketiah,England,30/05/1999 (25),175cm,Arsenal,Forward,116.0,19.0,5.0,0.0,0.0,0,0,0,0,0,0,0,0,0,0,0,0,0.0,0.0,CM,CM,IF
Christopher Nkunku,France,14/11/1997 (26),178cm,Chelsea,Forward,11.0,3.0,0.0,0.0,0.0,0,0,0,0,0,0,0,0,0,0,0,0,0.0,0.0,CM,CM,IF
Noha Lemina,Gabon,17/06/2005,0,0,Midfielder,0.0,0.0,0.0,0.0,0.0,0,0,0,0,0,0,0,0,0,0,0,0,0.0,0.0,CM,CM,CM
Rhys Norrington-Davies,Wales,22/04/1999,181cm,0,Defender,5.0,0.0,0.0,0.0,0.0,0,0,0,0,0,0,0,0,0,0,0,0,0.0,0.0,CM,CM,CM
Oliver Norwood,Northern Ireland,12/04/1991,180cm,0,Midfielder,97.0,2.0,1.0,0.0,0.0,0,0,0,0,0,0,0,0,0,0,0,0,0.0,0.0,CM,CM,DM
Darwin Núñez,Uruguay,24/06/1999 (25),187cm,Liverpool,Forward,65.0,20.0,11.0,0.0,0.0,0,0,0,0,0,0,0,0,0,0,0,0,0.0,0.0,CM,CM,IF
Nuno Tavares,Portugal,26/01/2000,183cm,0,Defender,30.0,1.0,1.0,4.0,0.0,0,0,0,0,0,0,0,0,0,0,0,0,0.0,0.0,CM,CM,DM
Ethan Nwaneri,England,21/03/2007 (17),176cm,Arsenal,Midfielder,2.0,0.0,0.0,0.0,0.0,0,0,0,0,0,0,0,0,0,0,0,0,0.0,0.0,CM,CM,IF
Trey Nyoni,England,30/06/2007 (17),0,Liverpool,Midfielder,0.0,0.0,0.0,0.0,0.0,0,0,0,0,0,0,0,0,0,0,0,0,0.0,0.0,CM,CM,CM
Christian Nørgaard,Denmark,10/03/1994 (30),187cm,Brentford,Midfielder,88.0,6.0,8.0,0.0,0.0,0,0,0,0,0,0,0,0,0,0,0,0,0.0,0.0,CM,CM,CM
Jake O'Brien,Ireland,15/05/2001 (23),197cm,Everton,Defender,0.0,0.0,0.0,0.0,0.0,0,0,0,0,0,0,0,0,0,0,0,0,0.0,0.0,CM,CM,LB
Tommi O'Reilly,England,15/12/2003,170cm,0,Midfielder,0.0,0.0,0.0,0.0,0.0,0,0,0,0,0,0,0,0,0,0,0,0,0.0,0.0,CM,CM,CM
Dara O'Shea,Ireland,04/03/1999,188cm,0,Defender,61.0,3.0,4.0,4.0,0.0,0,0,0,0,0,0,0,0,0,0,0,0,0.0,0.0,CM,CM,LB
Michael Obafemi,Ireland,06/07/2000,169cm,0,Forward,34.0,4.0,3.0,0.0,0.0,0,0,0,0,0,0,0,0,0,0,0,0,0.0,0.0,CM,CM,CM
Wilson Odobert,France,28/11/2004,182cm,0,Forward,29.0,3.0,2.0,0.0,0.0,0,0,0,0,0,0,0,0,0,0,0,0,0.0,0.0,CM,CM,IF
Idris Odutayo,England,26/10/2002,0,0,Defender,0.0,0.0,0.0,0.0,0.0,0,0,0,0,0,0,0,0,0,0,0,0,0.0,0.0,CM,CM,CM
Odeluga Offiah,England,26/10/2002 (21),181cm,Brighton & Hove Albion,Defender,6.0,0.0,0.0,0.0,0.0,0,0,0,0,0,0,0,0,0,0,0,0,0.0,0.0,CM,CM,CM
Chiedozie Ogbene,Ireland,01/05/1997,181cm,0,Forward,30.0,4.0,1.0,0.0,0.0,0,0,0,0,0,0,0,0,0,0,0,0,0.0,0.0,CM,CM,IF
Angelo Ogbonna,Italy,23/05/1988,191cm,0,Defender,201.0,8.0,1.0,45.0,0.0,0,0,0,0,0,0,0,0,0,0,0,0,0.0,0.0,CM,CM,CM
Habeeb Ogunneye,England,12/11/2005 (18),0,Manchester United,Defender,0.0,0.0,0.0,0.0,0.0,0,0,0,0,0,0,0,0,0,0,0,0,0.0,0.0,CM,CM,CM
Braian Ojeda,Paraguay,27/06/2000,172cm,0,Midfielder,0.0,0.0,0.0,0.0,0.0,0,0,0,0,0,0,0,0,0,0,0,0,0.0,0.0,CM,CM,CM
Temple Ojinnaka,England,30/03/2005 (19),0,Wolverhampton Wanderers,Midfielder,0.0,0.0,0.0,0.0,0.0,0,0,0,0,0,0,0,0,0,0,0,0,0.0,0.0,CM,CM,CM
Wes Okoduwa,England,12/05/2008 (16),0,Wolverhampton Wanderers,Defender,0.0,0.0,0.0,0.0,0.0,0,0,0,0,0,0,0,0,0,0,0,0,0.0,0.0,CM,CM,CM
Ferdinand Okoh,England,03/06/2004,171cm,0,Midfielder,0.0,0.0,0.0,0.0,0.0,0,0,0,0,0,0,0,0,0,0,0,0,0.0,0.0,CM,CM,CM
Arthur Okonkwo,England,09/09/2001,198cm,0,Goalkeeper,0.0,0.0,0.0,0.0,0.0,0,0,0,0,0,0,0,0,0,0,0,0,0.0,0.0,GK,GK,CM
Ademola Ola-Adebomi,England,03/09/2003,0,0,Forward,0.0,0.0,0.0,0.0,0.0,0,0,0,0,0,0,0,0,0,0,0,0,0.0,0.0,CM,CM,CM
Michael Olakigbe,England,25/04/2004,0,0,Midfielder,8.0,0.0,0.0,0.0,0.0,0,0,0,0,0,0,0,0,0,0,0,0,0.0,0.0,CM,CM,CM
Michael Olise,France,12/12/2001,184cm,0,Midfielder,82.0,14.0,22.0,0.0,0.0,0,0,0,0,0,0,0,0,0,0,0,0,0.0,0.0,CM,CM,CM
Robin Olsen,Sweden,08/01/1990 (34),198cm,Aston Villa,Goalkeeper,17.0,0.0,0.0,3.0,0.0,0,0,0,0,0,0,0,0,0,0,0,0,0.0,0.0,GK,GK,GK
Andrew Omobamidele,Ireland,23/06/2002 (22),188cm,Nottingham Forest,Defender,16.0,1.0,0.0,0.0,0.0,0,0,0,0,0,0,0,0,0,0,0,0,0.0,0.0,CM,CM,CM
Amadou Onana,Belgium,16/08/2001 (22),195cm,Aston Villa,Midfielder,63.0,3.0,2.0,0.0,0.0,0,0,0,0,0,0,0,0,0,0,0,0,0.0,0.0,CM,CM,CM
Ryan Oné,Scotland,26/06/2006,0,0,Midfielder,1.0,0.0,0.0,0.0,0.0,0,0,0,0,0,0,0,0,0,0,0,0,0.0,0.0,CM,CM,CM
Tyler Onyango,England,04/03/2003 (21),190cm,Everton,Midfielder,0.0,0.0,0.0,0.0,0.0,0,0,0,0,0,0,0,0,0,0,0,0,0.0,0.0,CM,CM,CM
Fred Onyedinma,Nigeria,24/11/1996,185cm,0,Midfielder,8.0,0.0,0.0,0.0,0.0,0,0,0,0,0,0,0,0,0,0,0,0,0.0,0.0,CM,CM,DM
Frank Onyeka,Nigeria,01/01/1998 (26),183cm,Brentford,Midfielder,67.0,1.0,4.0,0.0,0.0,0,0,0,0,0,0,0,0,0,0,0,0,0.0,0.0,CM,CM,CM
Lewis Orford,England,18/02/2006,0,0,Midfielder,0.0,0.0,0.0,0.0,0.0,0,0,0,0,0,0,0,0,0,0,0,0,0.0,0.0,CM,CM,CM
Divock Origi,Belgium,18/04/1995,185cm,0,Forward,127.0,22.0,7.0,0.0,0.0,0,0,0,0,0,0,0,0,0,0,0,0,0.0,0.0,CM,CM,CM
Stefan Ortega,Germany,06/11/1992 (31),185cm,Manchester City,Goalkeeper,12.0,0.0,0.0,3.0,0.0,0,0,0,0,0,0,0,0,0,0,0,0,0.0,0.0,GK,GK,GK
Ben Osborn,England,05/08/1994,176cm,0,Midfielder,61.0,1.0,2.0,0.0,0.0,0,0,0,0,0,0,0,0,0,0,0,0,0.0,0.0,CM,CM,CM
Gabriel Osho,Nigeria,14/08/1998,185cm,0,Defender,21.0,2.0,0.0,2.0,0.0,0,0,0,0,0,0,0,0,0,0,0,0,0.0,0.0,CM,CM,DM
Detlef Esapa Osong,England,21/09/2004,0,0,Forward,0.0,0.0,0.0,0.0,0.0,0,0,0,0,0,0,0,0,0,0,0,0,0.0,0.0,CM,CM,CM
William Osula,Denmark,04/08/2003,180cm,0,Forward,21.0,0.0,0.0,0.0,0.0,0,0,0,0,0,0,0,0,0,0,0,0,0.0,0.0,CM,CM,IF
Jonny Otto,Spain,03/03/1994,175cm,0,Defender,107.0,6.0,3.0,20.0,0.0,0,0,0,0,0,0,0,0,0,0,0,0,0.0,0.0,CM,CM,CM
Dango Ouattara,Burkina Faso,11/02/2002 (22),177cm,Bournemouth,Forward,49.0,2.0,5.0,0.0,0.0,0,0,0,0,0,0,0,0,0,0,0,0,0.0,0.0,CM,CM,IF
Maxi Oyedele,Poland,07/11/2004 (19),0,0,Midfielder,0.0,0.0,0.0,0.0,0.0,0,0,0,0,0,0,0,0,0,0,0,0,0.0,0.0,CM,CM,CM
David Ozoh,England,06/05/2005,0,0,Midfielder,10.0,0.0,0.0,0.0,0.0,0,0,0,0,0,0,0,0,0,0,0,0,0.0,0.0,CM,CM,DM
Cole Palmer,England,06/05/2002 (22),189cm,Chelsea,Midfielder,52.0,22.0,12.0,0.0,0.0,0,0,0,0,0,0,0,0,0,0,0,0,0.0,0.0,CM,CM,CM
Jonathan Panzo,England,25/10/2000,185cm,0,Defender,0.0,0.0,0.0,0.0,0.0,0,0,0,0,0,0,0,0,0,0,0,0,0.0,0.0,CM,CM,CM
Stefan Parkes,England,28/03/2004,0,0,Defender,0.0,0.0,0.0,0.0,0.0,0,0,0,0,0,0,0,0,0,0,0,0,0.0,0.0,CM,CM,CM
Ben Parkinson,England,10/03/2005 (19),0,Newcastle United,Forward,1.0,0.0,0.0,0.0,0.0,0,0,0,0,0,0,0,0,0,0,0,0,0.0,0.0,CM,CM,CM
Troy Parrott,Ireland,04/02/2002,185cm,0,Forward,2.0,0.0,0.0,0.0,0.0,0,0,0,0,0,0,0,0,0,0,0,0,0.0,0.0,CM,CM,CM
Thomas Partey,Ghana,13/06/1993 (31),185cm,Arsenal,Midfielder,95.0,5.0,3.0,0.0,0.0,0,0,0,0,0,0,0,0,0,0,0,0,0.0,0.0,CM,CM,CM
Maksim Paskotsi,Estonia,19/01/2003,188cm,0,Defender,0.0,0.0,0.0,0.0,0.0,0,0,0,0,0,0,0,0,0,0,0,0,0.0,0.0,CM,CM,CM
Travis Patterson,England,06/10/2005,0,0,Midfielder,0.0,0.0,0.0,0.0,0.0,0,0,0,0,0,0,0,0,0,0,0,0,0.0,0.0,CM,CM,CM
Ben Pearson,England,04/01/1995,176cm,0,Midfielder,7.0,0.0,0.0,0.0,0.0,0,0,0,0,0,0,0,0,0,0,0,0,0.0,0.0,CM,CM,CM
Myles Peart-Harris,England,18/09/2002 (21),187cm,Portsmouth,Midfielder,3.0,0.0,0.0,0.0,0.0,0,0,0,0,0,0,0,0,0,0,0,0,0.0,0.0,CM,CM,CM
Sydie Peck,England,13/09/2004,173cm,0,Midfielder,1.0,0.0,0.0,0.0,0.0,0,0,0,0,0,0,0,0,0,0,0,0,0.0,0.0,CM,CM,CM
Pedro Neto,Portugal,09/03/2000 (24),172cm,Wolverhampton Wanderers,Forward,111.0,11.0,19.0,0.0,0.0,0,0,0,0,0,0,0,0,0,0,0,0,0.0,0.0,CM,CM,IF
Facundo Pellistri,Uruguay,20/12/2001 (22),175cm,Manchester United,Midfielder,13.0,0.0,1.0,0.0,0.0,0,0,0,0,0,0,0,0,0,0,0,0,0.0,0.0,CM,CM,CM
Nicolas Pépé,Cote D’Ivoire,29/05/1995,183cm,0,Forward,80.0,16.0,9.0,0.0,0.0,0,0,0,0,0,0,0,0,0,0,0,0,0.0,0.0,CM,CM,CM
Aribim Pepple,Canada,25/12/2002,185cm,0,Forward,0.0,0.0,0.0,0.0,0.0,0,0,0,0,0,0,0,0,0,0,0,0,0.0,0.0,CM,CM,CM
Dion Pereira,Antigua & Barbuda,25/03/1999,180cm,0,Midfielder,2.0,0.0,0.0,0.0,0.0,0,0,0,0,0,0,0,0,0,0,0,0,0.0,0.0,CM,CM,CM
Ivan Perisic,Croatia,02/02/1989,186cm,0,Forward,39.0,1.0,9.0,0.0,0.0,0,0,0,0,0,0,0,0,0,0,0,0,0.0,0.0,CM,CM,CM
Máximo Perrone,Argentina,07/01/2003 (21),177cm,Las Palmas,Midfielder,1.0,0.0,0.0,0.0,0.0,0,0,0,0,0,0,0,0,0,0,0,0,0.0,0.0,CM,CM,CM
Djordje Petrovic,Serbia,08/10/1999 (24),194cm,Chelsea,Goalkeeper,23.0,0.0,0.0,5.0,0.0,0,0,0,0,0,0,0,0,0,0,0,0,0.0,0.0,GK,GK,CM
Casey Pettit,England,15/10/2002,0,0,Midfielder,0.0,0.0,0.0,0.0,0.0,0,0,0,0,0,0,0,0,0,0,0,0,0.0,0.0,CM,CM,CM
Cameron Peupion,Australia,23/09/2002 (21),175cm,Brighton & Hove Albion,Midfielder,1.0,0.0,0.0,0.0,0.0,0,0,0,0,0,0,0,0,0,0,0,0,0.0,0.0,CM,CM,CM
Philippe Coutinho,Brazil,12/06/1992,172cm,0,Midfielder,193.0,47.0,38.0,0.0,0.0,0,0,0,0,0,0,0,0,0,0,0,0,0.0,0.0,CM,CM,CM
Killian Phillips,Ireland,30/03/2002 (22),0,Crystal Palace,Midfielder,0.0,0.0,0.0,0.0,0.0,0,0,0,0,0,0,0,0,0,0,0,0,0.0,0.0,CM,CM,CM
Jaden Philogene,England,08/02/2002 (22),181cm,Aston Villa,Forward,3.0,0.0,0.0,0.0,0.0,0,0,0,0,0,0,0,0,0,0,0,0,0.0,0.0,CM,CM,CM
Axel Piesold,England,31/03/2005,0,0,Defender,0.0,0.0,0.0,0.0,0.0,0,0,0,0,0,0,0,0,0,0,0,0,0.0,0.0,CM,CM,CM
Ethan Pinnock,Jamaica,29/05/1993 (31),187cm,Brentford,Defender,91.0,6.0,1.0,22.0,0.0,0,0,0,0,0,0,0,0,0,0,0,0,0.0,0.0,CM,CM,CB
Cameron Plain,England,24/09/2001,0,0,Goalkeeper,0.0,0.0,0.0,0.0,0.0,0,0,0,0,0,0,0,0,0,0,0,0,0.0,0.0,GK,GK,CM
Luke Plange,England,04/11/2002,178cm,0,Forward,0.0,0.0,0.0,0.0,0.0,0,0,0,0,0,0,0,0,0,0,0,0,0.0,0.0,CM,CM,CM
Euan Pollock,England,03/10/2002,173cm,0,Forward,0.0,0.0,0.0,0.0,0.0,0,0,0,0,0,0,0,0,0,0,0,0,0.0,0.0,CM,CM,CM
Alfie Pond,England,01/03/2004,191cm,0,Defender,0.0,0.0,0.0,0.0,0.0,0,0,0,0,0,0,0,0,0,0,0,0,0.0,0.0,CM,CM,LB
Pedro Porro,Spain,13/09/1999 (24),173cm,Tottenham Hotspur,Defender,50.0,6.0,10.0,6.0,0.0,0,0,0,0,0,0,0,0,0,0,0,0,0.0,0.0,CM,CM,CB
Dan Potts,England,13/04/1994,172cm,0,Defender,2.0,0.0,0.0,0.0,0.0,0,0,0,0,0,0,0,0,0,0,0,0,0.0,0.0,CM,CM,CM
Josh Powell,England,09/01/2005,0,0,Midfielder,0.0,0.0,0.0,0.0,0.0,0,0,0,0,0,0,0,0,0,0,0,0,0.0,0.0,CM,CM,CM
Aaron Pressley,Scotland,07/11/2001,189cm,0,Forward,0.0,0.0,0.0,0.0,0.0,0,0,0,0,0,0,0,0,0,0,0,0,0.0,0.0,CM,CM,CM
Isaac Price,Northern Ireland,26/09/2003,178cm,0,Midfielder,2.0,0.0,0.0,0.0,0.0,0,0,0,0,0,0,0,0,0,0,0,0,0.0,0.0,CM,CM,CM
Sam Proctor,England,21/12/2006,0,0,Goalkeeper,0.0,0.0,0.0,0.0,0.0,0,0,0,0,0,0,0,0,0,0,0,0,0.0,0.0,GK,GK,CM
Christian Pulisic,United States,18/09/1998,177cm,0,Midfielder,98.0,20.0,9.0,0.0,0.0,0,0,0,0,0,0,0,0,0,0,0,0,0.0,0.0,CM,CM,CM
Logan Pye,England,26/10/2003,0,0,Defender,0.0,0.0,0.0,0.0,0.0,0,0,0,0,0,0,0,0,0,0,0,0,0.0,0.0,CM,CM,CM
Jarell Quansah,England,29/01/2003 (21),190cm,Liverpool,Defender,17.0,2.0,0.0,2.0,0.0,0,0,0,0,0,0,0,0,0,0,0,0,0.0,0.0,CM,CM,CB
Andrei Radu,Romania,28/05/1997,188cm,0,Goalkeeper,2.0,0.0,0.0,0.0,0.0,0,0,0,0,0,0,0,0,0,0,0,0,0.0,0.0,GK,GK,CM
Jesurun Rak-Sakyi,England,05/10/2002 (21),178cm,Crystal Palace,Midfielder,8.0,0.0,0.0,0.0,0.0,0,0,0,0,0,0,0,0,0,0,0,0,0.0,0.0,CM,CM,CM
Calvin Ramsay,Scotland,31/07/2003,177cm,0,Defender,0.0,0.0,0.0,0.0,0.0,0,0,0,0,0,0,0,0,0,0,0,0,0.0,0.0,CM,CM,CM
Aaron Ramsdale,England,14/05/1998 (26),190cm,Arsenal,Goalkeeper,153.0,0.0,1.0,38.0,0.0,0,0,0,0,0,0,0,0,0,0,0,0,0.0,0.0,GK,GK,GK
Jacob Ramsey,England,28/05/2001 (23),180cm,Aston Villa,Midfielder,107.0,13.0,9.0,0.0,0.0,0,0,0,0,0,0,0,0,0,0,0,0,0.0,0.0,CM,CM,IF
Marcus Rashford,England,31/10/1997 (26),180cm,Manchester United,Forward,272.0,83.0,39.0,0.0,0.0,0,0,0,0,0,0,0,0,0,0,0,0,0.0,0.0,CM,CM,IF
David Raya,Spain,15/09/1995 (28),183cm,Arsenal,Goalkeeper,94.0,0.0,0.0,36.0,0.0,0,0,0,0,0,0,0,0,0,0,0,0,0.0,0.0,GK,GK,GK
Jadan Raymond,Wales,15/10/2003 (20),0,Crystal Palace,Midfielder,0.0,0.0,0.0,0.0,0.0,0,0,0,0,0,0,0,0,0,0,0,0,0.0,0.0,CM,CM,CM
Glen Rea,Ireland,03/09/1994,184cm,0,Midfielder,0.0,0.0,0.0,0.0,0.0,0,0,0,0,0,0,0,0,0,0,0,0,0.0,0.0,CM,CM,CM
Tim Ream,United States,05/10/1987 (36),183cm,Fulham,Defender,97.0,2.0,1.0,16.0,0.0,0,0,0,0,0,0,0,0,0,0,0,0,0.0,0.0,CM,CM,DM
Harrison Reed,England,27/01/1995 (29),181cm,Fulham,Midfielder,112.0,3.0,8.0,0.0,0.0,0,0,0,0,0,0,0,0,0,0,0,0,0.0,0.0,CM,CM,CM
Sergio Reguilón,Spain,16/12/1996 (27),178cm,Tottenham Hotspur,Defender,77.0,2.0,10.0,16.0,0.0,0,0,0,0,0,0,0,0,0,0,0,0,0.0,0.0,CM,CM,CB
Renan Lodi,Brazil,08/04/1998,173cm,0,Defender,28.0,0.0,1.0,3.0,0.0,0,0,0,0,0,0,0,0,0,0,0,0,0.0,0.0,CM,CM,CM
Sebastian Revan,England,14/07/2003,181cm,0,Defender,0.0,0.0,0.0,0.0,0.0,0,0,0,0,0,0,0,0,0,0,0,0,0.0,0.0,CM,CM,CM
Giovanni Reyna,United States,13/11/2002,185cm,0,Midfielder,9.0,0.0,1.0,0.0,0.0,0,0,0,0,0,0,0,0,0,0,0,0,0.0,0.0,CM,CM,CM
Declan Rice,England,14/01/1999 (25),188cm,Arsenal,Midfielder,242.0,17.0,18.0,0.0,0.0,0,0,0,0,0,0,0,0,0,0,0,0,0.0,0.0,CM,CM,CM
Dujuan Richards,Jamaica,10/11/2005,189cm,0,Forward,0.0,0.0,0.0,0.0,0.0,0,0,0,0,0,0,0,0,0,0,0,0,0.0,0.0,CM,CM,CM
Richarlison,Brazil,10/05/1997 (27),184cm,Tottenham Hotspur,Forward,228.0,60.0,23.0,0.0,0.0,0,0,0,0,0,0,0,0,0,0,0,0,0.0,0.0,CM,CM,IF
Jairo Riedewald,Netherlands,09/09/1996,182cm,0,Midfielder,80.0,2.0,0.0,0.0,0.0,0,0,0,0,0,0,0,0,0,0,0,0,0.0,0.0,CM,CM,CM
Roberto Firmino,Brazil,02/10/1991,181cm,0,Forward,256.0,82.0,50.0,0.0,0.0,0,0,0,0,0,0,0,0,0,0,0,0,0.0,0.0,CM,CM,CM
Haydon Roberts,England,10/05/2002,175cm,0,Defender,0.0,0.0,0.0,0.0,0.0,0,0,0,0,0,0,0,0,0,0,0,0,0.0,0.0,CM,CM,CM
Andy Robertson,Scotland,11/03/1994 (30),178cm,Liverpool,Defender,0.0,0.0,0.0,0.0,0.0,0,0,0,0,0,0,0,0,0,0,0,0,0.0,0.0,CM,CM,CM
Antonee Robinson,United States,08/08/1997 (26),183cm,Fulham,Defender,100.0,0.0,7.0,20.0,0.0,0,0,0,0,0,0,0,0,0,0,0,0,0.0,0.0,CM,CM,CB
Max Robson,England,17/10/2002,0,0,Midfielder,0.0,0.0,0.0,0.0,0.0,0,0,0,0,0,0,0,0,0,0,0,0,0.0,0.0,CM,CM,CM
Kaden Rodney,England,07/10/2004 (19),0,Crystal Palace,Midfielder,0.0,0.0,0.0,0.0,0.0,0,0,0,0,0,0,0,0,0,0,0,0,0.0,0.0,CM,CM,CM
Joe Rodon,Wales,22/10/1997,193cm,0,Defender,15.0,0.0,0.0,2.0,0.0,0,0,0,0,0,0,0,0,0,0,0,0,0.0,0.0,CM,CM,CM
Rodri,Spain,22/06/1996 (28),190cm,Manchester City,Midfielder,172.0,22.0,21.0,0.0,0.0,0,0,0,0,0,0,0,0,0,0,0,0,0.0,0.0,CM,CM,CM
Rodrigo Muniz,Brazil,04/05/2001 (23),178cm,Fulham,Forward,26.0,9.0,1.0,0.0,0.0,0,0,0,0,0,0,0,0,0,0,0,0,0.0,0.0,CM,CM,IF
Rodrigo Ribeiro,Portugal,28/04/2005,185cm,0,Forward,4.0,0.0,0.0,0.0,0.0,0,0,0,0,0,0,0,0,0,0,0,0,0.0,0.0,CM,CM,CM
Mads Roerslev,Denmark,24/06/1999 (25),184cm,Brentford,Defender,75.0,2.0,3.0,10.0,0.0,0,0,0,0,0,0,0,0,0,0,0,0,0.0,0.0,CM,CM,CB
Morgan Rogers,England,26/07/2002 (22),0,Aston Villa,Forward,11.0,3.0,1.0,0.0,0.0,0,0,0,0,0,0,0,0,0,0,0,0,0.0,0.0,CM,CM,IF
Cristian Romero,Argentina,27/04/1998 (26),185cm,Tottenham Hotspur,Defender,82.0,6.0,1.0,18.0,0.0,0,0,0,0,0,0,0,0,0,0,0,0,0.0,0.0,CM,CM,CB
Joe Rothwell,England,11/01/1995,185cm,0,Midfielder,31.0,0.0,1.0,0.0,0.0,0,0,0,0,0,0,0,0,0,0,0,0,0.0,0.0,CM,CM,CM
Rúben Dias,Portugal,14/05/1997 (27),187cm,Manchester City,Defender,117.0,3.0,4.0,43.0,0.0,0,0,0,0,0,0,0,0,0,0,0,0,0.0,0.0,CM,CM,CB
Rúben Neves,Portugal,13/03/1997,180cm,0,Midfielder,177.0,21.0,9.0,0.0,0.0,0,0,0,0,0,0,0,0,0,0,0,0,0.0,0.0,CM,CM,CM
Rúben Vinagre,Portugal,09/04/1999,174cm,0,Defender,37.0,0.0,0.0,2.0,0.0,0,0,0,0,0,0,0,0,0,0,0,0,0.0,0.0,CM,CM,CM
Rúnar Rúnarsson,Iceland,18/02/1995,186cm,0,Goalkeeper,1.0,0.0,0.0,0.0,0.0,0,0,0,0,0,0,0,0,0,0,0,0,0.0,0.0,GK,GK,CM
Carl Rushworth,England,02/07/2001 (23),0,Swansea City,Goalkeeper,0.0,0.0,0.0,0.0,0.0,0,0,0,0,0,0,0,0,0,0,0,0,0.0,0.0,GK,GK,CM
Marcel Sabitzer,Austria,17/03/1994,178cm,0,Midfielder,11.0,0.0,1.0,0.0,0.0,0,0,0,0,0,0,0,0,0,0,0,0,0.0,0.0,CM,CM,CM
Sai Sachdev,England,09/03/2005,0,0,Defender,0.0,0.0,0.0,0.0,0.0,0,0,0,0,0,0,0,0,0,0,0,0,0.0,0.0,CM,CM,CM
Dominic Sadi,England,02/09/2003,174cm,0,Midfielder,1.0,0.0,0.0,0.0,0.0,0,0,0,0,0,0,0,0,0,0,0,0,0.0,0.0,CM,CM,CM
Charles Sagoe Jr,England,24/07/2004 (20),0,Arsenal,Forward,0.0,0.0,0.0,0.0,0.0,0,0,0,0,0,0,0,0,0,0,0,0,0.0,0.0,CM,CM,CM
Allan Saint-Maximin,France,12/03/1997,173cm,0,Forward,111.0,12.0,18.0,0.0,0.0,0,0,0,0,0,0,0,0,0,0,0,0,0.0,0.0,CM,CM,CM
Bukayo Saka,England,05/09/2001 (22),178cm,Arsenal,Forward,170.0,47.0,35.0,0.0,0.0,0,0,0,0,0,0,0,0,0,0,0,0,0.0,0.0,CM,CM,W
William Saliba,France,24/03/2001 (23),192cm,Arsenal,Defender,65.0,4.0,2.0,29.0,0.0,0,0,0,0,0,0,0,0,0,0,0,0,0.0,0.0,CM,CM,LB
Albert Sambi Lokonga,Belgium,22/10/1999,173cm,0,Midfielder,51.0,1.0,3.0,0.0,0.0,0,0,0,0,0,0,0,0,0,0,0,0,0.0,0.0,CM,CM,DM
Imari Samuels,England,05/02/2003 (21),0,Fleetwood Town,Defender,0.0,0.0,0.0,0.0,0.0,0,0,0,0,0,0,0,0,0,0,0,0,0.0,0.0,CM,CM,CM
Ishé Samuels-Smith,England,05/06/2006,186cm,0,Defender,0.0,0.0,0.0,0.0,0.0,0,0,0,0,0,0,0,0,0,0,0,0,0.0,0.0,CM,CM,CM
Robert Sánchez,Spain,18/11/1997 (26),197cm,Chelsea,Goalkeeper,103.0,0.0,0.0,30.0,0.0,0,0,0,0,0,0,0,0,0,0,0,0,0.0,0.0,GK,GK,GK
Jadon Sancho,England,25/03/2000 (24),180cm,Manchester United,Forward,58.0,9.0,6.0,0.0,0.0,0,0,0,0,0,0,0,0,0,0,0,0,0.0,0.0,CM,CM,IF
Dion Sanderson,England,15/12/1999,188cm,0,Defender,0.0,0.0,0.0,0.0,0.0,0,0,0,0,0,0,0,0,0,0,0,0,0.0,0.0,CM,CM,CM
Ibrahim Sangaré,Cote D’Ivoire,02/12/1997 (26),191cm,Nottingham Forest,Midfielder,17.0,0.0,0.0,0.0,0.0,0,0,0,0,0,0,0,0,0,0,0,0,0.0,0.0,CM,CM,CM
Morgan Sanson,France,18/08/1994,180cm,0,Midfielder,21.0,0.0,0.0,0.0,0.0,0,0,0,0,0,0,0,0,0,0,0,0,0.0,0.0,CM,CM,CM
Yago Santiago,Spain,15/04/2003,180cm,0,Forward,0.0,0.0,0.0,0.0,0.0,0,0,0,0,0,0,0,0,0,0,0,0,0.0,0.0,CM,CM,CM
Pablo Sarabia,Spain,11/05/1992 (32),174cm,Wolverhampton Wanderers,Midfielder,43.0,5.0,7.0,0.0,0.0,0,0,0,0,0,0,0,0,0,0,0,0,0.0,0.0,CM,CM,CM
Matija Sarkic,Montenegro,23/07/1997,192cm,0,Goalkeeper,0.0,0.0,0.0,0.0,0.0,0,0,0,0,0,0,0,0,0,0,0,0,0.0,0.0,GK,GK,CM
Jeremy Sarmiento,Ecuador,16/06/2002 (22),178cm,Brighton & Hove Albion,Forward,14.0,0.0,1.0,0.0,0.0,0,0,0,0,0,0,0,0,0,0,0,0,0.0,0.0,CM,CM,CM
Malang Sarr,France,23/01/1999,183cm,0,Defender,8.0,0.0,0.0,2.0,0.0,0,0,0,0,0,0,0,0,0,0,0,0,0.0,0.0,CM,CM,CM
Dovydas Sasnauskas,Lithuania,16/01/2007,0,0,Defender,0.0,0.0,0.0,0.0,0.0,0,0,0,0,0,0,0,0,0,0,0,0,0.0,0.0,CM,CM,CM
Dan Sassi,England,08/12/2003,0,0,Defender,0.0,0.0,0.0,0.0,0.0,0,0,0,0,0,0,0,0,0,0,0,0,0.0,0.0,CM,CM,CM
Charlie Savage,Wales,02/05/2003,0,0,Midfielder,0.0,0.0,0.0,0.0,0.0,0,0,0,0,0,0,0,0,0,0,0,0,0.0,0.0,CM,CM,CM
Charlie Sayers,England,29/03/2004,0,0,Defender,0.0,0.0,0.0,0.0,0.0,0,0,0,0,0,0,0,0,0,0,0,0,0.0,0.0,CM,CM,CM
Gianluca Scamacca,Italy,01/01/1999,196cm,0,Forward,16.0,3.0,0.0,0.0,0.0,0,0,0,0,0,0,0,0,0,0,0,0,0.0,0.0,CM,CM,CM
Calum Scanlon,England,14/02/2005,0,0,Defender,0.0,0.0,0.0,0.0,0.0,0,0,0,0,0,0,0,0,0,0,0,0,0.0,0.0,CM,CM,CM
Ollie Scarles,England,12/12/2005,0,0,Defender,0.0,0.0,0.0,0.0,0.0,0,0,0,0,0,0,0,0,0,0,0,0,0.0,0.0,CM,CM,CM
Dane Scarlett,England,24/03/2004 (20),180cm,Tottenham Hotspur,Forward,6.0,0.0,0.0,0.0,0.0,0,0,0,0,0,0,0,0,0,0,0,0,0.0,0.0,CM,CM,W
Kevin Schade,Germany,27/11/2001 (22),183cm,Brentford,Midfielder,29.0,2.0,2.0,0.0,0.0,0,0,0,0,0,0,0,0,0,0,0,0,0.0,0.0,CM,CM,IF
Fabian Schär,Switzerland,20/12/1991 (32),186cm,Newcastle United,Defender,161.0,14.0,7.0,39.0,0.0,0,0,0,0,0,0,0,0,0,0,0,0,0.0,0.0,CM,CM,LB
Kjell Scherpen,Netherlands,23/01/2000,204cm,0,Goalkeeper,0.0,0.0,0.0,0.0,0.0,0,0,0,0,0,0,0,0,0,0,0,0,0.0,0.0,GK,GK,CM
Alex Scott,England,21/08/2003 (20),178cm,Bournemouth,Midfielder,23.0,1.0,1.0,0.0,0.0,0,0,0,0,0,0,0,0,0,0,0,0,0.0,0.0,CM,CM,CM
Kristian Sekularac,Switzerland,07/12/2003,0,0,Midfielder,0.0,0.0,0.0,0.0,0.0,0,0,0,0,0,0,0,0,0,0,0,0,0.0,0.0,CM,CM,CM
Matz Sels,Belgium,26/02/1992 (32),188cm,Nottingham Forest,Goalkeeper,16.0,0.0,0.0,1.0,0.0,0,0,0,0,0,0,0,0,0,0,0,0,0.0,0.0,GK,GK,GK
Antoine Semenyo,Ghana,07/01/2000 (24),185cm,Bournemouth,Forward,44.0,9.0,2.0,0.0,0.0,0,0,0,0,0,0,0,0,0,0,0,0,0.0,0.0,CM,CM,IF
Marcos Senesi,Argentina,10/05/1997 (27),185cm,Bournemouth,Defender,62.0,6.0,5.0,8.0,0.0,0,0,0,0,0,0,0,0,0,0,0,0,0.0,0.0,CM,CM,CB
Femi Seriki,England,28/04/2002,183cm,0,Defender,1.0,0.0,0.0,0.0,0.0,0,0,0,0,0,0,0,0,0,0,0,0,0.0,0.0,CM,CM,CM
Steven Sessegnon,England,18/05/2000,175cm,0,Defender,0.0,0.0,0.0,0.0,0.0,0,0,0,0,0,0,0,0,0,0,0,0,0.0,0.0,CM,CM,CM
Teddy Sharman-Lowe,England,30/03/2003,189cm,0,Goalkeeper,0.0,0.0,0.0,0.0,0.0,0,0,0,0,0,0,0,0,0,0,0,0,0.0,0.0,GK,GK,CM
James Shea,England,16/06/1991,185cm,0,Goalkeeper,1.0,0.0,0.0,0.0,0.0,0,0,0,0,0,0,0,0,0,0,0,0,0.0,0.0,GK,GK,CM
George Shelvey,England,22/04/2001,188cm,0,Goalkeeper,0.0,0.0,0.0,0.0,0.0,0,0,0,0,0,0,0,0,0,0,0,0,0.0,0.0,GK,GK,CM
Shola Shoretire,England,02/02/2004,170cm,0,Forward,3.0,0.0,0.0,0.0,0.0,0,0,0,0,0,0,0,0,0,0,0,0,0.0,0.0,CM,CM,CM
Ellis Simms,England,05/01/2001,191cm,0,Forward,12.0,1.0,0.0,0.0,0.0,0,0,0,0,0,0,0,0,0,0,0,0,0.0,0.0,CM,CM,CM
Kamarai Simon-Swyer,England,04/12/2002 (21),0,West Ham United,Forward,0.0,0.0,0.0,0.0,0.0,0,0,0,0,0,0,0,0,0,0,0,0,0.0,0.0,CM,CM,CM
Viljami Sinisalo,Finland,11/10/2001,196cm,0,Goalkeeper,0.0,0.0,0.0,0.0,0.0,0,0,0,0,0,0,0,0,0,0,0,0,0.0,0.0,GK,GK,CM
Luis Sinisterra,Colombia,17/06/1999 (25),172cm,Bournemouth,Forward,39.0,7.0,2.0,0.0,0.0,0,0,0,0,0,0,0,0,0,0,0,0,0.0,0.0,CM,CM,IF
Oliver Skipp,England,16/09/2000 (23),175cm,Tottenham Hotspur,Midfielder,77.0,1.0,0.0,0.0,0.0,0,0,0,0,0,0,0,0,0,0,0,0,0.0,0.0,CM,CM,CM
Gabriel Slonina,United States,15/05/2004 (20),193cm,Chelsea,Goalkeeper,0.0,0.0,0.0,0.0,0.0,0,0,0,0,0,0,0,0,0,0,0,0,0.0,0.0,GK,GK,CM
Matt Smith,England,05/10/2000,176cm,0,Midfielder,0.0,0.0,0.0,0.0,0.0,0,0,0,0,0,0,0,0,0,0,0,0,0.0,0.0,CM,CM,CM
Emile Smith Rowe,England,28/07/2000 (24),182cm,Fulham,Midfielder,80.0,12.0,9.0,0.0,0.0,0,0,0,0,0,0,0,0,0,0,0,0,0.0,0.0,CM,CM,CM
Manor Solomon,Israel,24/07/1999 (25),170cm,Tottenham Hotspur,Forward,24.0,4.0,2.0,0.0,0.0,0,0,0,0,0,0,0,0,0,0,0,0,0.0,0.0,CM,CM,AM
Son Heung-Min,South Korea,08/07/1992 (32),183cm,Tottenham Hotspur,Forward,303.0,120.0,62.0,0.0,0.0,0,0,0,0,0,0,0,0,0,0,0,0,0.0,0.0,CM,CM,IF
Tomás Soucek,Czech Republic,27/02/1995 (29),192cm,West Ham United,Midfielder,159.0,27.0,7.0,0.0,0.0,0,0,0,0,0,0,0,0,0,0,0,0,0.0,0.0,CM,CM,DM
Lino Sousa,England,19/01/2005,185cm,0,Defender,0.0,0.0,0.0,0.0,0.0,0,0,0,0,0,0,0,0,0,0,0,0,0.0,0.0,CM,CM,CM
Djed Spence,England,09/08/2000 (23),185cm,Tottenham Hotspur,Defender,4.0,0.0,0.0,0.0,0.0,0,0,0,0,0,0,0,0,0,0,0,0,0.0,0.0,CM,CM,LB
Jay Stansfield,England,24/11/2002 (21),0,Birmingham City,Forward,3.0,0.0,0.0,0.0,0.0,0,0,0,0,0,0,0,0,0,0,0,0,0.0,0.0,CM,CM,CM
Joseph Starbuck,England,03/08/2002,0,0,Defender,0.0,0.0,0.0,0.0,0.0,0,0,0,0,0,0,0,0,0,0,0,0,0.0,0.0,CM,CM,CM
Zack Steffen,United States,02/04/1995,191cm,0,Goalkeeper,2.0,0.0,0.0,1.0,0.0,0,0,0,0,0,0,0,0,0,0,0,0,0.0,0.0,GK,GK,CM
Finley Stevens,Wales,10/04/2003,179cm,0,Defender,1.0,0.0,0.0,0.0,0.0,0,0,0,0,0,0,0,0,0,0,0,0,0.0,0.0,CM,CM,CM
Layton Stewart,England,03/09/2002,0,0,Forward,0.0,0.0,0.0,0.0,0.0,0,0,0,0,0,0,0,0,0,0,0,0,0.0,0.0,CM,CM,CM
Thomas Strakosha,Albania,19/03/1995,186cm,0,Goalkeeper,2.0,0.0,0.0,0.0,0.0,0,0,0,0,0,0,0,0,0,0,0,0,0.0,0.0,GK,GK,CM
Zak Sturge,England,15/06/2004,0,0,Defender,0.0,0.0,0.0,0.0,0.0,0,0,0,0,0,0,0,0,0,0,0,0,0.0,0.0,CM,CM,CM
Ronnie Stutter,England,06/01/2005 (19),0,Chelsea,Forward,0.0,0.0,0.0,0.0,0.0,0,0,0,0,0,0,0,0,0,0,0,0,0.0,0.0,CM,CM,CM
Sam Surridge,England,28/07/1998,191cm,0,Forward,26.0,1.0,0.0,0.0,0.0,0,0,0,0,0,0,0,0,0,0,0,0,0.0,0.0,CM,CM,CM
Mahamadou Susoho,Spain,20/01/2005 (19),175cm,Manchester City,Midfielder,0.0,0.0,0.0,0.0,0.0,0,0,0,0,0,0,0,0,0,0,0,0,0.0,0.0,CM,CM,CM
James Sweet,Wales,03/11/2003,0,0,Defender,0.0,0.0,0.0,0.0,0.0,0,0,0,0,0,0,0,0,0,0,0,0,0.0,0.0,CM,CM,CM
Sil Swinkels,Netherlands,06/01/2004,190cm,0,Defender,0.0,0.0,0.0,0.0,0.0,0,0,0,0,0,0,0,0,0,0,0,0,0.0,0.0,CM,CM,CM
Dominik Szoboszlai,Hungary,25/10/2000 (23),186cm,Liverpool,Midfielder,33.0,3.0,2.0,0.0,0.0,0,0,0,0,0,0,0,0,0,0,0,0,0.0,0.0,CM,CM,CM
Japhet Tanganga,England,31/03/1999,184cm,0,Defender,27.0,0.0,0.0,7.0,0.0,0,0,0,0,0,0,0,0,0,0,0,0,0.0,0.0,CM,CM,CM
Devan Tanton,Colombia,03/01/2004,176cm,0,Defender,0.0,0.0,0.0,0.0,0.0,0,0,0,0,0,0,0,0,0,0,0,0,0.0,0.0,CM,CM,CM
Yehor Yarmoliuk,Ukraine,01/03/2004 (20),180cm,Brentford,Midfielder,27.0,0.0,0.0,0.0,0.0,0,0,0,0,0,0,0,0,0,0,0,0,0.0,0.0,CM,CM,CM
Ryan Yates,England,21/11/1997 (26),190cm,Nottingham Forest,Midfielder,61.0,1.0,3.0,0.0,0.0,0,0,0,0,0,0,0,0,0,0,0,0,0.0,0.0,CM,CM,CM
Nathan Young-Coombes,England,15/01/2003,175cm,0,Forward,1.0,0.0,0.0,0.0,0.0,0,0,0,0,0,0,0,0,0,0,0,0,0.0,0.0,CM,CM,CM
Youssef Chermiti,Portugal,24/05/2004 (20),192cm,Everton,Forward,18.0,0.0,0.0,0.0,0.0,0,0,0,0,0,0,0,0,0,0,0,0,0.0,0.0,CM,CM,IF
Illia Zabarnyi,Ukraine,01/09/2002 (21),189cm,Bournemouth,Defender,42.0,1.0,0.0,8.0,0.0,0,0,0,0,0,0,0,0,0,0,0,0,0.0,0.0,CM,CM,CB
Denis Zakaria,Switzerland,20/11/1996,191cm,0,Midfielder,7.0,0.0,0.0,0.0,0.0,0,0,0,0,0,0,0,0,0,0,0,0,0.0,0.0,CM,CM,CM
Nicolò Zaniolo,Italy,02/07/1999,190cm,0,Midfielder,25.0,2.0,0.0,0.0,0.0,0,0,0,0,0,0,0,0,0,0,0,0,0.0,0.0,CM,CM,CM
Zanka,Denmark,23/04/1990 (34),191cm,Brentford,Defender,102.0,5.0,3.0,20.0,0.0,0,0,0,0,0,0,0,0,0,0,0,0,0.0,0.0,CM,CM,DM
Anass Zaroury,Morocco,07/11/2000,176cm,0,Forward,6.0,0.0,0.0,0.0,0.0,0,0,0,0,0,0,0,0,0,0,0,0,0.0,0.0,CM,CM,CM
Jordan Zemura,Zimbabwe,14/11/1999,173cm,0,Defender,19.0,0.0,1.0,3.0,0.0,0,0,0,0,0,0,0,0,0,0,0,0,0.0,0.0,CM,CM,CM
Andi Zeqiri,Switzerland,22/06/1999,185cm,0,Forward,9.0,0.0,0.0,0.0,0.0,0,0,0,0,0,0,0,0,0,0,0,0,0.0,0.0,CM,CM,CM
Zidane Iqbal,Iraq,27/04/2003,181cm,0,Midfielder,0.0,0.0,0.0,0.0,0.0,0,0,0,0,0,0,0,0,0,0,0,0,0.0,0.0,CM,CM,CM
Oleksandr Zinchenko,Ukraine,15/12/1996 (27),175cm,Arsenal,Defender,130.0,2.0,11.0,34.0,0.0,0,0,0,0,0,0,0,0,0,0,0,0,0.0,0.0,CM,CM,CB
Hakim Ziyech,Morocco,19/03/1993,180cm,0,Midfielder,64.0,6.0,9.0,0.0,0.0,0,0,0,0,0,0,0,0,0,0,0,0,0.0,0.0,CM,CM,CM
Kurt Zouma,France,27/10/1994 (29),190cm,West Ham United,Defender,247.0,15.0,4.0,59.0,0.0,0,0,0,0,0,0,0,0,0,0,0,0,0.0,0.0,CM,CM,CM
Oliwier Zych,Poland,28/06/2004,193cm,0,Goalkeeper,0.0,0.0,0.0,0.0,0.0,0,0,0,0,0,0,0,0,0,0,0,0,0.0,0.0,GK,GK,CM
Martin Ødegaard,Norway,17/12/1998 (25),178cm,Arsenal,Midfielder,122.0,31.0,23.0,0.0,0.0,0,0,0,0,0,0,0,0,0,0,0,0,0.0,0.0,CM,CM,CM
Nathan Aké,Netherlands,18/02/1995 (29),180cm,Manchester City,Defender,225.0,18.0,8.0,49.0,0.0,0,0,0,0,0,0,0,0,0,0,0,0,0.0,0.0,CM,CM,LB
Dele Alli,England,11/04/1996,188cm,0,Midfielder,194.0,51.0,34.0,0.0,0.0,0,0,0,0,0,0,0,0,0,0,0,0,0.0,0.0,CM,CM,CM
Andreas Pereira,Brazil,01/01/1996 (28),178cm,Fulham,Midfielder,115.0,9.0,17.0,0.0,0.0,0,0,0,0,0,0,0,0,0,0,0,0,0.0,0.0,CM,CM,CM
Michail Antonio,Jamaica,28/03/1990 (34),180cm,West Ham United,Forward,254.0,67.0,32.0,0.0,0.0,0,0,0,0,0,0,0,0,0,0,0,0,0.0,0.0,CM,CM,IF
Harry Arter,Ireland,28/12/1989,176cm,0,Midfielder,94.0,3.0,5.0,0.0,0.0,0,0,0,0,0,0,0,0,0,0,0,0,0.0,0.0,CM,CM,CM
Ross Barkley,England,05/12/1993 (30),189cm,Aston Villa,Midfielder,264.0,34.0,32.0,0.0,0.0,0,0,0,0,0,0,0,0,0,0,0,0,0.0,0.0,CM,CM,CM
Ashley Barnes,England,30/10/1989,186cm,0,Forward,200.0,42.0,6.0,0.0,0.0,0,0,0,0,0,0,0,0,0,0,0,0,0.0,0.0,CM,CM,CM
Asmir Begovic,Bosnia & Herzegovina,20/06/1987,199cm,0,Goalkeeper,256.0,1.0,0.0,63.0,0.0,0,0,0,0,0,0,0,0,0,0,0,0,0.0,0.0,GK,GK,CM
Jean-Ricner Bellegarde,France,27/06/1998 (26),170cm,Wolverhampton Wanderers,Midfielder,22.0,2.0,1.0,0.0,0.0,0,0,0,0,0,0,0,0,0,0,0,0,0.0,0.0,CM,CM,CM
Rhys Bennett,England,30/10/2003 (20),0,0,Defender,0.0,0.0,0.0,0.0,0.0,0,0,0,0,0,0,0,0,0,0,0,0,0.0,0.0,CM,CM,CM
Mads Bidstrup,Denmark,25/02/2001,175cm,0,Midfielder,4.0,0.0,0.0,0.0,0.0,0,0,0,0,0,0,0,0,0,0,0,0,0.0,0.0,CM,CM,CM
Billy Blacker,England,25/05/2006,0,0,Forward,0.0,0.0,0.0,0.0,0.0,0,0,0,0,0,0,0,0,0,0,0,0,0.0,0.0,CM,CM,CM
Alex Borto,United States,06/11/2003,188cm,0,Goalkeeper,0.0,0.0,0.0,0.0,0.0,0,0,0,0,0,0,0,0,0,0,0,0,0.0,0.0,GK,GK,CM
Sergi Canós,Spain,02/02/1997,177cm,0,Midfielder,37.0,3.0,2.0,0.0,0.0,0,0,0,0,0,0,0,0,0,0,0,0,0.0,0.0,CM,CM,CM
Scott Carson,England,03/09/1985 (38),188cm,Manchester City,Goalkeeper,146.0,0.0,2.0,30.0,0.0,0,0,0,0,0,0,0,0,0,0,0,0,0.0,0.0,GK,GK,CM
Cesare Casadei,Italy,10/01/2003 (21),186cm,Chelsea,Midfielder,11.0,0.0,0.0,0.0,0.0,0,0,0,0,0,0,0,0,0,0,0,0,0.0,0.0,CM,CM,CM
Timothy Castagne,Belgium,05/12/1995 (28),185cm,Fulham,Defender,125.0,6.0,9.0,25.0,0.0,0,0,0,0,0,0,0,0,0,0,0,0,0.0,0.0,CM,CM,CB
Kallum Cesay,Sierra Leone,04/09/2002,0,0,Defender,0.0,0.0,0.0,0.0,0.0,0,0,0,0,0,0,0,0,0,0,0,0,0.0,0.0,CM,CM,CM
Darko Churlinov,North Macedonia,11/07/2000,171cm,0,Forward,0.0,0.0,0.0,0.0,0.0,0,0,0,0,0,0,0,0,0,0,0,0,0.0,0.0,CM,CM,CM
Bobby Clark,England,07/02/2005 (19),178cm,Liverpool,Midfielder,6.0,0.0,0.0,0.0,0.0,0,0,0,0,0,0,0,0,0,0,0,0,0.0,0.0,CM,CM,CM
Nathaniel Clyne,England,05/04/1991 (33),175cm,Crystal Palace,Defender,255.0,4.0,12.0,66.0,0.0,0,0,0,0,0,0,0,0,0,0,0,0,0.0,0.0,CM,CM,CB
Theo Corbeanu,Canada,17/05/2002,190cm,0,Forward,1.0,0.0,0.0,0.0,0.0,0,0,0,0,0,0,0,0,0,0,0,0,0.0,0.0,CM,CM,CM
Vladimír Coufal,Czech Republic,22/08/1992 (31),174cm,West Ham United,Defender,125.0,0.0,19.0,19.0,0.0,0,0,0,0,0,0,0,0,0,0,0,0,0.0,0.0,CM,CM,CB
Craig Dawson,England,06/05/1990 (34),188cm,Wolverhampton Wanderers,Defender,288.0,21.0,5.0,64.0,0.0,0,0,0,0,0,0,0,0,0,0,0,0,0.0,0.0,CM,CM,LB
Issa Diop,France,09/01/1997 (27),194cm,Fulham,Defender,139.0,7.0,2.0,26.0,0.0,0,0,0,0,0,0,0,0,0,0,0,0,0.0,0.0,CM,CM,CB
Nicolás Domínguez,Argentina,28/06/1998 (26),179cm,Nottingham Forest,Midfielder,26.0,2.0,2.0,0.0,0.0,0,0,0,0,0,0,0,0,0,0,0,0,0.0,0.0,CM,CM,CM
Douglas Luiz,Brazil,09/05/1998,175cm,0,Midfielder,175.0,20.0,18.0,0.0,0.0,0,0,0,0,0,0,0,0,0,0,0,0,0.0,0.0,CM,CM,DM
Flynn Downes,England,20/01/1999 (25),173cm,Southampton,Midfielder,21.0,0.0,0.0,0.0,0.0,0,0,0,0,0,0,0,0,0,0,0,0,0.0,0.0,CM,CM,CM
Tommy Doyle,England,17/10/2001 (22),172cm,Wolverhampton Wanderers,Midfielder,0.0,0.0,0.0,0.0,0.0,0,0,0,0,0,0,0,0,0,0,0,0,0.0,0.0,CM,CM,CM
Martin Dúbravka,Slovakia,15/01/1989 (35),190cm,Newcastle United,Goalkeeper,152.0,0.0,0.0,41.0,0.0,0,0,0,0,0,0,0,0,0,0,0,0,0.0,0.0,GK,GK,GK
Joshua Duffus,England,15/12/2004,0,0,Forward,0.0,0.0,0.0,0.0,0.0,0,0,0,0,0,0,0,0,0,0,0,0,0.0,0.0,CM,CM,CM
Harvey Elliott,England,04/04/2003 (21),170cm,Liverpool,Midfielder,76.0,4.0,8.0,0.0,0.0,0,0,0,0,0,0,0,0,0,0,0,0,0.0,0.0,CM,CM,CM
Emiliano Martínez,Argentina,02/09/1992 (31),195cm,Aston Villa,Goalkeeper,159.0,0.0,0.0,51.0,0.0,0,0,0,0,0,0,0,0,0,0,0,0,0.0,0.0,GK,GK,GK
Fábio Vieira,Portugal,30/05/2000 (24),170cm,Arsenal,Midfielder,33.0,2.0,4.0,0.0,0.0,0,0,0,0,0,0,0,0,0,0,0,0,0.0,0.0,CM,CM,CM
Malachi Fagan-Walcott,England,11/03/2002,0,0,Defender,0.0,0.0,0.0,0.0,0.0,0,0,0,0,0,0,0,0,0,0,0,0,0.0,0.0,CM,CM,CM
Romain Faivre,France,14/07/1998 (26),180cm,Bournemouth,Midfielder,5.0,0.0,0.0,0.0,0.0,0,0,0,0,0,0,0,0,0,0,0,0,0.0,0.0,CM,CM,CM
Will Fish,England,17/02/2003 (21),185cm,Manchester United,Defender,1.0,0.0,0.0,0.0,0.0,0,0,0,0,0,0,0,0,0,0,0,0,0.0,0.0,CM,CM,CM
Mark Flekken,Netherlands,13/06/1993 (31),195cm,Brentford,Goalkeeper,37.0,0.0,1.0,7.0,0.0,0,0,0,0,0,0,0,0,0,0,0,0,0.0,0.0,GK,GK,GK
Tariqe Fosu-Henry,Ghana,05/11/1995,180cm,0,Midfielder,1.0,0.0,0.0,0.0,0.0,0,0,0,0,0,0,0,0,0,0,0,0,0.0,0.0,CM,CM,CM
Gabriel Martinelli,Brazil,18/06/2001 (23),178cm,Arsenal,Forward,128.0,32.0,16.0,0.0,0.0,0,0,0,0,0,0,0,0,0,0,0,0,0.0,0.0,CM,CM,IF
Alejandro Garnacho,Argentina,01/07/2004 (20),180cm,Manchester United,Forward,57.0,10.0,6.0,0.0,0.0,0,0,0,0,0,0,0,0,0,0,0,0,0.0,0.0,CM,CM,CM
Jean-Philippe Gbamin,Cote D’Ivoire,25/09/1995,186cm,0,Midfielder,6.0,0.0,0.0,0.0,0.0,0,0,0,0,0,0,0,0,0,0,0,0,0.0,0.0,CM,CM,CM
Seán Grehan,Ireland,08/01/2004 (20),0,Carlisle United,Defender,0.0,0.0,0.0,0.0,0.0,0,0,0,0,0,0,0,0,0,0,0,0,0.0,0.0,CM,CM,CM
Gustavo Hamer,Netherlands,24/06/1997,169cm,0,Midfielder,36.0,4.0,6.0,0.0,0.0,0,0,0,0,0,0,0,0,0,0,0,0,0.0,0.0,CM,CM,DM
Micah Hamilton,England,13/11/2003 (20),0,Manchester City,Midfielder,0.0,0.0,0.0,0.0,0.0,0,0,0,0,0,0,0,0,0,0,0,0,0.0,0.0,CM,CM,CM
Oliver Hammond,Wales,13/11/2002,0,0,Midfielder,0.0,0.0,0.0,0.0,0.0,0,0,0,0,0,0,0,0,0,0,0,0,0.0,0.0,CM,CM,CM
Rico Henry,England,08/07/1997 (27),170cm,Brentford,Defender,76.0,3.0,3.0,17.0,0.0,0,0,0,0,0,0,0,0,0,0,0,0,0.0,0.0,CM,CM,CB
Owen Hesketh,Wales,10/10/2002,0,0,Midfielder,0.0,0.0,0.0,0.0,0.0,0,0,0,0,0,0,0,0,0,0,0,0,0.0,0.0,CM,CM,CM
Joe Hodge,Ireland,14/09/2002 (21),172cm,Wolverhampton Wanderers,Midfielder,6.0,0.0,0.0,0.0,0.0,0,0,0,0,0,0,0,0,0,0,0,0,0.0,0.0,CM,CM,CM
Tim Iroegbunam,England,30/06/2003 (21),183cm,Everton,Midfielder,12.0,0.0,0.0,0.0,0.0,0,0,0,0,0,0,0,0,0,0,0,0,0.0,0.0,CM,CM,CM
Jamie Miley,England,14/01/2004 (20),0,Newcastle United,Midfielder,0.0,0.0,0.0,0.0,0.0,0,0,0,0,0,0,0,0,0,0,0,0,0.0,0.0,CM,CM,CM
Naby Keïta,Guinea,10/02/1995,172cm,0,Midfielder,84.0,7.0,5.0,0.0,0.0,0,0,0,0,0,0,0,0,0,0,0,0,0.0,0.0,CM,CM,CM
Lloyd Kelly,England,06/10/1998 (25),178cm,Newcastle United,Defender,54.0,0.0,3.0,10.0,0.0,0,0,0,0,0,0,0,0,0,0,0,0,0.0,0.0,CM,CM,LB
Kacper Kozlowski,Poland,16/10/2003,182cm,0,Midfielder,0.0,0.0,0.0,0.0,0.0,0,0,0,0,0,0,0,0,0,0,0,0,0.0,0.0,CM,CM,CM
Tim Krul,Netherlands,03/04/1988,188cm,0,Goalkeeper,222.0,0.0,2.0,51.0,0.0,0,0,0,0,0,0,0,0,0,0,0,0,0.0,0.0,GK,GK,CM
Mohammed Kudus,Ghana,02/08/2000 (24),177cm,West Ham United,Midfielder,33.0,8.0,6.0,0.0,0.0,0,0,0,0,0,0,0,0,0,0,0,0,0.0,0.0,CM,CM,IF
Adam Lallana,England,10/05/1988 (36),172cm,Southampton,Midfielder,291.0,33.0,32.0,0.0,0.0,0,0,0,0,0,0,0,0,0,0,0,0,0.0,0.0,CM,CM,CM
Tariq Lamptey,Ghana,30/09/2000 (23),163cm,Brighton & Hove Albion,Defender,89.0,1.0,7.0,5.0,0.0,0,0,0,0,0,0,0,0,0,0,0,0,0.0,0.0,CM,CM,LB
Jefferson Lerma,Colombia,25/10/1994 (29),179cm,Crystal Palace,Midfielder,128.0,9.0,3.0,0.0,0.0,0,0,0,0,0,0,0,0,0,0,0,0,0.0,0.0,CM,CM,CM
Marcel Lewis,England,30/09/2001,0,0,Midfielder,0.0,0.0,0.0,0.0,0.0,0,0,0,0,0,0,0,0,0,0,0,0,0.0,0.0,CM,CM,CM
Lisandro Martínez,Argentina,18/01/1998 (26),175cm,Manchester United,Defender,38.0,1.0,1.0,8.0,0.0,0,0,0,0,0,0,0,0,0,0,0,0,0.0,0.0,CM,CM,LB
Sasa Lukic,Serbia,13/08/1996 (27),183cm,Fulham,Midfielder,36.0,1.0,0.0,0.0,0.0,0,0,0,0,0,0,0,0,0,0,0,0,0.0,0.0,CM,CM,DM
Noni Madueke,England,10/03/2002 (22),176cm,Chelsea,Forward,35.0,6.0,2.0,0.0,0.0,0,0,0,0,0,0,0,0,0,0,0,0,0.0,0.0,CM,CM,IF
Harry Maguire,England,05/03/1993 (31),194cm,Manchester United,Defender,241.0,13.0,10.0,60.0,0.0,0,0,0,0,0,0,0,0,0,0,0,0,0.0,0.0,CM,CM,LB
Han-Noah Massengo,France,07/07/2001,178cm,0,Midfielder,3.0,0.0,0.0,0.0,0.0,0,0,0,0,0,0,0,0,0,0,0,0,0.0,0.0,CM,CM,CM
Mateo Mejia,Spain,31/03/2003,0,0,Forward,0.0,0.0,0.0,0.0,0.0,0,0,0,0,0,0,0,0,0,0,0,0,0.0,0.0,CM,CM,CM
Remi Matthews,England,10/02/1994 (30),184cm,Crystal Palace,Goalkeeper,1.0,0.0,0.0,0.0,0.0,0,0,0,0,0,0,0,0,0,0,0,0,0.0,0.0,GK,GK,CM
Kevin Mbabu,Switzerland,19/04/1995 (29),184cm,Fulham,Defender,9.0,0.0,1.0,0.0,0.0,0,0,0,0,0,0,0,0,0,0,0,0,0.0,0.0,CM,CM,CM
Stanley Mills,England,25/10/2003,0,0,Midfielder,0.0,0.0,0.0,0.0,0.0,0,0,0,0,0,0,0,0,0,0,0,0,0.0,0.0,CM,CM,CM
Jakub Moder,Poland,07/04/1999 (25),188cm,Brighton & Hove Albion,Midfielder,57.0,0.0,3.0,0.0,0.0,0,0,0,0,0,0,0,0,0,0,0,0,0.0,0.0,CM,CM,CM
Andrew Moran,Ireland,15/10/2003 (20),177cm,Blackburn Rovers,Midfielder,1.0,0.0,0.0,0.0,0.0,0,0,0,0,0,0,0,0,0,0,0,0,0.0,0.0,CM,CM,CM
Pelly Ruddock Mpanzu,DR Congo,22/03/1994,175cm,0,Midfielder,27.0,0.0,0.0,0.0,0.0,0,0,0,0,0,0,0,0,0,0,0,0,0.0,0.0,CM,CM,CM
Admiral Muskwe,Zimbabwe,21/08/1998,183cm,0,Forward,0.0,0.0,0.0,0.0,0.0,0,0,0,0,0,0,0,0,0,0,0,0,0.0,0.0,CM,CM,CM
Michael Ndiweni,England,02/12/2003 (20),0,Newcastle United,Forward,1.0,0.0,0.0,0.0,0.0,0,0,0,0,0,0,0,0,0,0,0,0,0.0,0.0,CM,CM,CM
Moussa Niakhaté,Senegal,08/03/1996,190cm,0,Defender,35.0,1.0,0.0,2.0,0.0,0,0,0,0,0,0,0,0,0,0,0,0,0.0,0.0,CM,CM,DM
Oliver Norwood,Northern Ireland,12/04/1991,180cm,0,Midfielder,97.0,2.0,1.0,0.0,0.0,0,0,0,0,0,0,0,0,0,0,0,0,0.0,0.0,CM,CM,DM
Trey Nyoni,England,30/06/2007 (17),0,Liverpool,Midfielder,0.0,0.0,0.0,0.0,0.0,0,0,0,0,0,0,0,0,0,0,0,0,0.0,0.0,CM,CM,CM
Dara O'Shea,Ireland,04/03/1999,188cm,0,Defender,61.0,3.0,4.0,4.0,0.0,0,0,0,0,0,0,0,0,0,0,0,0,0.0,0.0,CM,CM,LB
Angelo Ogbonna,Italy,23/05/1988,191cm,0,Defender,201.0,8.0,1.0,45.0,0.0,0,0,0,0,0,0,0,0,0,0,0,0,0.0,0.0,CM,CM,CM
Facundo Pellistri,Uruguay,20/12/2001 (22),175cm,Manchester United,Midfielder,13.0,0.0,1.0,0.0,0.0,0,0,0,0,0,0,0,0,0,0,0,0,0.0,0.0,CM,CM,CM
Nicolas Pépé,Cote D’Ivoire,29/05/1995,183cm,0,Forward,80.0,16.0,9.0,0.0,0.0,0,0,0,0,0,0,0,0,0,0,0,0,0.0,0.0,CM,CM,CM
Máximo Perrone,Argentina,07/01/2003 (21),177cm,Las Palmas,Midfielder,1.0,0.0,0.0,0.0,0.0,0,0,0,0,0,0,0,0,0,0,0,0,0.0,0.0,CM,CM,CM
Jaden Philogene,England,08/02/2002 (22),181cm,Aston Villa,Forward,3.0,0.0,0.0,0.0,0.0,0,0,0,0,0,0,0,0,0,0,0,0,0.0,0.0,CM,CM,CM
Axel Piesold,England,31/03/2005,0,0,Defender,0.0,0.0,0.0,0.0,0.0,0,0,0,0,0,0,0,0,0,0,0,0,0.0,0.0,CM,CM,CM
Rodrigo Ribeiro,Portugal,28/04/2005,185cm,0,Forward,4.0,0.0,0.0,0.0,0.0,0,0,0,0,0,0,0,0,0,0,0,0,0.0,0.0,CM,CM,CM
Kjell Scherpen,Netherlands,23/01/2000,204cm,0,Goalkeeper,0.0,0.0,0.0,0.0,0.0,0,0,0,0,0,0,0,0,0,0,0,0,0.0,0.0,GK,GK,CM
Kristian Sekularac,Switzerland,07/12/2003,0,0,Midfielder,0.0,0.0,0.0,0.0,0.0,0,0,0,0,0,0,0,0,0,0,0,0,0.0,0.0,CM,CM,CM
George Shelvey,England,22/04/2001,188cm,0,Goalkeeper,0.0,0.0,0.0,0.0,0.0,0,0,0,0,0,0,0,0,0,0,0,0,0.0,0.0,GK,GK,CM
Junior Stanislas,England,26/11/1989,183cm,0,Midfielder,144.0,26.0,14.0,0.0,0.0,0,0,0,0,0,0,0,0,0,0,0,0,0.0,0.0,CM,CM,CM
Raheem Sterling,England,08/12/1994 (29),172cm,Chelsea,Forward,379.0,123.0,63.0,0.0,0.0,0,0,0,0,0,0,0,0,0,0,0,0,0.0,0.0,CM,CM,IF
James Tarkowski,England,19/11/1992 (31),185cm,Everton,Defender,270.0,9.0,7.0,74.0,0.0,0,0,0,0,0,0,0,0,0,0,0,0,0.0,0.0,CM,CM,CB
Kenny Tete,Netherlands,09/10/1995 (28),180cm,Fulham,Defender,67.0,2.0,6.0,11.0,0.0,0,0,0,0,0,0,0,0,0,0,0,0,0.0,0.0,CM,CM,CB
Sandro Tonali,Italy,08/05/2000 (24),181cm,Newcastle United,Midfielder,8.0,1.0,0.0,0.0,0.0,0,0,0,0,0,0,0,0,0,0,0,0,0.0,0.0,CM,CM,CM
Bertrand Traoré,Burkina Faso,06/09/1995,181cm,0,Forward,65.0,11.0,7.0,0.0,0.0,0,0,0,0,0,0,0,0,0,0,0,0,0.0,0.0,CM,CM,CM
Auston Trusty,United States,12/08/1998,191cm,0,Defender,32.0,0.0,0.0,1.0,0.0,0,0,0,0,0,0,0,0,0,0,0,0,0.0,0.0,CM,CM,DM
Louie Watson,Ireland,07/06/2001,0,0,Midfielder,0.0,0.0,0.0,0.0,0.0,0,0,0,0,0,0,0,0,0,0,0,0,0.0,0.0,CM,CM,CM
Wesley,Brazil,24/11/1996,191cm,0,Forward,25.0,5.0,1.0,0.0,0.0,0,0,0,0,0,0,0,0,0,0,0,0,0.0,0.0,CM,CM,CM
Josh Wilson-Esbrand,England,26/12/2002 (21),176cm,Manchester City,Defender,0.0,0.0,0.0,0.0,0.0,0,0,0,0,0,0,0,0,0,0,0,0,0.0,0.0,CM,CM,CM
Joe Worrall,England,10/01/1997 (27),193cm,Nottingham Forest,Defender,37.0,1.0,0.0,6.0,0.0,0,0,0,0,0,0,0,0,0,0,0,0,0.0,0.0,CM,CM,CM
James Wright,England,02/12/2004,0,0,Goalkeeper,0.0,0.0,0.0,0.0,0.0,0,0,0,0,0,0,0,0,0,0,0,0,0.0,0.0,GK,GK,CM
Yehor Yarmoliuk,Ukraine,01/03/2004 (20),180cm,Brentford,Midfielder,27.0,0.0,0.0,0.0,0.0,0,0,0,0,0,0,0,0,0,0,0,0,0.0,0.0,CM,CM,CM
Ryan Yates,England,21/11/1997 (26),190cm,Nottingham Forest,Midfielder,61.0,1.0,3.0,0.0,0.0,0,0,0,0,0,0,0,0,0,0,0,0,0.0,0.0,CM,CM,CM
Nathan Young-Coombes,England,15/01/2003,175cm,0,Forward,1.0,0.0,0.0,0.0,0.0,0,0,0,0,0,0,0,0,0,0,0,0,0.0,0.0,CM,CM,CM
Youssef Chermiti,Portugal,24/05/2004 (20),192cm,Everton,Forward,18.0,0.0,0.0,0.0,0.0,0,0,0,0,0,0,0,0,0,0,0,0,0.0,0.0,CM,CM,IF
Denis Zakaria,Switzerland,20/11/1996,191cm,0,Midfielder,7.0,0.0,0.0,0.0,0.0,0,0,0,0,0,0,0,0,0,0,0,0,0.0,0.0,CM,CM,CM
Martin Ødegaard,Norway,17/12/1998 (25),178cm,Arsenal,Midfielder,122.0,31.0,23.0,0.0,0.0,0,0,0,0,0,0,0,0,0,0,0,0,0.0,0.0,CM,CM,CM
