Name,Twitter,Instagram,Appearances,Goals,Wins,Losses,Clean sheets,Goals Conceded,Tackles,Tackle success %,Last man tackles,Blocked shots,Interceptions,Clearances,Headed Clearance,Clearances off line,Recoveries,Duels won,Duels lost,Successful 50/50s,Aerial battles won,Aerial battles lost,Own goals,Errors leading to goal,Assists,Passes,Passes per match,Big Chances Created,Crosses,Cross accuracy %,Through balls,Accurate long balls,Yellow cards,Red cards,Fouls,Offsides,Headed goals,Goals with right foot,Goals with left foot,Hit woodwork,Goals per match,Penalties scored,Freekicks scored,Shots,Shots on target,Shooting accuracy %,Big chances missed,Saves,Penalties Saved,Punches,High Claims,Catches,Sweeper clearances,Throw outs,Goal Kicks,Facebook,Gls,Ast,xG,xAG,PrgC,PrgP,Min,MP,Tkl,TklW,Int,Gls_per_90,Ast_per_90
Max Aarons,https://twitter.com/maxaarons2,https://www.instagram.com/maxaarons2/,90.0,0.0,12.0,62.0,10.0,174.0,141.0,66%,1.0,13.0,73.0,165.0,63.0,4.0,407.0,404.0,383.0,96.0,41.0,111.0,1.0,0.0,4.0,"2,887",32.08,10.0,136.0,21%,7.0,94.0,16.0,0.0,68.0,6.0,0.0,0.0,0.0,0.0,0.0,0.0,0.0,0.0,0.0,0,0.0,0.0,0.0,0.0,0.0,0.0,0.0,0.0,0.0,0,0,0,0,0,0,0,0,0,0,0,0,0.0,0.0
Zach Abbott,0,0,0.0,0.0,0.0,0.0,0.0,0.0,0.0,0%,0.0,0.0,0.0,0.0,0.0,0.0,0.0,0.0,0.0,0.0,0.0,0.0,0.0,0.0,0.0,0,0.0,0.0,0.0,0%,0.0,0.0,0.0,0.0,0.0,0.0,0.0,0.0,0.0,0.0,0.0,0.0,0.0,0.0,0.0,0,0.0,0.0,0.0,0.0,0.0,0.0,0.0,0.0,0.0,0,0,0,0,0,0,0,0,0,0,0,0,0.0,0.0
Terry Ablade,0,0,0.0,0.0,0.0,0.0,0.0,0.0,0.0,0,0.0,0.0,0.0,0.0,0.0,0.0,0.0,0.0,0.0,0.0,0.0,0.0,0.0,0.0,0.0,0,0.0,0.0,0.0,0,0.0,0.0,0.0,0.0,0.0,0.0,0.0,0.0,0.0,0.0,0.0,0.0,0.0,0.0,0.0,0%,0.0,0.0,0.0,0.0,0.0,0.0,0.0,0.0,0.0,0,0,0,0,0,0,0,0,0,0,0,0,0.0,0.0
Josh Acheampong,0,0,1.0,0.0,1.0,0.0,0.0,0.0,0.0,0%,0.0,0.0,0.0,0.0,0.0,0.0,1.0,0.0,1.0,0.0,0.0,1.0,0.0,0.0,0.0,1,1.0,0.0,0.0,0%,0.0,0.0,0.0,0.0,0.0,0.0,0.0,0.0,0.0,0.0,0.0,0.0,0.0,0.0,0.0,0,0.0,0.0,0.0,0.0,0.0,0.0,0.0,0.0,0.0,0,0,0,0,0,0,0,0,0,0,0,0,0.0,0.0
Tyler Adams,https://www.instagram.com/tyler.adams/,0,3.0,0.0,2.0,1.0,0.0,0.0,4.0,75%,0.0,0.0,4.0,2.0,2.0,0.0,7.0,11.0,4.0,2.0,2.0,3.0,0.0,0.0,0.0,69,23.0,0.0,1.0,0%,0.0,4.0,0.0,0.0,0.0,0.0,0.0,0.0,0.0,0.0,0.0,0.0,0.0,0.0,0.0,0%,0.0,0.0,0.0,0.0,0.0,0.0,0.0,0.0,0.0,0,0,0,0,0,0,0,0,0,0,0,0,0.0,0.0
Tosin Adarabioyo,0,0,20.0,2.0,8.0,8.0,6.0,25.0,21.0,52%,0.0,2.0,25.0,80.0,47.0,0.0,43.0,83.0,51.0,1.0,57.0,28.0,0.0,0.0,0.0,"1,211",60.55,0.0,1.0,0%,1.0,72.0,2.0,0.0,10.0,0.0,2.0,0.0,0.0,1.0,0.0,0.0,0.0,0.0,0.0,0,0.0,0.0,0.0,0.0,0.0,0.0,0.0,0.0,0.0,0,0,0,0,0,0,0,0,0,0,0,0,0.0,0.0
Tayo Adaramola,0,0,0.0,0.0,0.0,0.0,0.0,0.0,0.0,0%,0.0,0.0,0.0,0.0,0.0,0.0,0.0,0.0,0.0,0.0,0.0,0.0,0.0,0.0,0.0,0,0.0,0.0,0.0,0%,0.0,0.0,0.0,0.0,0.0,0.0,0.0,0.0,0.0,0.0,0.0,0.0,0.0,0.0,0.0,0,0.0,0.0,0.0,0.0,0.0,0.0,0.0,0.0,0.0,0,0,0,0,0,0,0,0,0,0,0,0,0.0,0.0
Elijah Adebayo,0,0,27.0,10.0,5.0,16.0,0.0,0.0,4.0,0,0.0,7.0,6.0,25.0,24.0,0.0,0.0,0.0,0.0,0.0,0.0,0.0,0.0,0.0,0.0,197,7.3,0.0,5.0,0,0.0,0.0,1.0,0.0,27.0,13.0,4.0,5.0,1.0,2.0,0.37,0.0,0.0,31.0,14.0,45%,4.0,0.0,0.0,0.0,0.0,0.0,0.0,0.0,0.0,0,0,0,0,0,0,0,0,0,0,0,0,0.0,0.0
Valintino Adedokun,0,0,0.0,0.0,0.0,0.0,0.0,0.0,0.0,0%,0.0,0.0,0.0,0.0,0.0,0.0,0.0,0.0,0.0,0.0,0.0,0.0,0.0,0.0,0.0,0,0.0,0.0,0.0,0%,0.0,0.0,0.0,0.0,0.0,0.0,0.0,0.0,0.0,0.0,0.0,0.0,0.0,0.0,0.0,0,0.0,0.0,0.0,0.0,0.0,0.0,0.0,0.0,0.0,0,0,0,0,0,0,0,0,0,0,0,0,0.0,0.0
Simon Adingra,0,0,31.0,6.0,9.0,12.0,0.0,0.0,45.0,0,0.0,7.0,19.0,22.0,9.0,0.0,0.0,0.0,0.0,0.0,0.0,0.0,0.0,0.0,1.0,747,24.1,6.0,76.0,0,0.0,0.0,3.0,0.0,29.0,17.0,1.0,5.0,0.0,1.0,0.19,0.0,0.0,52.0,22.0,42%,4.0,0.0,0.0,0.0,0.0,0.0,0.0,0.0,0.0,0,0,0,0,0,0,0,0,0,0,0,0,0.0,0.0
Adler Nascimento,0,0,0.0,0.0,0.0,0.0,0.0,0.0,0.0,0,0.0,0.0,0.0,0.0,0.0,0.0,0.0,0.0,0.0,0.0,0.0,0.0,0.0,0.0,0.0,0,0.0,0.0,0.0,0,0.0,0.0,0.0,0.0,0.0,0.0,0.0,0.0,0.0,0.0,0.0,0.0,0.0,0.0,0.0,0%,0.0,0.0,0.0,0.0,0.0,0.0,0.0,0.0,0.0,0,0,0,0,0,0,0,0,0,0,0,0,0.0,0.0
Adrián,0,0,0.0,0.0,0.0,0.0,0.0,0.0,0.0,0,0.0,0.0,0.0,0.0,0.0,0.0,0.0,0.0,0.0,0.0,0.0,0.0,0.0,0.0,0.0,0,0.0,0.0,0,0,0.0,0.0,0.0,0.0,0.0,0.0,0.0,0.0,0.0,0.0,0.0,0.0,0.0,0.0,0.0,0,0.0,0.0,0.0,0.0,0.0,0.0,0.0,0.0,0.0,0,0,0,0,0,0,0,0,0,0,0,0,0.0,0.0
Daniel Adu-Adjei,0,0,0.0,0.0,0.0,0.0,0.0,0.0,0.0,0,0.0,0.0,0.0,0.0,0.0,0.0,0.0,0.0,0.0,0.0,0.0,0.0,0.0,0.0,0.0,0,0.0,0.0,0.0,0,0.0,0.0,0.0,0.0,0.0,0.0,0.0,0.0,0.0,0.0,0.0,0.0,0.0,0.0,0.0,0%,0.0,0.0,0.0,0.0,0.0,0.0,0.0,0.0,0.0,0,0,0,0,0,0,0,0,0,0,0,0,0.0,0.0
Nayef Aguerd,https://www.instagram.com/nayefaguerd/,0,21.0,1.0,7.0,10.0,2.0,44.0,26.0,54%,0.0,3.0,17.0,80.0,39.0,1.0,102.0,83.0,52.0,3.0,48.0,33.0,0.0,0.0,0.0,"1,164",55.43,0.0,5.0,0%,1.0,104.0,1.0,1.0,10.0,0.0,1.0,0.0,0.0,0.0,0.0,0.0,0.0,0.0,0.0,0,0.0,0.0,0.0,0.0,0.0,0.0,0.0,0.0,0.0,0,0,0,0,0,0,0,0,0,0,0,0,0.0,0.0
Brandon Aguilera,0,0,1.0,0.0,0.0,1.0,0.0,0.0,0.0,0%,0.0,0.0,0.0,0.0,0.0,0.0,0.0,0.0,3.0,0.0,0.0,0.0,0.0,0.0,0.0,8,8.0,0.0,0.0,0%,0.0,0.0,0.0,0.0,3.0,0.0,0.0,0.0,0.0,0.0,0.0,0.0,0.0,0.0,0.0,0%,0.0,0.0,0.0,0.0,0.0,0.0,0.0,0.0,0.0,0,0,0,0,0,0,0,0,0,0,0,0,0.0,0.0
Enock Agyei,0,0,0.0,0.0,0.0,0.0,0.0,0.0,0.0,0,0.0,0.0,0.0,0.0,0.0,0.0,0.0,0.0,0.0,0.0,0.0,0.0,0.0,0.0,0.0,0,0.0,0.0,0.0,0,0.0,0.0,0.0,0.0,0.0,0.0,0.0,0.0,0.0,0.0,0.0,0.0,0.0,0.0,0.0,0%,0.0,0.0,0.0,0.0,0.0,0.0,0.0,0.0,0.0,0,0,0,0,0,0,0,0,0,0,0,0,0.0,0.0
Naouirou Ahamada,0,0,20.0,0.0,4.0,11.0,0.0,0.0,13.0,69%,0.0,4.0,2.0,4.0,1.0,0.0,30.0,29.0,37.0,7.0,4.0,3.0,0.0,0.0,0.0,179,8.95,0.0,6.0,0%,0.0,8.0,2.0,1.0,9.0,1.0,0.0,0.0,0.0,0.0,0.0,0.0,0.0,9.0,2.0,22%,0.0,0.0,0.0,0.0,0.0,0.0,0.0,0.0,0.0,0,0,0,0,0,0,0,0,0,0,0,0,0.0,0.0
Anel Ahmedhodzic,0,0,31.0,2.0,2.0,24.0,1.0,89.0,64.0,56%,2.0,4.0,34.0,134.0,42.0,0.0,106.0,139.0,108.0,11.0,51.0,36.0,0.0,1.0,0.0,955,30.81,1.0,6.0,17%,1.0,47.0,9.0,1.0,34.0,2.0,1.0,1.0,0.0,1.0,0.0,0.0,0.0,0.0,0.0,0,0.0,0.0,0.0,0.0,0.0,0.0,0.0,0.0,0.0,0,0,0,0,0,0,0,0,0,0,0,0,0.0,0.0
Ola Aina,0,0,22.0,1.0,6.0,12.0,0.0,39.0,47.0,66%,0.0,5.0,18.0,41.0,22.0,0.0,97.0,115.0,66.0,27.0,17.0,12.0,0.0,0.0,1.0,633,28.77,0.0,28.0,25%,2.0,20.0,3.0,0.0,18.0,2.0,0.0,1.0,0.0,0.0,0.0,0.0,0.0,0.0,0.0,0,0.0,0.0,0.0,0.0,0.0,0.0,0.0,0.0,0.0,0,0,0,0,0,0,0,0,0,0,0,0,0.0,0.0
Rayan Aït-Nouri,0,0,33.0,2.0,12.0,17.0,0.0,43.0,71.0,62%,0.0,5.0,15.0,31.0,15.0,1.0,136.0,207.0,166.0,62.0,21.0,25.0,0.0,0.0,1.0,"1,038",31.45,3.0,41.0,20%,2.0,23.0,7.0,0.0,25.0,8.0,1.0,1.0,0.0,0.0,0.0,0.0,0.0,0.0,0.0,0,0.0,0.0,0.0,0.0,0.0,0.0,0.0,0.0,0.0,0,0,0,0,0,0,0,0,0,0,0,0,0.0,0.0
Kristoffer Ajer,https://www.instagram.com/kristoffer.v.ajer/,0,28.0,2.0,8.0,12.0,2.0,33.0,38.0,55%,0.0,3.0,25.0,78.0,36.0,0.0,60.0,121.0,69.0,10.0,65.0,23.0,0.0,1.0,1.0,722,25.79,5.0,22.0,23%,1.0,31.0,5.0,0.0,25.0,1.0,1.0,1.0,0.0,0.0,0.0,0.0,0.0,0.0,0.0,0,0.0,0.0,0.0,0.0,0.0,0.0,0.0,0.0,0.0,0,0,0,0,0,0,0,0,0,0,0,0,0.0,0.0
Manuel Akanji,https://www.instagram.com/obafemi_36/,0,30.0,2.0,22.0,2.0,11.0,23.0,42.0,67%,1.0,4.0,23.0,61.0,33.0,0.0,142.0,90.0,72.0,2.0,28.0,30.0,0.0,0.0,0.0,"2,296",76.53,0.0,9.0,22%,4.0,81.0,2.0,1.0,17.0,0.0,1.0,0.0,0.0,0.0,0.0,0.0,0.0,0.0,0.0,0,0.0,0.0,0.0,0.0,0.0,0.0,0.0,0.0,0.0,0,0,0,0,0,0,0,0,0,0,0,0,0.0,0.0
Ameen Al Dakhil,0,0,13.0,1.0,1.0,10.0,0.0,26.0,12.0,42%,0.0,3.0,12.0,34.0,25.0,0.0,50.0,33.0,46.0,3.0,14.0,23.0,1.0,1.0,0.0,598,46.0,0.0,3.0,33%,2.0,20.0,1.0,0.0,6.0,0.0,0.0,0.0,1.0,0.0,0.0,0.0,0.0,0.0,0.0,0,0.0,0.0,0.0,0.0,0.0,0.0,0.0,0.0,0.0,0,0,0,0,0,0,0,0,0,0,0,0,0.0,0.0
Thiago Alcântara,0,0,1.0,0.0,0.0,1.0,0.0,0.0,0.0,0%,0.0,0.0,0.0,0.0,0.0,0.0,0.0,0.0,0.0,0.0,0.0,0.0,0.0,0.0,0.0,10,10.0,0.0,0.0,0%,0.0,1.0,0.0,0.0,0.0,0.0,0.0,0.0,0.0,0.0,0.0,0.0,0.0,0.0,0.0,0%,0.0,0.0,0.0,0.0,0.0,0.0,0.0,0.0,0.0,0,0,0,0,0,0,0,0,0,0,0,0,0.0,0.0
Alex Murphy,0,0,2.0,0.0,2.0,0.0,0.0,0.0,1.0,100%,0.0,0.0,1.0,0.0,0.0,0.0,2.0,1.0,3.0,0.0,0.0,0.0,0.0,0.0,0.0,17,8.5,0.0,0.0,0%,0.0,0.0,0.0,0.0,2.0,0.0,0.0,0.0,0.0,0.0,0.0,0.0,0.0,0.0,0.0,0,0.0,0.0,0.0,0.0,0.0,0.0,0.0,0.0,0.0,0,0,0,0,0,0,0,0,0,0,0,0,0.0,0.0
Alex Telles,0,0,0.0,0.0,0.0,0.0,0.0,0.0,0.0,0%,0.0,0.0,0.0,0.0,0.0,0.0,0.0,0.0,0.0,0.0,0.0,0.0,0.0,0.0,0.0,0,0.0,0.0,0.0,0%,0.0,0.0,0.0,0.0,0.0,0.0,0.0,0.0,0.0,0.0,0.0,0.0,0.0,0.0,0.0,0,0.0,0.0,0.0,0.0,0.0,0.0,0.0,0.0,0.0,0,0,0,0,0,0,0,0,0,0,0,0,0.0,0.0
Trent Alexander-Arnold,https://www.facebook.com/trentarnold66/,https://twitter.com/TrentAA,28.0,3.0,16.0,4.0,4.0,28.0,39.0,67%,3.0,14.0,31.0,42.0,15.0,0.0,176.0,84.0,102.0,28.0,8.0,6.0,0.0,2.0,4.0,"1,685",60.18,17.0,168.0,33%,22.0,147.0,6.0,0.0,9.0,2.0,0.0,3.0,0.0,3.0,0.0,0.0,0.0,0.0,0.0,0,0.0,0.0,0.0,0.0,0.0,0.0,0.0,0.0,0.0,0,0,0,0,0,0,0,0,0,0,0,0,0.0,0.0
Alisson Becker,https://www.facebook.com/AlissonBeckerOficial/,https://twitter.com/alissonbecker?lang=en,28.0,0.0,16.0,4.0,8.0,30.0,0.0,0,0.0,0.0,0.0,0.0,0.0,0.0,0.0,0.0,0.0,0.0,0.0,0.0,0.0,2.0,0.0,997,35.61,0.0,0,0,0.0,83.0,1.0,0.0,1.0,0.0,0.0,0.0,0.0,0.0,0.0,0.0,0.0,0.0,0.0,0,0.0,83.0,0.0,10.0,11.0,4.0,11.0,140.0,116.0,0,0,0,0,0,0,0,0,0,0,0,0,0.0,0.0
Sonny Aljofree,0,0,0.0,0.0,0.0,0.0,0.0,0.0,0.0,0%,0.0,0.0,0.0,0.0,0.0,0.0,0.0,0.0,0.0,0.0,0.0,0.0,0.0,0.0,0.0,0,0.0,0.0,0.0,0%,0.0,0.0,0.0,0.0,0.0,0.0,0.0,0.0,0.0,0.0,0.0,0.0,0.0,0.0,0.0,0,0.0,0.0,0.0,0.0,0.0,0.0,0.0,0.0,0.0,0,0,0,0,0,0,0,0,0,0,0,0,0.0,0.0
Josh Allen,0,0,0.0,0.0,0.0,0.0,0.0,0.0,0.0,0,0.0,0.0,0.0,0.0,0.0,0.0,0.0,0.0,0.0,0.0,0.0,0.0,0.0,0.0,0.0,0,0.0,0.0,0.0,0,0.0,0.0,0.0,0.0,0.0,0.0,0.0,0.0,0.0,0.0,0.0,0.0,0.0,0.0,0.0,0%,0.0,0.0,0.0,0.0,0.0,0.0,0.0,0.0,0.0,0,0,0,0,0,0,0,0,0,0,0,0,0.0,0.0
Max Alleyne,0,0,0.0,0.0,0.0,0.0,0.0,0.0,0.0,0%,0.0,0.0,0.0,0.0,0.0,0.0,0.0,0.0,0.0,0.0,0.0,0.0,0.0,0.0,0.0,0,0.0,0.0,0.0,0%,0.0,0.0,0.0,0.0,0.0,0.0,0.0,0.0,0.0,0.0,0.0,0.0,0.0,0.0,0.0,0,0.0,0.0,0.0,0.0,0.0,0.0,0.0,0.0,0.0,0,0,0,0,0,0,0,0,0,0,0,0,0.0,0.0
Miguel Almirón,https://www.instagram.com/miguel_almiron/,0,33.0,3.0,15.0,13.0,0.0,0.0,36.0,67%,0.0,9.0,10.0,12.0,6.0,0.0,97.0,87.0,89.0,23.0,6.0,7.0,0.0,0.0,1.0,767,23.24,6.0,24.0,17%,5.0,13.0,2.0,0.0,16.0,10.0,0.0,0.0,3.0,2.0,0.09,0.0,0.0,41.0,12.0,29%,4.0,0.0,0.0,0.0,0.0,0.0,0.0,0.0,0.0,0,0,0,0,0,0,0,0,0,0,0,0,0.0,0.0
Julián Álvarez,https://www.instagram.com/juliaanalvarez/,0,36.0,11.0,27.0,3.0,0.0,0.0,24.0,0,0.0,23.0,2.0,13.0,7.0,0.0,0.0,0.0,0.0,0.0,0.0,0.0,0.0,0.0,9.0,"1,110",30.83,7.0,137.0,0,0.0,0.0,2.0,0.0,23.0,2.0,1.0,8.0,2.0,2.0,0.31,2.0,1.0,98.0,40.0,41%,10.0,0.0,0.0,0.0,0.0,0.0,0.0,0.0,0.0,0,0,0,0,0,0,0,0,0,0,0,0,0.0,0.0
Steven Alzate,0,0,0.0,0.0,0.0,0.0,0.0,0.0,0.0,0%,0.0,0.0,0.0,0.0,0.0,0.0,0.0,0.0,0.0,0.0,0.0,0.0,0.0,0.0,0.0,0,0.0,0.0,0.0,0%,0.0,0.0,0.0,0.0,0.0,0.0,0.0,0.0,0.0,0.0,0.0,0.0,0.0,0.0,0.0,0%,0.0,0.0,0.0,0.0,0.0,0.0,0.0,0.0,0.0,0,0,0,0,0,0,0,0,0,0,0,0,0.0,0.0
Harry Amass,0,0,0.0,0.0,0.0,0.0,0.0,0.0,0.0,0%,0.0,0.0,0.0,0.0,0.0,0.0,0.0,0.0,0.0,0.0,0.0,0.0,0.0,0.0,0.0,0,0.0,0.0,0.0,0%,0.0,0.0,0.0,0.0,0.0,0.0,0.0,0.0,0.0,0.0,0.0,0.0,0.0,0.0,0.0,0,0.0,0.0,0.0,0.0,0.0,0.0,0.0,0.0,0.0,0,0,0,0,0,0,0,0,0,0,0,0,0.0,0.0
Zeki Amdouni,0,0,34.0,5.0,5.0,23.0,0.0,0.0,27.0,0,0.0,10.0,9.0,10.0,7.0,0.0,0.0,0.0,0.0,0.0,0.0,0.0,0.0,0.0,1.0,488,14.35,2.0,8.0,0,0.0,0.0,2.0,0.0,22.0,2.0,0.0,3.0,2.0,1.0,0.15,1.0,0.0,49.0,22.0,45%,6.0,0.0,0.0,0.0,0.0,0.0,0.0,0.0,0.0,0,0,0,0,0,0,0,0,0,0,0,0,0.0,0.0
Samuel Amissah,0,0,0.0,0.0,0.0,0.0,0.0,0.0,0.0,0%,0.0,0.0,0.0,0.0,0.0,0.0,0.0,0.0,0.0,0.0,0.0,0.0,0.0,0.0,0.0,0,0.0,0.0,0.0,0%,0.0,0.0,0.0,0.0,0.0,0.0,0.0,0.0,0.0,0.0,0.0,0.0,0.0,0.0,0.0,0,0.0,0.0,0.0,0.0,0.0,0.0,0.0,0.0,0.0,0,0,0,0,0,0,0,0,0,0,0,0,0.0,0.0
Ethan Ampadu,0,0,0.0,0.0,0.0,0.0,0.0,0.0,0.0,0%,0.0,0.0,0.0,0.0,0.0,0.0,0.0,0.0,0.0,0.0,0.0,0.0,0.0,0.0,0.0,0,0.0,0.0,0.0,0%,0.0,0.0,0.0,0.0,0.0,0.0,0.0,0.0,0.0,0.0,0.0,0.0,0.0,0.0,0.0,0,0.0,0.0,0.0,0.0,0.0,0.0,0.0,0.0,0.0,0,0,0,0,0,0,0,0,0,0,0,0,0.0,0.0
Sofyan Amrabat,0,0,21.0,0.0,11.0,7.0,0.0,0.0,27.0,59%,0.0,1.0,8.0,19.0,9.0,0.0,60.0,48.0,56.0,6.0,5.0,6.0,0.0,1.0,0.0,645,30.71,0.0,7.0,14%,0.0,35.0,6.0,0.0,24.0,0.0,0.0,0.0,0.0,1.0,0.0,0.0,0.0,3.0,0.0,0%,0.0,0.0,0.0,0.0,0.0,0.0,0.0,0.0,0.0,0,0,0,0,0,0,0,0,0,0,0,0,0.0,0.0
Joseph Anang,0,0,0.0,0.0,0.0,0.0,0.0,0.0,0.0,0,0.0,0.0,0.0,0.0,0.0,0.0,0.0,0.0,0.0,0.0,0.0,0.0,0.0,0.0,0.0,0,0.0,0.0,0,0,0.0,0.0,0.0,0.0,0.0,0.0,0.0,0.0,0.0,0.0,0.0,0.0,0.0,0.0,0.0,0,0.0,0.0,0.0,0.0,0.0,0.0,0.0,0.0,0.0,0,0,0,0,0,0,0,0,0,0,0,0,0.0,0.0
Joachim Andersen,https://www.instagram.com/joachimandersen3/,0,38.0,2.0,13.0,15.0,8.0,58.0,56.0,63%,0.0,5.0,40.0,202.0,109.0,0.0,193.0,181.0,107.0,14.0,90.0,47.0,0.0,1.0,3.0,"2,151",56.61,4.0,31.0,32%,6.0,202.0,7.0,0.0,43.0,1.0,0.0,2.0,0.0,0.0,0.0,0.0,0.0,0.0,0.0,0,0.0,0.0,0.0,0.0,0.0,0.0,0.0,0.0,0.0,0,0,0,0,0,0,0,0,0,0,0,0,0.0,0.0
Elliot Anderson,0,0,21.0,0.0,12.0,6.0,0.0,0.0,24.0,75%,0.0,5.0,8.0,20.0,11.0,0.0,60.0,83.0,87.0,21.0,19.0,14.0,0.0,0.0,2.0,416,19.81,2.0,19.0,16%,4.0,4.0,3.0,0.0,21.0,1.0,0.0,0.0,0.0,0.0,0.0,0.0,0.0,19.0,5.0,26%,1.0,0.0,0.0,0.0,0.0,0.0,0.0,0.0,0.0,0,0,0,0,0,0,0,0,0,0,0,0,0.0,0.0
André Gomes,0,0,12.0,1.0,3.0,7.0,0.0,0.0,7.0,57%,0.0,2.0,3.0,3.0,1.0,0.0,34.0,16.0,49.0,3.0,1.0,9.0,0.0,0.0,0.0,259,21.58,0.0,26.0,12%,4.0,18.0,4.0,0.0,17.0,0.0,0.0,1.0,0.0,0.0,0.08,0.0,0.0,8.0,4.0,50%,0.0,0.0,0.0,0.0,0.0,0.0,0.0,0.0,0.0,0,0,0,0,0,0,0,0,0,0,0,0,0.0,0.0
Andrey Santos,0,0,1.0,0.0,0.0,1.0,0.0,0.0,0.0,0%,0.0,1.0,0.0,0.0,0.0,0.0,0.0,0.0,1.0,0.0,0.0,0.0,0.0,0.0,0.0,6,6.0,0.0,0.0,0%,0.0,0.0,0.0,0.0,0.0,0.0,0.0,0.0,0.0,0.0,0.0,0.0,0.0,2.0,0.0,0%,0.0,0.0,0.0,0.0,0.0,0.0,0.0,0.0,0.0,0,0,0,0,0,0,0,0,0,0,0,0,0.0,0.0
Vincent Angelini,0,0,0.0,0.0,0.0,0.0,0.0,0.0,0.0,0,0.0,0.0,0.0,0.0,0.0,0.0,0.0,0.0,0.0,0.0,0.0,0.0,0.0,0.0,0.0,0,0.0,0.0,0,0,0.0,0.0,0.0,0.0,0.0,0.0,0.0,0.0,0.0,0.0,0.0,0.0,0.0,0.0,0.0,0,0.0,0.0,0.0,0.0,0.0,0.0,0.0,0.0,0.0,0,0,0,0,0,0,0,0,0,0,0,0,0.0,0.0
Ângelo,0,0,0.0,0.0,0.0,0.0,0.0,0.0,0.0,0,0.0,0.0,0.0,0.0,0.0,0.0,0.0,0.0,0.0,0.0,0.0,0.0,0.0,0.0,0.0,0,0.0,0.0,0.0,0,0.0,0.0,0.0,0.0,0.0,0.0,0.0,0.0,0.0,0.0,0.0,0.0,0.0,0.0,0.0,0%,0.0,0.0,0.0,0.0,0.0,0.0,0.0,0.0,0.0,0,0,0,0,0,0,0,0,0,0,0,0,0.0,0.0
Tino Anjorin,0,0,0.0,0.0,0.0,0.0,0.0,0.0,0.0,0%,0.0,0.0,0.0,0.0,0.0,0.0,0.0,0.0,0.0,0.0,0.0,0.0,0.0,0.0,0.0,0,0.0,0.0,0.0,0%,0.0,0.0,0.0,0.0,0.0,0.0,0.0,0.0,0.0,0.0,0.0,0.0,0.0,0.0,0.0,0%,0.0,0.0,0.0,0.0,0.0,0.0,0.0,0.0,0.0,0,0,0,0,0,0,0,0,0,0,0,0,0.0,0.0
Jaidon Anthony,https://twitter.com/JaidonnA11,https://www.instagram.com/jaidona11/,3.0,0.0,0.0,2.0,0.0,0.0,3.0,0,0.0,0.0,1.0,2.0,0.0,0.0,0.0,0.0,0.0,0.0,0.0,0.0,0.0,0.0,0.0,43,14.33,0.0,2.0,0,0.0,0.0,1.0,0.0,4.0,2.0,0.0,0.0,0.0,0.0,0.0,0.0,0.0,2.0,1.0,50%,0.0,0.0,0.0,0.0,0.0,0.0,0.0,0.0,0.0,0,0,0,0,0,0,0,0,0,0,0,0,0.0,0.0
Antony,https://www.instagram.com/antony00/,0,29.0,1.0,12.0,12.0,0.0,0.0,40.0,0,0.0,17.0,12.0,8.0,4.0,0.0,0.0,0.0,0.0,0.0,0.0,0.0,0.0,0.0,1.0,561,19.34,7.0,16.0,0,0.0,0.0,5.0,0.0,19.0,2.0,0.0,0.0,1.0,1.0,0.03,0.0,0.0,43.0,16.0,37%,4.0,0.0,0.0,0.0,0.0,0.0,0.0,0.0,0.0,0,0,0,0,0,0,0,0,0,0,0,0,0.0,0.0
Keenan Appiah-Forson,0,0,0.0,0.0,0.0,0.0,0.0,0.0,0.0,0%,0.0,0.0,0.0,0.0,0.0,0.0,0.0,0.0,0.0,0.0,0.0,0.0,0.0,0.0,0.0,0,0.0,0.0,0.0,0%,0.0,0.0,0.0,0.0,0.0,0.0,0.0,0.0,0.0,0.0,0.0,0.0,0.0,0.0,0.0,0%,0.0,0.0,0.0,0.0,0.0,0.0,0.0,0.0,0.0,0,0,0,0,0,0,0,0,0,0,0,0,0.0,0.0
Oliver Arblaster,0,0,12.0,0.0,0.0,9.0,0.0,0.0,23.0,61%,0.0,0.0,15.0,8.0,1.0,0.0,52.0,61.0,47.0,17.0,9.0,15.0,0.0,0.0,0.0,428,35.67,1.0,7.0,0%,0.0,21.0,2.0,0.0,10.0,0.0,0.0,0.0,0.0,0.0,0.0,0.0,0.0,1.0,1.0,100%,0.0,0.0,0.0,0.0,0.0,0.0,0.0,0.0,0.0,0,0,0,0,0,0,0,0,0,0,0,0,0.0,0.0
Cameron Archer,https://www.instagram.com/cameronarcher9/,0,30.0,4.0,4.0,21.0,0.0,0.0,18.0,0,0.0,15.0,1.0,9.0,3.0,0.0,0.0,0.0,0.0,0.0,0.0,0.0,0.0,0.0,1.0,333,11.1,6.0,5.0,0,0.0,0.0,2.0,0.0,15.0,13.0,0.0,4.0,0.0,1.0,0.13,0.0,0.0,42.0,11.0,26%,6.0,0.0,0.0,0.0,0.0,0.0,0.0,0.0,0.0,0,0,0,0,0,0,0,0,0,0,0,0,0.0,0.0
Alphonse Areola,https://www.instagram.com/alphonseareola/,0,31.0,0.0,11.0,11.0,4.0,53.0,0.0,0,0.0,0.0,0.0,0.0,0.0,0.0,0.0,0.0,0.0,0.0,0.0,0.0,1.0,0.0,0.0,718,23.16,0.0,0,0,0.0,184.0,1.0,0.0,2.0,0.0,0.0,0.0,0.0,0.0,0.0,0.0,0.0,0.0,0.0,0,0.0,138.0,2.0,11.0,20.0,4.0,4.0,144.0,219.0,0,0,0,0,0,0,0,0,0,0,0,0,0.0,0.0
Benjamin Arthur,0,0,0.0,0.0,0.0,0.0,0.0,0.0,0.0,0%,0.0,0.0,0.0,0.0,0.0,0.0,0.0,0.0,0.0,0.0,0.0,0.0,0.0,0.0,0.0,0,0.0,0.0,0.0,0%,0.0,0.0,0.0,0.0,0.0,0.0,0.0,0.0,0.0,0.0,0.0,0.0,0.0,0.0,0.0,0,0.0,0.0,0.0,0.0,0.0,0.0,0.0,0.0,0.0,0,0,0,0,0,0,0,0,0,0,0,0,0.0,0.0
Harrison Ashby,0,0,0.0,0.0,0.0,0.0,0.0,0.0,0.0,0%,0.0,0.0,0.0,0.0,0.0,0.0,0.0,0.0,0.0,0.0,0.0,0.0,0.0,0.0,0.0,0,0.0,0.0,0.0,0%,0.0,0.0,0.0,0.0,0.0,0.0,0.0,0.0,0.0,0.0,0.0,0.0,0.0,0.0,0.0,0,0.0,0.0,0.0,0.0,0.0,0.0,0.0,0.0,0.0,0,0,0,0,0,0,0,0,0,0,0,0,0.0,0.0
Lorenz Assignon,0,0,15.0,1.0,2.0,8.0,0.0,30.0,35.0,49%,0.0,4.0,19.0,41.0,19.0,0.0,67.0,77.0,93.0,13.0,13.0,17.0,0.0,0.0,2.0,352,23.47,3.0,29.0,17%,0.0,3.0,3.0,1.0,33.0,1.0,0.0,1.0,0.0,0.0,0.0,0.0,0.0,0.0,0.0,0,0.0,0.0,0.0,0.0,0.0,0.0,0.0,0.0,0.0,0,0,0,0,0,0,0,0,0,0,0,0,0.0,0.0
Noël Atom,0,0,0.0,0.0,0.0,0.0,0.0,0.0,0.0,0%,0.0,0.0,0.0,0.0,0.0,0.0,0.0,0.0,0.0,0.0,0.0,0.0,0.0,0.0,0.0,0,0.0,0.0,0.0,0%,0.0,0.0,0.0,0.0,0.0,0.0,0.0,0.0,0.0,0.0,0.0,0.0,0.0,0.0,0.0,0,0.0,0.0,0.0,0.0,0.0,0.0,0.0,0.0,0.0,0,0,0,0,0,0,0,0,0,0,0,0,0.0,0.0
Pierre-Emerick Aubameyang,0,0,0.0,0.0,0.0,0.0,0.0,0.0,0.0,0,0.0,0.0,0.0,0.0,0.0,0.0,0.0,0.0,0.0,0.0,0.0,0.0,0.0,0.0,0.0,0,0.0,0.0,0.0,0,0.0,0.0,0.0,0.0,0.0,0.0,0.0,0.0,0.0,0.0,0.0,0.0,0.0,0.0,0.0,0%,0.0,0.0,0.0,0.0,0.0,0.0,0.0,0.0,0.0,0,0,0,0,0,0,0,0,0,0,0,0,0.0,0.0
Sèrge Aurier,0,0,12.0,0.0,3.0,6.0,0.0,15.0,20.0,70%,1.0,1.0,9.0,32.0,29.0,0.0,50.0,62.0,53.0,3.0,30.0,20.0,0.0,1.0,2.0,391,32.58,1.0,22.0,23%,1.0,9.0,2.0,0.0,8.0,0.0,0.0,0.0,0.0,0.0,0.0,0.0,0.0,0.0,0.0,0,0.0,0.0,0.0,0.0,0.0,0.0,0.0,0.0,0.0,0,0,0,0,0,0,0,0,0,0,0,0,0.0,0.0
Brandon Austin,0,0,0.0,0.0,0.0,0.0,0.0,0.0,0.0,0,0.0,0.0,0.0,0.0,0.0,0.0,0.0,0.0,0.0,0.0,0.0,0.0,0.0,0.0,0.0,0,0.0,0.0,0,0,0.0,0.0,0.0,0.0,0.0,0.0,0.0,0.0,0.0,0.0,0.0,0.0,0.0,0.0,0.0,0,0.0,0.0,0.0,0.0,0.0,0.0,0.0,0.0,0.0,0,0,0,0,0,0,0,0,0,0,0,0,0.0,0.0
Taiwo Awoniyi,0,0,20.0,6.0,6.0,11.0,0.0,0.0,9.0,0,0.0,3.0,1.0,9.0,9.0,0.0,0.0,0.0,0.0,0.0,0.0,0.0,0.0,0.0,3.0,172,8.6,2.0,1.0,0,0.0,0.0,2.0,0.0,9.0,13.0,1.0,3.0,2.0,0.0,0.3,0.0,0.0,22.0,11.0,50%,4.0,0.0,0.0,0.0,0.0,0.0,0.0,0.0,0.0,0,0,0,0,0,0,0,0,0,0,0,0,0.0,0.0
Yasin Ayari,0,0,0.0,0.0,0.0,0.0,0.0,0.0,0.0,0%,0.0,0.0,0.0,0.0,0.0,0.0,0.0,0.0,0.0,0.0,0.0,0.0,0.0,0.0,0.0,0,0.0,0.0,0.0,0%,0.0,0.0,0.0,0.0,0.0,0.0,0.0,0.0,0.0,0.0,0.0,0.0,0.0,0.0,0.0,0%,0.0,0.0,0.0,0.0,0.0,0.0,0.0,0.0,0.0,0,0,0,0,0,0,0,0,0,0,0,0,0.0,0.0
Jordan Ayew,https://twitter.com/jordan_ayew9?s=20,https://www.instagram.com/jordanayew9/?hl=en,35.0,4.0,12.0,14.0,0.0,0.0,65.0,0,0.0,12.0,16.0,13.0,5.0,0.0,0.0,0.0,0.0,0.0,0.0,0.0,0.0,0.0,7.0,811,23.17,7.0,97.0,0,0.0,0.0,7.0,1.0,46.0,7.0,1.0,3.0,0.0,1.0,0.11,0.0,0.0,48.0,20.0,42%,4.0,0.0,0.0,0.0,0.0,0.0,0.0,0.0,0.0,0,0,0,0,0,0,0,0,0,0,0,0,0.0,0.0
César Azpilicueta,0,0,0.0,0.0,0.0,0.0,0.0,0.0,0.0,0%,0.0,0.0,0.0,0.0,0.0,0.0,0.0,0.0,0.0,0.0,0.0,0.0,0.0,0.0,0.0,0,0.0,0.0,0.0,0%,0.0,0.0,0.0,0.0,0.0,0.0,0.0,0.0,0.0,0.0,0.0,0.0,0.0,0.0,0.0,0,0.0,0.0,0.0,0.0,0.0,0.0,0.0,0.0,0.0,0,0,0,0,0,0,0,0,0,0,0,0,0.0,0.0
Abdul Baba,0,0,0.0,0.0,0.0,0.0,0.0,0.0,0.0,0%,0.0,0.0,0.0,0.0,0.0,0.0,0.0,0.0,0.0,0.0,0.0,0.0,0.0,0.0,0.0,0,0.0,0.0,0.0,0%,0.0,0.0,0.0,0.0,0.0,0.0,0.0,0.0,0.0,0.0,0.0,0.0,0.0,0.0,0.0,0,0.0,0.0,0.0,0.0,0.0,0.0,0.0,0.0,0.0,0,0,0,0,0,0,0,0,0,0,0,0,0.0,0.0
Benoît Badiashile,https://www.instagram.com/benoit.badiashile/?hl=en,0,18.0,0.0,9.0,6.0,3.0,31.0,21.0,71%,0.0,2.0,18.0,65.0,37.0,1.0,82.0,55.0,48.0,0.0,28.0,22.0,1.0,1.0,1.0,"1,165",64.72,2.0,2.0,0%,1.0,36.0,3.0,0.0,17.0,1.0,0.0,0.0,0.0,0.0,0.0,0.0,0.0,0.0,0.0,0,0.0,0.0,0.0,0.0,0.0,0.0,0.0,0.0,0.0,0,0,0,0,0,0,0,0,0,0,0,0,0.0,0.0
Leon Bailey,https://twitter.com/leonbailey,https://www.instagram.com/leonbailey/,35.0,10.0,18.0,9.0,0.0,0.0,13.0,54%,0.0,16.0,9.0,4.0,1.0,0.0,107.0,110.0,156.0,57.0,15.0,24.0,0.0,0.0,9.0,701,20.03,12.0,75.0,23%,11.0,27.0,5.0,0.0,26.0,11.0,0.0,4.0,6.0,2.0,0.29,0.0,0.0,53.0,18.0,34%,1.0,0.0,0.0,0.0,0.0,0.0,0.0,0.0,0.0,0,0,0,0,0,0,0,0,0,0,0,0,0.0,0.0
Eric Bailly,0,0,0.0,0.0,0.0,0.0,0.0,0.0,0.0,0%,0.0,0.0,0.0,0.0,0.0,0.0,0.0,0.0,0.0,0.0,0.0,0.0,0.0,0.0,0.0,0,0.0,0.0,0.0,0%,0.0,0.0,0.0,0.0,0.0,0.0,0.0,0.0,0.0,0.0,0.0,0.0,0.0,0.0,0.0,0,0.0,0.0,0.0,0.0,0.0,0.0,0.0,0.0,0.0,0,0,0,0,0,0,0,0,0,0,0,0,0.0,0.0
Stefan Bajcetic,0,0,1.0,0.0,1.0,0.0,0.0,0.0,4.0,25%,0.0,0.0,0.0,0.0,0.0,0.0,2.0,6.0,3.0,0.0,0.0,0.0,0.0,0.0,0.0,10,10.0,0.0,0.0,0%,0.0,0.0,0.0,0.0,1.0,0.0,0.0,0.0,0.0,0.0,0.0,0.0,0.0,0.0,0.0,0%,0.0,0.0,0.0,0.0,0.0,0.0,0.0,0.0,0.0,0,0,0,0,0,0,0,0,0,0,0,0,0.0,0.0
Benicio Baker-Boaitey,0,0,5.0,0.0,1.0,2.0,0.0,0.0,0.0,0,0.0,1.0,0.0,1.0,1.0,0.0,0.0,0.0,0.0,0.0,0.0,0.0,0.0,0.0,0.0,19,3.8,0.0,0.0,0,0.0,0.0,1.0,0.0,2.0,1.0,0.0,0.0,0.0,0.0,0.0,0.0,0.0,1.0,0.0,0%,0.0,0.0,0.0,0.0,0.0,0.0,0.0,0.0,0.0,0,0,0,0,0,0,0,0,0,0,0,0,0.0,0.0
Ellery Balcombe,0,0,0.0,0.0,0.0,0.0,0.0,0.0,0.0,0,0.0,0.0,0.0,0.0,0.0,0.0,0.0,0.0,0.0,0.0,0.0,0.0,0.0,0.0,0.0,0,0.0,0.0,0,0,0.0,0.0,0.0,0.0,0.0,0.0,0.0,0.0,0.0,0.0,0.0,0.0,0.0,0.0,0.0,0,0.0,0.0,0.0,0.0,0.0,0.0,0.0,0.0,0.0,0,0,0,0,0,0,0,0,0,0,0,0,0.0,0.0
George Baldock,0,0,13.0,0.0,1.0,8.0,0.0,21.0,18.0,56%,0.0,0.0,10.0,30.0,16.0,0.0,44.0,51.0,54.0,6.0,15.0,13.0,0.0,0.0,1.0,319,24.54,1.0,18.0,22%,0.0,13.0,4.0,0.0,19.0,1.0,0.0,0.0,0.0,0.0,0.0,0.0,0.0,0.0,0.0,0,0.0,0.0,0.0,0.0,0.0,0.0,0.0,0.0,0.0,0,0,0,0,0,0,0,0,0,0,0,0,0.0,0.0
Carlos Baleba,0,0,27.0,0.0,7.0,12.0,0.0,0.0,40.0,50%,0.0,6.0,18.0,27.0,14.0,0.0,95.0,102.0,90.0,11.0,25.0,10.0,0.0,2.0,0.0,773,28.63,1.0,0.0,0%,0.0,18.0,7.0,0.0,40.0,0.0,0.0,0.0,0.0,0.0,0.0,0.0,0.0,21.0,5.0,24%,0.0,0.0,0.0,0.0,0.0,0.0,0.0,0.0,0.0,0,0,0,0,0,0,0,0,0,0,0,0,0.0,0.0
Emilio Ballard-Matthews,0,0,0.0,0.0,0.0,0.0,0.0,0.0,0.0,0,0.0,0.0,0.0,0.0,0.0,0.0,0.0,0.0,0.0,0.0,0.0,0.0,0.0,0.0,0.0,0,0.0,0.0,0.0,0,0.0,0.0,0.0,0.0,0.0,0.0,0.0,0.0,0.0,0.0,0.0,0.0,0.0,0.0,0.0,0%,0.0,0.0,0.0,0.0,0.0,0.0,0.0,0.0,0.0,0,0,0,0,0,0,0,0,0,0,0,0,0.0,0.0
Fodé Ballo-Touré,0,0,6.0,0.0,4.0,2.0,0.0,1.0,4.0,50%,0.0,0.0,3.0,2.0,0.0,0.0,6.0,9.0,9.0,3.0,0.0,2.0,0.0,0.0,0.0,55,9.17,0.0,4.0,0%,0.0,3.0,1.0,0.0,4.0,0.0,0.0,0.0,0.0,0.0,0.0,0.0,0.0,0.0,0.0,0,0.0,0.0,0.0,0.0,0.0,0.0,0.0,0.0,0.0,0,0,0,0,0,0,0,0,0,0,0,0,0.0,0.0
Kofi Balmer,0,0,0.0,0.0,0.0,0.0,0.0,0.0,0.0,0%,0.0,0.0,0.0,0.0,0.0,0.0,0.0,0.0,0.0,0.0,0.0,0.0,0.0,0.0,0.0,0,0.0,0.0,0.0,0%,0.0,0.0,0.0,0.0,0.0,0.0,0.0,0.0,0.0,0.0,0.0,0.0,0.0,0.0,0.0,0,0.0,0.0,0.0,0.0,0.0,0.0,0.0,0.0,0.0,0,0,0,0,0,0,0,0,0,0,0,0,0.0,0.0
Folarin Balogun,0,0,0.0,0.0,0.0,0.0,0.0,0.0,0.0,0,0.0,0.0,0.0,0.0,0.0,0.0,0.0,0.0,0.0,0.0,0.0,0.0,0.0,0.0,0.0,0,0.0,0.0,0.0,0,0.0,0.0,0.0,0.0,0.0,0.0,0.0,0.0,0.0,0.0,0.0,0.0,0.0,0.0,0.0,0%,0.0,0.0,0.0,0.0,0.0,0.0,0.0,0.0,0.0,0,0,0,0,0,0,0,0,0,0,0,0,0.0,0.0
Scott Banks,0,0,0.0,0.0,0.0,0.0,0.0,0.0,0.0,0%,0.0,0.0,0.0,0.0,0.0,0.0,0.0,0.0,0.0,0.0,0.0,0.0,0.0,0.0,0.0,0,0.0,0.0,0.0,0%,0.0,0.0,0.0,0.0,0.0,0.0,0.0,0.0,0.0,0.0,0.0,0.0,0.0,0.0,0.0,0%,0.0,0.0,0.0,0.0,0.0,0.0,0.0,0.0,0.0,0,0,0,0,0,0,0,0,0,0,0,0,0.0,0.0
Shandon Baptiste,0,0,10.0,1.0,3.0,6.0,0.0,0.0,4.0,100%,0.0,0.0,3.0,5.0,3.0,0.0,17.0,13.0,18.0,6.0,3.0,6.0,0.0,0.0,1.0,86,8.6,1.0,3.0,67%,0.0,4.0,1.0,0.0,3.0,0.0,0.0,1.0,0.0,0.0,0.1,0.0,0.0,2.0,2.0,100%,0.0,0.0,0.0,0.0,0.0,0.0,0.0,0.0,0.0,0,0,0,0,0,0,0,0,0,0,0,0,0.0,0.0
Valentín Barco,0,0,6.0,0.0,1.0,5.0,0.0,9.0,11.0,45%,0.0,2.0,4.0,2.0,0.0,0.0,16.0,24.0,23.0,5.0,1.0,7.0,0.0,1.0,0.0,187,31.17,0.0,30.0,10%,2.0,3.0,1.0,0.0,7.0,0.0,0.0,0.0,0.0,0.0,0.0,0.0,0.0,0.0,0.0,0,0.0,0.0,0.0,0.0,0.0,0.0,0.0,0.0,0.0,0,0,0,0,0,0,0,0,0,0,0,0,0.0,0.0
Ty Barnett,0,0,0.0,0.0,0.0,0.0,0.0,0.0,0.0,0,0.0,0.0,0.0,0.0,0.0,0.0,0.0,0.0,0.0,0.0,0.0,0.0,0.0,0.0,0.0,0,0.0,0.0,0.0,0,0.0,0.0,0.0,0.0,0.0,0.0,0.0,0.0,0.0,0.0,0.0,0.0,0.0,0.0,0.0,0%,0.0,0.0,0.0,0.0,0.0,0.0,0.0,0.0,0.0,0,0,0,0,0,0,0,0,0,0,0,0,0.0,0.0
Luca Barrington,0,0,0.0,0.0,0.0,0.0,0.0,0.0,0.0,0,0.0,0.0,0.0,0.0,0.0,0.0,0.0,0.0,0.0,0.0,0.0,0.0,0.0,0.0,0.0,0,0.0,0.0,0.0,0,0.0,0.0,0.0,0.0,0.0,0.0,0.0,0.0,0.0,0.0,0.0,0.0,0.0,0.0,0.0,0%,0.0,0.0,0.0,0.0,0.0,0.0,0.0,0.0,0.0,0,0,0,0,0,0,0,0,0,0,0,0,0.0,0.0
Chris Basham,0,0,8.0,0.0,0.0,7.0,0.0,6.0,7.0,29%,0.0,0.0,5.0,17.0,9.0,0.0,16.0,20.0,21.0,3.0,8.0,8.0,0.0,0.0,0.0,122,15.25,0.0,4.0,0%,0.0,4.0,1.0,0.0,3.0,2.0,0.0,0.0,0.0,0.0,0.0,0.0,0.0,0.0,0.0,0,0.0,0.0,0.0,0.0,0.0,0.0,0.0,0.0,0.0,0,0,0,0,0,0,0,0,0,0,0,0,0.0,0.0
Calvin Bassey,https://www.instagram.com/cbasseyy/?hl=en-gb,0,29.0,1.0,11.0,13.0,6.0,42.0,49.0,59%,1.0,1.0,28.0,80.0,37.0,0.0,171.0,101.0,57.0,11.0,30.0,25.0,0.0,1.0,0.0,"1,667",57.48,0.0,3.0,0%,0.0,83.0,4.0,1.0,15.0,2.0,0.0,1.0,0.0,1.0,0.0,0.0,0.0,0.0,0.0,0,0.0,0.0,0.0,0.0,0.0,0.0,0.0,0.0,0.0,0,0,0,0,0,0,0,0,0,0,0,0,0.0,0.0
Samuel Bastien,0,0,0.0,0.0,0.0,0.0,0.0,0.0,0.0,0%,0.0,0.0,0.0,0.0,0.0,0.0,0.0,0.0,0.0,0.0,0.0,0.0,0.0,0.0,0.0,0,0.0,0.0,0.0,0%,0.0,0.0,0.0,0.0,0.0,0.0,0.0,0.0,0.0,0.0,0.0,0.0,0.0,0.0,0.0,0%,0.0,0.0,0.0,0.0,0.0,0.0,0.0,0.0,0.0,0,0,0,0,0,0,0,0,0,0,0,0,0.0,0.0
Joe Bauress,0,0,0.0,0.0,0.0,0.0,0.0,0.0,0.0,0,0.0,0.0,0.0,0.0,0.0,0.0,0.0,0.0,0.0,0.0,0.0,0.0,0.0,0.0,0.0,0,0.0,0.0,0.0,0,0.0,0.0,0.0,0.0,0.0,0.0,0.0,0.0,0.0,0.0,0.0,0.0,0.0,0.0,0.0,0%,0.0,0.0,0.0,0.0,0.0,0.0,0.0,0.0,0.0,0,0,0,0,0,0,0,0,0,0,0,0,0.0,0.0
Nathan Baxter,0,0,0.0,0.0,0.0,0.0,0.0,0.0,0.0,0,0.0,0.0,0.0,0.0,0.0,0.0,0.0,0.0,0.0,0.0,0.0,0.0,0.0,0.0,0.0,0,0.0,0.0,0,0,0.0,0.0,0.0,0.0,0.0,0.0,0.0,0.0,0.0,0.0,0.0,0.0,0.0,0.0,0.0,0,0.0,0.0,0.0,0.0,0.0,0.0,0.0,0.0,0.0,0,0,0,0,0,0,0,0,0,0,0,0,0.0,0.0
Altay Bayindir,0,0,0.0,0.0,0.0,0.0,0.0,0.0,0.0,0,0.0,0.0,0.0,0.0,0.0,0.0,0.0,0.0,0.0,0.0,0.0,0.0,0.0,0.0,0.0,0,0.0,0.0,0,0,0.0,0.0,0.0,0.0,0.0,0.0,0.0,0.0,0.0,0.0,0.0,0.0,0.0,0.0,0.0,0,0.0,0.0,0.0,0.0,0.0,0.0,0.0,0.0,0.0,0,0,0,0,0,0,0,0,0,0,0,0,0.0,0.0
Eddie Beach,0,0,0.0,0.0,0.0,0.0,0.0,0.0,0.0,0,0.0,0.0,0.0,0.0,0.0,0.0,0.0,0.0,0.0,0.0,0.0,0.0,0.0,0.0,0.0,0,0.0,0.0,0,0,0.0,0.0,0.0,0.0,0.0,0.0,0.0,0.0,0.0,0.0,0.0,0.0,0.0,0.0,0.0,0,0.0,0.0,0.0,0.0,0.0,0.0,0.0,0.0,0.0,0,0,0,0,0,0,0,0,0,0,0,0,0.0,0.0
Mads Bech,0,0,0.0,0.0,0.0,0.0,0.0,0.0,0.0,0%,0.0,0.0,0.0,0.0,0.0,0.0,0.0,0.0,0.0,0.0,0.0,0.0,0.0,0.0,0.0,0,0.0,0.0,0.0,0%,0.0,0.0,0.0,0.0,0.0,0.0,0.0,0.0,0.0,0.0,0.0,0.0,0.0,0.0,0.0,0,0.0,0.0,0.0,0.0,0.0,0.0,0.0,0.0,0.0,0,0,0,0,0,0,0,0,0,0,0,0,0.0,0.0
Owen Beck,https://www.instagram.com/owenbeck02/,0,1.0,0.0,1.0,0.0,0.0,0.0,2.0,50%,0.0,0.0,0.0,0.0,0.0,0.0,0.0,2.0,1.0,0.0,0.0,0.0,0.0,0.0,0.0,4,4.0,0.0,0.0,0%,0.0,0.0,0.0,0.0,0.0,0.0,0.0,0.0,0.0,0.0,0.0,0.0,0.0,0.0,0.0,0,0.0,0.0,0.0,0.0,0.0,0.0,0.0,0.0,0.0,0,0,0,0,0,0,0,0,0,0,0,0,0.0,0.0
Amari'i Bell,0,0,21.0,0.0,5.0,13.0,1.0,41.0,50.0,66%,0.0,0.0,25.0,55.0,20.0,0.0,98.0,96.0,77.0,10.0,21.0,22.0,0.0,1.0,0.0,789,37.57,0.0,13.0,8%,2.0,29.0,0.0,0.0,22.0,0.0,0.0,0.0,0.0,0.0,0.0,0.0,0.0,0.0,0.0,0,0.0,0.0,0.0,0.0,0.0,0.0,0.0,0.0,0.0,0,0,0,0,0,0,0,0,0,0,0,0,0.0,0.0
Jimi Tauriainen,0,0,1.0,0.0,1.0,0.0,0.0,0.0,0.0,0%,0.0,0.0,0.0,0.0,0.0,0.0,0.0,0.0,0.0,0.0,0.0,0.0,0.0,0.0,0.0,0,0.0,0.0,0.0,0%,0.0,0.0,0.0,0.0,0.0,0.0,0.0,0.0,0.0,0.0,0.0,0.0,0.0,0.0,0.0,0%,0.0,0.0,0.0,0.0,0.0,0.0,0.0,0.0,0.0,0,0,0,0,0,0,0,0,0,0,0,0,0.0,0.0
Marcus Tavernier,https://twitter.com/_MarcusTavv,https://www.instagram.com/_tavv/,30.0,3.0,11.0,12.0,0.0,0.0,53.0,64%,0.0,16.0,5.0,19.0,8.0,0.0,142.0,132.0,169.0,44.0,13.0,31.0,0.0,0.0,4.0,760,25.33,7.0,116.0,21%,3.0,26.0,3.0,0.0,20.0,3.0,0.0,0.0,3.0,1.0,0.1,0.0,0.0,53.0,16.0,30%,3.0,0.0,0.0,0.0,0.0,0.0,0.0,0.0,0.0,0,0,0,0,0,0,0,0,0,0,0,0,0.0,0.0
Slobodan Tedic,0,0,0.0,0.0,0.0,0.0,0.0,0.0,0.0,0,0.0,0.0,0.0,0.0,0.0,0.0,0.0,0.0,0.0,0.0,0.0,0.0,0.0,0.0,0.0,0,0.0,0.0,0.0,0,0.0,0.0,0.0,0.0,0.0,0.0,0.0,0.0,0.0,0.0,0.0,0.0,0.0,0.0,0.0,0%,0.0,0.0,0.0,0.0,0.0,0.0,0.0,0.0,0.0,0,0,0,0,0,0,0,0,0,0,0,0,0.0,0.0
Nathan Tella,0,0,0.0,0.0,0.0,0.0,0.0,0.0,0.0,0%,0.0,0.0,0.0,0.0,0.0,0.0,0.0,0.0,0.0,0.0,0.0,0.0,0.0,0.0,0.0,0,0.0,0.0,0.0,0%,0.0,0.0,0.0,0.0,0.0,0.0,0.0,0.0,0.0,0.0,0.0,0.0,0.0,0.0,0.0,0%,0.0,0.0,0.0,0.0,0.0,0.0,0.0,0.0,0.0,0,0,0,0,0,0,0,0,0,0,0,0,0.0,0.0
Kenny Tete,0,0,14.0,1.0,4.0,7.0,2.0,21.0,27.0,63%,0.0,0.0,16.0,31.0,14.0,0.0,45.0,53.0,40.0,9.0,5.0,5.0,0.0,0.0,0.0,422,30.14,0.0,23.0,30%,1.0,15.0,2.0,0.0,16.0,0.0,0.0,1.0,0.0,1.0,0.0,0.0,0.0,0.0,0.0,0,0.0,0.0,0.0,0.0,0.0,0.0,0.0,0.0,0.0,0,0,0,0,0,0,0,0,0,0,0,0,0.0,0.0
Thiago Silva,0,0,31.0,3.0,15.0,10.0,6.0,45.0,29.0,52%,1.0,5.0,26.0,150.0,74.0,0.0,140.0,90.0,51.0,2.0,53.0,27.0,0.0,1.0,1.0,"2,279",73.52,3.0,4.0,25%,0.0,96.0,4.0,0.0,10.0,1.0,2.0,1.0,0.0,1.0,0.0,0.0,0.0,0.0,0.0,0,0.0,0.0,0.0,0.0,0.0,0.0,0.0,0.0,0.0,0,0,0,0,0,0,0,0,0,0,0,0,0.0,0.0
Bobby Thomas,0,0,0.0,0.0,0.0,0.0,0.0,0.0,0.0,0%,0.0,0.0,0.0,0.0,0.0,0.0,0.0,0.0,0.0,0.0,0.0,0.0,0.0,0.0,0.0,0,0.0,0.0,0.0,0%,0.0,0.0,0.0,0.0,0.0,0.0,0.0,0.0,0.0,0.0,0.0,0.0,0.0,0.0,0.0,0,0.0,0.0,0.0,0.0,0.0,0.0,0.0,0.0,0.0,0,0,0,0,0,0,0,0,0,0,0,0,0.0,0.0
Elliot Thorpe,0,0,0.0,0.0,0.0,0.0,0.0,0.0,0.0,0%,0.0,0.0,0.0,0.0,0.0,0.0,0.0,0.0,0.0,0.0,0.0,0.0,0.0,0.0,0.0,0,0.0,0.0,0.0,0%,0.0,0.0,0.0,0.0,0.0,0.0,0.0,0.0,0.0,0.0,0.0,0.0,0.0,0.0,0.0,0%,0.0,0.0,0.0,0.0,0.0,0.0,0.0,0.0,0.0,0,0,0,0,0,0,0,0,0,0,0,0,0.0,0.0
Youri Tielemans,https://www.facebook.com/TielemansOfficial/,https://www.instagram.com/youritielemans/,32.0,2.0,18.0,7.0,0.0,0.0,41.0,49%,0.0,5.0,15.0,8.0,4.0,0.0,97.0,98.0,86.0,15.0,13.0,9.0,0.0,0.0,6.0,907,28.34,5.0,31.0,6%,17.0,36.0,3.0,0.0,22.0,0.0,0.0,2.0,0.0,2.0,0.06,0.0,0.0,14.0,6.0,43%,1.0,0.0,0.0,0.0,0.0,0.0,0.0,0.0,0.0,0,0,0,0,0,0,0,0,0,0,0,0,0.0,0.0
Kieran Tierney,https://www.facebook.com/KieranTierneyOfficial,https://twitter.com/kierantierney1,0.0,0.0,0.0,0.0,0.0,0.0,0.0,0%,0.0,0.0,0.0,0.0,0.0,0.0,0.0,0.0,0.0,0.0,0.0,0.0,0.0,0.0,0.0,0,0.0,0.0,0.0,0%,0.0,0.0,0.0,0.0,0.0,0.0,0.0,0.0,0.0,0.0,0.0,0.0,0.0,0.0,0.0,0,0.0,0.0,0.0,0.0,0.0,0.0,0.0,0.0,0.0,0,0,0,0,0,0,0,0,0,0,0,0,0.0,0.0
Jurriën Timber,https://twitter.com/jurrientimber/with_replies,https://www.instagram.com/jurrientimber/?hl=en,2.0,0.0,2.0,0.0,0.0,0.0,2.0,100%,0.0,0.0,0.0,1.0,0.0,0.0,4.0,4.0,5.0,1.0,1.0,1.0,0.0,0.0,0.0,67,33.5,0.0,1.0,0%,0.0,1.0,2.0,0.0,3.0,1.0,0.0,0.0,0.0,0.0,0.0,0.0,0.0,0.0,0.0,0,0.0,0.0,0.0,0.0,0.0,0.0,0.0,0.0,0.0,0,0,0,0,0,0,0,0,0,0,0,0,0.0,0.0
Harry Toffolo,https://www.instagram.com/harry_toff/,0,23.0,1.0,5.0,12.0,1.0,29.0,26.0,54%,0.0,1.0,14.0,44.0,21.0,0.0,57.0,54.0,48.0,1.0,25.0,15.0,0.0,0.0,3.0,446,19.39,3.0,47.0,34%,0.0,17.0,3.0,0.0,17.0,0.0,1.0,0.0,0.0,0.0,0.0,0.0,0.0,0.0,0.0,0,0.0,0.0,0.0,0.0,0.0,0.0,0.0,0.0,0.0,0,0,0,0,0,0,0,0,0,0,0,0,0.0,0.0
Takehiro Tomiyasu,https://www.instagram.com/tomiyasu.t/,0,22.0,2.0,17.0,3.0,3.0,10.0,20.0,45%,0.0,6.0,18.0,30.0,16.0,0.0,54.0,57.0,50.0,4.0,26.0,20.0,0.0,0.0,1.0,608,27.64,0.0,14.0,36%,2.0,16.0,0.0,1.0,14.0,1.0,0.0,2.0,0.0,0.0,0.0,0.0,0.0,0.0,0.0,0,0.0,0.0,0.0,0.0,0.0,0.0,0.0,0.0,0.0,0,0,0,0,0,0,0,0,0,0,0,0,0.0,0.0
Sandro Tonali,https://www.instagram.com/sandrotonali/?hl=en,0,8.0,1.0,4.0,3.0,0.0,0.0,7.0,100%,0.0,1.0,2.0,4.0,2.0,0.0,20.0,17.0,19.0,3.0,1.0,0.0,0.0,0.0,0.0,267,33.38,0.0,11.0,36%,0.0,7.0,2.0,0.0,9.0,0.0,0.0,1.0,0.0,0.0,0.13,0.0,0.0,3.0,2.0,67%,1.0,0.0,0.0,0.0,0.0,0.0,0.0,0.0,0.0,0,0,0,0,0,0,0,0,0,0,0,0,0.0,0.0
Ivan Toney,https://twitter.com/ivantoney24,https://www.instagram.com/ivantoney1/,17.0,4.0,3.0,9.0,0.0,0.0,15.0,0,0.0,11.0,10.0,17.0,14.0,0.0,0.0,0.0,0.0,0.0,0.0,0.0,0.0,0.0,2.0,388,22.82,3.0,22.0,0,0.0,0.0,5.0,0.0,24.0,7.0,0.0,4.0,0.0,1.0,0.24,0.0,1.0,51.0,22.0,43%,11.0,0.0,0.0,0.0,0.0,0.0,0.0,0.0,0.0,0,0,0,0,0,0,0,0,0,0,0,0,0.0,0.0
Pau Torres,https://www.instagram.com/pauttorres/?hl=en,0,29.0,2.0,18.0,5.0,6.0,37.0,29.0,62%,0.0,3.0,14.0,74.0,30.0,2.0,127.0,79.0,76.0,17.0,23.0,22.0,0.0,0.0,0.0,"1,770",61.03,1.0,8.0,38%,1.0,85.0,1.0,0.0,18.0,2.0,1.0,0.0,1.0,0.0,0.0,0.0,0.0,0.0,0.0,0,0.0,0.0,0.0,0.0,0.0,0.0,0.0,0.0,0.0,0,0,0,0,0,0,0,0,0,0,0,0,0.0,0.0
Toti Gomes,https://www.instagram.com/toti_gomes23/,0,35.0,1.0,13.0,15.0,4.0,49.0,44.0,57%,0.0,2.0,26.0,87.0,41.0,3.0,136.0,136.0,91.0,23.0,56.0,32.0,0.0,0.0,3.0,"1,713",48.94,2.0,13.0,8%,1.0,46.0,7.0,0.0,38.0,2.0,1.0,0.0,0.0,0.0,0.0,0.0,0.0,0.0,0.0,0,0.0,0.0,0.0,0.0,0.0,0.0,0.0,0.0,0.0,0,0,0,0,0,0,0,0,0,0,0,0,0.0,0.0
James Trafford,0,0,28.0,0.0,3.0,20.0,2.0,62.0,0.0,0,0.0,0.0,0.0,0.0,0.0,0.0,0.0,0.0,0.0,0.0,0.0,0.0,0.0,1.0,0.0,"1,368",48.86,0.0,0,0,0.0,182.0,2.0,0.0,0.0,0.0,0.0,0.0,0.0,0.0,0.0,0.0,0.0,0.0,0.0,0,0.0,106.0,0.0,20.0,25.0,2.0,20.0,162.0,198.0,0,0,0,0,0,0,0,0,0,0,0,0,0.0,0.0
Bertrand Traoré,0,0,2.0,0.0,2.0,0.0,0.0,0.0,1.0,0,0.0,0.0,0.0,0.0,0.0,0.0,0.0,0.0,0.0,0.0,0.0,0.0,0.0,0.0,0.0,3,1.5,0.0,0.0,0,0.0,0.0,0.0,0.0,0.0,0.0,0.0,0.0,0.0,0.0,0.0,0.0,0.0,0.0,0.0,0%,0.0,0.0,0.0,0.0,0.0,0.0,0.0,0.0,0.0,0,0,0,0,0,0,0,0,0,0,0,0,0.0,0.0
Mark Travers,https://twitter.com/marktravers40,https://www.instagram.com/marktravers1,4.0,0.0,2.0,2.0,2.0,5.0,0.0,0,0.0,0.0,0.0,0.0,0.0,0.0,0.0,0.0,0.0,0.0,0.0,0.0,0.0,0.0,0.0,105,26.25,0.0,0,0,0.0,23.0,0.0,0.0,1.0,0.0,0.0,0.0,0.0,0.0,0.0,0.0,0.0,0.0,0.0,0,0.0,13.0,0.0,2.0,3.0,0.0,2.0,13.0,26.0,0,0,0,0,0,0,0,0,0,0,0,0,0.0,0.0
Mike Trésor,0,0,16.0,0.0,2.0,10.0,0.0,0.0,10.0,0,0.0,1.0,1.0,1.0,1.0,0.0,0.0,0.0,0.0,0.0,0.0,0.0,0.0,0.0,0.0,146,9.13,1.0,32.0,0,0.0,0.0,0.0,0.0,0.0,2.0,0.0,0.0,0.0,0.0,0.0,0.0,0.0,5.0,0.0,0%,1.0,0.0,0.0,0.0,0.0,0.0,0.0,0.0,0.0,0,0,0,0,0,0,0,0,0,0,0,0,0.0,0.0
Ryan Trevitt,0,0,0.0,0.0,0.0,0.0,0.0,0.0,0.0,0%,0.0,0.0,0.0,0.0,0.0,0.0,0.0,0.0,0.0,0.0,0.0,0.0,0.0,0.0,0.0,0,0.0,0.0,0.0,0%,0.0,0.0,0.0,0.0,0.0,0.0,0.0,0.0,0.0,0.0,0.0,0.0,0.0,0.0,0.0,0%,0.0,0.0,0.0,0.0,0.0,0.0,0.0,0.0,0.0,0,0,0,0,0,0,0,0,0,0,0,0,0.0,0.0
Leandro Trossard,https://www.facebook.com/LT14official/,https://twitter.com/ltrossard?lang=en,34.0,12.0,25.0,5.0,0.0,0.0,27.0,0,0.0,19.0,8.0,5.0,4.0,0.0,0.0,0.0,0.0,0.0,0.0,0.0,0.0,0.0,1.0,606,17.82,3.0,57.0,0,0.0,0.0,2.0,0.0,15.0,9.0,1.0,7.0,4.0,1.0,0.35,0.0,0.0,60.0,22.0,37%,7.0,0.0,0.0,0.0,0.0,0.0,0.0,0.0,0.0,0,0,0,0,0,0,0,0,0,0,0,0,0.0,0.0
Auston Trusty,0,0,32.0,0.0,2.0,24.0,1.0,81.0,47.0,64%,3.0,1.0,35.0,145.0,82.0,1.0,89.0,127.0,104.0,6.0,63.0,51.0,0.0,1.0,0.0,846,26.44,3.0,5.0,40%,0.0,38.0,4.0,0.0,23.0,3.0,0.0,0.0,0.0,1.0,0.0,0.0,0.0,0.0,0.0,0,0.0,0.0,0.0,0.0,0.0,0.0,0.0,0.0,0.0,0,0,0,0,0,0,0,0,0,0,0,0,0.0,0.0
Kostas Tsimikas,0,0,13.0,0.0,8.0,1.0,3.0,7.0,19.0,68%,0.0,1.0,6.0,9.0,4.0,0.0,43.0,33.0,44.0,4.0,4.0,14.0,0.0,0.0,3.0,360,27.69,2.0,72.0,26%,0.0,12.0,0.0,0.0,11.0,1.0,0.0,0.0,0.0,0.0,0.0,0.0,0.0,0.0,0.0,0,0.0,0.0,0.0,0.0,0.0,0.0,0.0,0.0,0.0,0,0,0,0,0,0,0,0,0,0,0,0,0.0,0.0
Matt Turner,https://twitter.com/headdturnerr,https://www.instagram.com/headdturnerr/,17.0,0.0,4.0,8.0,2.0,28.0,0.0,0,0.0,0.0,0.0,0.0,0.0,0.0,0.0,0.0,0.0,0.0,0.0,0.0,0.0,3.0,0.0,473,27.82,0.0,0,0,0.0,138.0,2.0,0.0,0.0,0.0,0.0,0.0,0.0,0.0,0.0,0.0,0.0,0.0,0.0,0,0.0,55.0,0.0,5.0,28.0,2.0,9.0,99.0,136.0,0,0,0,0,0,0,0,0,0,0,0,0,0.0,0.0
Jay Turner-Cooke,0,0,0.0,0.0,0.0,0.0,0.0,0.0,0.0,0%,0.0,0.0,0.0,0.0,0.0,0.0,0.0,0.0,0.0,0.0,0.0,0.0,0.0,0.0,0.0,0,0.0,0.0,0.0,0%,0.0,0.0,0.0,0.0,0.0,0.0,0.0,0.0,0.0,0.0,0.0,0.0,0.0,0.0,0.0,0%,0.0,0.0,0.0,0.0,0.0,0.0,0.0,0.0,0.0,0,0,0,0,0,0,0,0,0,0,0,0,0.0,0.0
Ed Turns,0,0,0.0,0.0,0.0,0.0,0.0,0.0,0.0,0%,0.0,0.0,0.0,0.0,0.0,0.0,0.0,0.0,0.0,0.0,0.0,0.0,0.0,0.0,0.0,0,0.0,0.0,0.0,0%,0.0,0.0,0.0,0.0,0.0,0.0,0.0,0.0,0.0,0.0,0.0,0.0,0.0,0.0,0.0,0,0.0,0.0,0.0,0.0,0.0,0.0,0.0,0.0,0.0,0,0,0,0,0,0,0,0,0,0,0,0,0.0,0.0
Scott Twine,0,0,0.0,0.0,0.0,0.0,0.0,0.0,0.0,0%,0.0,0.0,0.0,0.0,0.0,0.0,0.0,0.0,0.0,0.0,0.0,0.0,0.0,0.0,0.0,0,0.0,0.0,0.0,0%,0.0,0.0,0.0,0.0,0.0,0.0,0.0,0.0,0.0,0.0,0.0,0.0,0.0,0.0,0.0,0%,0.0,0.0,0.0,0.0,0.0,0.0,0.0,0.0,0.0,0,0,0,0,0,0,0,0,0,0,0,0,0.0,0.0
Destiny Udogie,0,0,28.0,2.0,16.0,6.0,2.0,40.0,68.0,49%,1.0,2.0,37.0,67.0,40.0,0.0,169.0,150.0,151.0,24.0,22.0,27.0,0.0,3.0,3.0,"1,214",43.36,3.0,22.0,5%,0.0,7.0,5.0,1.0,51.0,3.0,0.0,0.0,2.0,0.0,0.0,0.0,0.0,0.0,0.0,0,0.0,0.0,0.0,0.0,0.0,0.0,0.0,0.0,0.0,0,0,0,0,0,0,0,0,0,0,0,0,0.0,0.0
Lesley Ugochukwu,0,0,12.0,0.0,5.0,4.0,0.0,0.0,14.0,71%,0.0,0.0,1.0,5.0,3.0,0.0,12.0,28.0,15.0,3.0,9.0,2.0,0.0,0.0,0.0,183,15.25,0.0,0.0,0%,0.0,5.0,2.0,0.0,4.0,0.0,0.0,0.0,0.0,0.0,0.0,0.0,0.0,0.0,0.0,0%,0.0,0.0,0.0,0.0,0.0,0.0,0.0,0.0,0.0,0,0,0,0,0,0,0,0,0,0,0,0,0.0,0.0
Franco Umeh-Chibueze,0,0,0.0,0.0,0.0,0.0,0.0,0.0,0.0,0,0.0,0.0,0.0,0.0,0.0,0.0,0.0,0.0,0.0,0.0,0.0,0.0,0.0,0.0,0.0,0,0.0,0.0,0.0,0,0.0,0.0,0.0,0.0,0.0,0.0,0.0,0.0,0.0,0.0,0.0,0.0,0.0,0.0,0.0,0%,0.0,0.0,0.0,0.0,0.0,0.0,0.0,0.0,0.0,0,0,0,0,0,0,0,0,0,0,0,0,0.0,0.0
Enes Ünal,0,0,16.0,2.0,6.0,7.0,0.0,0.0,6.0,0,0.0,5.0,1.0,6.0,3.0,0.0,0.0,0.0,0.0,0.0,0.0,0.0,0.0,0.0,2.0,72,4.5,2.0,3.0,0,0.0,0.0,1.0,0.0,10.0,6.0,1.0,1.0,0.0,0.0,0.13,0.0,0.0,23.0,11.0,48%,6.0,0.0,0.0,0.0,0.0,0.0,0.0,0.0,0.0,0,0,0,0,0,0,0,0,0,0,0,0,0.0,0.0
Deniz Undav,https://www.instagram.com/deniz_un/,0,0.0,0.0,0.0,0.0,0.0,0.0,0.0,0,0.0,0.0,0.0,0.0,0.0,0.0,0.0,0.0,0.0,0.0,0.0,0.0,0.0,0.0,0.0,0,0.0,0.0,0.0,0,0.0,0.0,0.0,0.0,0.0,0.0,0.0,0.0,0.0,0.0,0.0,0.0,0.0,0.0,0.0,0%,0.0,0.0,0.0,0.0,0.0,0.0,0.0,0.0,0.0,0,0,0,0,0,0,0,0,0,0,0,0,0.0,0.0
Hákon Valdimarsson,0,0,0.0,0.0,0.0,0.0,0.0,0.0,0.0,0,0.0,0.0,0.0,0.0,0.0,0.0,0.0,0.0,0.0,0.0,0.0,0.0,0.0,0.0,0.0,0,0.0,0.0,0,0,0.0,0.0,0.0,0.0,0.0,0.0,0.0,0.0,0.0,0.0,0.0,0.0,0.0,0.0,0.0,0,0.0,0.0,0.0,0.0,0.0,0.0,0.0,0.0,0.0,0,0,0,0,0,0,0,0,0,0,0,0,0.0,0.0
Harvey Vale,0,0,0.0,0.0,0.0,0.0,0.0,0.0,0.0,0%,0.0,0.0,0.0,0.0,0.0,0.0,0.0,0.0,0.0,0.0,0.0,0.0,0.0,0.0,0.0,0,0.0,0.0,0.0,0%,0.0,0.0,0.0,0.0,0.0,0.0,0.0,0.0,0.0,0.0,0.0,0.0,0.0,0.0,0.0,0%,0.0,0.0,0.0,0.0,0.0,0.0,0.0,0.0,0.0,0,0,0,0,0,0,0,0,0,0,0,0,0.0,0.0
Joel Valencia,0,0,0.0,0.0,0.0,0.0,0.0,0.0,0.0,0,0.0,0.0,0.0,0.0,0.0,0.0,0.0,0.0,0.0,0.0,0.0,0.0,0.0,0.0,0.0,0,0.0,0.0,0.0,0,0.0,0.0,0.0,0.0,0.0,0.0,0.0,0.0,0.0,0.0,0.0,0.0,0.0,0.0,0.0,0%,0.0,0.0,0.0,0.0,0.0,0.0,0.0,0.0,0.0,0,0,0,0,0,0,0,0,0,0,0,0,0.0,0.0
Donny van de Beek,0,0,1.0,0.0,0.0,1.0,0.0,0.0,0.0,0%,0.0,0.0,0.0,0.0,0.0,0.0,0.0,0.0,0.0,0.0,0.0,0.0,0.0,0.0,0.0,1,1.0,0.0,0.0,0%,0.0,0.0,0.0,0.0,0.0,0.0,0.0,0.0,0.0,0.0,0.0,0.0,0.0,1.0,0.0,0%,0.0,0.0,0.0,0.0,0.0,0.0,0.0,0.0,0.0,0,0,0,0,0,0,0,0,0,0,0,0,0.0,0.0
Micky van de Ven,0,0,27.0,3.0,15.0,7.0,5.0,38.0,49.0,71%,4.0,1.0,18.0,71.0,34.0,1.0,144.0,119.0,84.0,15.0,38.0,41.0,0.0,0.0,0.0,"1,783",66.04,0.0,3.0,0%,0.0,41.0,5.0,0.0,13.0,1.0,0.0,0.0,3.0,0.0,0.0,0.0,0.0,0.0,0.0,0,0.0,0.0,0.0,0.0,0.0,0.0,0.0,0.0,0.0,0,0,0,0,0,0,0,0,0,0,0,0,0.0,0.0
Sepp van den Berg,https://www.instagram.com/seppvdberg_/?hl=en,0,0.0,0.0,0.0,0.0,0.0,0.0,0.0,0%,0.0,0.0,0.0,0.0,0.0,0.0,0.0,0.0,0.0,0.0,0.0,0.0,0.0,0.0,0.0,0,0.0,0.0,0.0,0%,0.0,0.0,0.0,0.0,0.0,0.0,0.0,0.0,0.0,0.0,0.0,0.0,0.0,0.0,0.0,0,0.0,0.0,0.0,0.0,0.0,0.0,0.0,0.0,0.0,0,0,0,0,0,0,0,0,0,0,0,0,0.0,0.0
Virgil van Dijk,https://twitter.com/VirgilvDijk,https://www.instagram.com/virgilvandijk/?hl=en,36.0,2.0,22.0,4.0,9.0,40.0,40.0,57%,3.0,10.0,39.0,142.0,68.0,1.0,170.0,195.0,63.0,2.0,140.0,32.0,0.0,0.0,2.0,"2,872",79.78,3.0,0.0,0%,0.0,156.0,3.0,1.0,23.0,1.0,1.0,1.0,0.0,2.0,0.0,0.0,0.0,0.0,0.0,0,0.0,0.0,0.0,0.0,0.0,0.0,0.0,0.0,0.0,0,0,0,0,0,0,0,0,0,0,0,0,0.0,0.0
Jan Paul van Hecke,https://www.instagram.com/jpvanhecke/,0,28.0,0.0,9.0,9.0,5.0,38.0,47.0,55%,1.0,4.0,30.0,74.0,42.0,0.0,130.0,135.0,71.0,5.0,66.0,34.0,0.0,1.0,0.0,"2,399",85.68,0.0,4.0,25%,3.0,88.0,4.0,0.0,14.0,0.0,0.0,0.0,0.0,1.0,0.0,0.0,0.0,0.0,0.0,0,0.0,0.0,0.0,0.0,0.0,0.0,0.0,0.0,0.0,0,0,0,0,0,0,0,0,0,0,0,0,0.0,0.0
Raphaël Varane,0,0,22.0,1.0,13.0,6.0,3.0,23.0,18.0,61%,1.0,2.0,15.0,86.0,42.0,0.0,67.0,43.0,20.0,1.0,21.0,5.0,0.0,0.0,0.0,774,35.18,0.0,0.0,0%,1.0,29.0,2.0,0.0,8.0,2.0,1.0,0.0,0.0,0.0,0.0,0.0,0.0,0.0,0.0,0,0.0,0.0,0.0,0.0,0.0,0.0,0.0,0.0,0.0,0,0,0,0,0,0,0,0,0,0,0,0,0.0,0.0
Alejo Véliz,0,0,8.0,1.0,5.0,3.0,0.0,0.0,1.0,0,0.0,1.0,0.0,0.0,0.0,0.0,0.0,0.0,0.0,0.0,0.0,0.0,0.0,0.0,0.0,10,1.25,0.0,0.0,0,0.0,0.0,1.0,0.0,0.0,3.0,0.0,1.0,0.0,0.0,0.13,0.0,0.0,2.0,1.0,50%,0.0,0.0,0.0,0.0,0.0,0.0,0.0,0.0,0.0,0,0,0,0,0,0,0,0,0,0,0,0,0.0,0.0
Joël Veltman,https://www.facebook.com/joelveltman1992,https://twitter.com/joel_veltman,27.0,1.0,9.0,10.0,2.0,32.0,54.0,76%,0.0,0.0,18.0,52.0,21.0,0.0,76.0,125.0,69.0,1.0,29.0,21.0,0.0,1.0,1.0,810,30.0,1.0,11.0,0%,2.0,30.0,4.0,0.0,17.0,1.0,0.0,1.0,0.0,0.0,0.0,0.0,0.0,0.0,0.0,0,0.0,0.0,0.0,0.0,0.0,0.0,0.0,0.0,0.0,0,0,0,0,0,0,0,0,0,0,0,0,0.0,0.0
Bart Verbruggen,https://www.instagram.com/bartverbruggen1/?hl=en,0,21.0,0.0,7.0,6.0,4.0,28.0,0.0,0,0.0,0.0,0.0,0.0,0.0,0.0,0.0,0.0,0.0,0.0,0.0,0.0,0.0,2.0,0.0,743,35.38,0.0,0,0,0.0,91.0,3.0,0.0,1.0,0.0,0.0,0.0,0.0,0.0,0.0,0.0,0.0,0.0,0.0,0,0.0,65.0,0.0,6.0,17.0,5.0,11.0,117.0,72.0,0,0,0,0,0,0,0,0,0,0,0,0,0.0,0.0
Guglielmo Vicario,https://www.instagram.com/guglielmovicario/?hl=en,0,38.0,0.0,20.0,12.0,7.0,61.0,0.0,0,0.0,0.0,0.0,0.0,0.0,0.0,0.0,0.0,0.0,0.0,0.0,0.0,0.0,0.0,0.0,"1,371",36.08,0.0,0,0,0.0,85.0,2.0,0.0,0.0,0.0,0.0,0.0,0.0,0.0,0.0,0.0,0.0,0.0,0.0,0,0.0,110.0,0.0,15.0,30.0,2.0,31.0,193.0,201.0,0,0,0,0,0,0,0,0,0,0,0,0,0.0,0.0
Lawrence Vigouroux,0,0,0.0,0.0,0.0,0.0,0.0,0.0,0.0,0,0.0,0.0,0.0,0.0,0.0,0.0,0.0,0.0,0.0,0.0,0.0,0.0,0.0,0.0,0.0,0,0.0,0.0,0,0,0.0,0.0,0.0,0.0,0.0,0.0,0.0,0.0,0.0,0.0,0.0,0.0,0.0,0.0,0.0,0,0.0,0.0,0.0,0.0,0.0,0.0,0.0,0.0,0.0,0,0,0,0,0,0,0,0,0,0,0,0,0.0,0.0
Matías Viña,0,0,0.0,0.0,0.0,0.0,0.0,0.0,0.0,0%,0.0,0.0,0.0,0.0,0.0,0.0,0.0,0.0,0.0,0.0,0.0,0.0,0.0,0.0,0.0,0,0.0,0.0,0.0,0%,0.0,0.0,0.0,0.0,0.0,0.0,0.0,0.0,0.0,0.0,0.0,0.0,0.0,0.0,0.0,0,0.0,0.0,0.0,0.0,0.0,0.0,0.0,0.0,0.0,0,0,0,0,0,0,0,0,0,0,0,0,0.0,0.0
Vinicius Souza,0,0,36.0,1.0,3.0,26.0,0.0,0.0,125.0,61%,0.0,4.0,32.0,75.0,49.0,0.0,153.0,220.0,152.0,17.0,67.0,41.0,0.0,0.0,0.0,979,27.19,0.0,10.0,20%,0.0,39.0,3.0,0.0,48.0,2.0,0.0,1.0,0.0,0.0,0.03,0.0,0.0,14.0,6.0,43%,0.0,0.0,0.0,0.0,0.0,0.0,0.0,0.0,0.0,0,0,0,0,0,0,0,0,0,0,0,0,0.0,0.0
Radek Vítek,0,0,0.0,0.0,0.0,0.0,0.0,0.0,0.0,0,0.0,0.0,0.0,0.0,0.0,0.0,0.0,0.0,0.0,0.0,0.0,0.0,0.0,0.0,0.0,0,0.0,0.0,0,0,0.0,0.0,0.0,0.0,0.0,0.0,0.0,0.0,0.0,0.0,0.0,0.0,0.0,0.0,0.0,0,0.0,0.0,0.0,0.0,0.0,0.0,0.0,0.0,0.0,0,0,0,0,0,0,0,0,0,0,0,0,0.0,0.0
Vitinho,0,0,32.0,0.0,4.0,20.0,2.0,44.0,64.0,53%,1.0,12.0,12.0,43.0,16.0,0.0,109.0,136.0,143.0,25.0,20.0,22.0,0.0,1.0,2.0,756,23.63,1.0,56.0,9%,4.0,26.0,1.0,0.0,27.0,6.0,0.0,0.0,0.0,0.0,0.0,0.0,0.0,0.0,0.0,0,0.0,0.0,0.0,0.0,0.0,0.0,0.0,0.0,0.0,0,0,0,0,0,0,0,0,0,0,0,0,0.0,0.0
Odysseas Vlachodimos,0,0,5.0,0.0,1.0,4.0,1.0,12.0,0.0,0,0.0,0.0,0.0,0.0,0.0,0.0,0.0,0.0,0.0,0.0,0.0,0.0,0.0,0.0,0.0,153,30.6,0.0,0,0,0.0,33.0,0.0,0.0,0.0,0.0,0.0,0.0,0.0,0.0,0.0,0.0,0.0,0.0,0.0,0,0.0,10.0,0.0,4.0,2.0,0.0,0.0,21.0,44.0,0,0,0,0,0,0,0,0,0,0,0,0,0.0,0.0
Nikola Vlasic,0,0,0.0,0.0,0.0,0.0,0.0,0.0,0.0,0%,0.0,0.0,0.0,0.0,0.0,0.0,0.0,0.0,0.0,0.0,0.0,0.0,0.0,0.0,0.0,0,0.0,0.0,0.0,0%,0.0,0.0,0.0,0.0,0.0,0.0,0.0,0.0,0.0,0.0,0.0,0.0,0.0,0.0,0.0,0%,0.0,0.0,0.0,0.0,0.0,0.0,0.0,0.0,0.0,0,0,0,0,0,0,0,0,0,0,0,0,0.0,0.0
Jack Wadham,0,0,0.0,0.0,0.0,0.0,0.0,0.0,0.0,0%,0.0,0.0,0.0,0.0,0.0,0.0,0.0,0.0,0.0,0.0,0.0,0.0,0.0,0.0,0.0,0,0.0,0.0,0.0,0%,0.0,0.0,0.0,0.0,0.0,0.0,0.0,0.0,0.0,0.0,0.0,0.0,0.0,0.0,0.0,0%,0.0,0.0,0.0,0.0,0.0,0.0,0.0,0.0,0.0,0,0,0,0,0,0,0,0,0,0,0,0,0.0,0.0
Ethan Wady,0,0,0.0,0.0,0.0,0.0,0.0,0.0,0.0,0,0.0,0.0,0.0,0.0,0.0,0.0,0.0,0.0,0.0,0.0,0.0,0.0,0.0,0.0,0.0,0,0.0,0.0,0,0,0.0,0.0,0.0,0.0,0.0,0.0,0.0,0.0,0.0,0.0,0.0,0.0,0.0,0.0,0.0,0,0.0,0.0,0.0,0.0,0.0,0.0,0.0,0.0,0.0,0,0,0,0,0,0,0,0,0,0,0,0,0.0,0.0
Reuell Walters,0,0,0.0,0.0,0.0,0.0,0.0,0.0,0.0,0%,0.0,0.0,0.0,0.0,0.0,0.0,0.0,0.0,0.0,0.0,0.0,0.0,0.0,0.0,0.0,0,0.0,0.0,0.0,0%,0.0,0.0,0.0,0.0,0.0,0.0,0.0,0.0,0.0,0.0,0.0,0.0,0.0,0.0,0.0,0,0.0,0.0,0.0,0.0,0.0,0.0,0.0,0.0,0.0,0,0,0,0,0,0,0,0,0,0,0,0,0.0,0.0
Jack Walton,0,0,0.0,0.0,0.0,0.0,0.0,0.0,0.0,0,0.0,0.0,0.0,0.0,0.0,0.0,0.0,0.0,0.0,0.0,0.0,0.0,0.0,0.0,0.0,0,0.0,0.0,0,0,0.0,0.0,0.0,0.0,0.0,0.0,0.0,0.0,0.0,0.0,0.0,0.0,0.0,0.0,0.0,0,0.0,0.0,0.0,0.0,0.0,0.0,0.0,0.0,0.0,0,0,0,0,0,0,0,0,0,0,0,0,0.0,0.0
Aaron Wan-Bissaka,https://www.facebook.com/awbissaka/,https://twitter.com/awbissaka,22.0,0.0,8.0,9.0,3.0,34.0,42.0,60%,1.0,2.0,41.0,54.0,22.0,0.0,94.0,89.0,61.0,17.0,21.0,19.0,0.0,0.0,2.0,832,37.82,1.0,14.0,29%,0.0,13.0,4.0,0.0,17.0,0.0,0.0,0.0,0.0,0.0,0.0,0.0,0.0,0.0,0.0,0,0.0,0.0,0.0,0.0,0.0,0.0,0.0,0.0,0.0,0,0,0,0,0,0,0,0,0,0,0,0,0.0,0.0
Lewis Warrington,0,0,1.0,0.0,1.0,0.0,0.0,0.0,0.0,0%,0.0,0.0,0.0,0.0,0.0,0.0,1.0,0.0,0.0,0.0,0.0,0.0,0.0,0.0,0.0,2,2.0,0.0,0.0,0%,0.0,0.0,0.0,0.0,0.0,0.0,0.0,0.0,0.0,0.0,0.0,0.0,0.0,0.0,0.0,0%,0.0,0.0,0.0,0.0,0.0,0.0,0.0,0.0,0.0,0,0,0,0,0,0,0,0,0,0,0,0,0.0,0.0
Ollie Watkins,https://www.instagram.com/olliewatkins/?hl=en,0,37.0,19.0,20.0,9.0,0.0,0.0,12.0,0,0.0,21.0,4.0,19.0,15.0,0.0,0.0,0.0,0.0,0.0,0.0,0.0,0.0,0.0,13.0,590,15.95,11.0,13.0,0,0.0,0.0,4.0,0.0,22.0,16.0,5.0,10.0,4.0,5.0,0.51,0.0,0.0,107.0,47.0,44%,22.0,0.0,0.0,0.0,0.0,0.0,0.0,0.0,0.0,0,0,0,0,0,0,0,0,0,0,0,0,0.0,0.0
Louie Watson,0,0,0.0,0.0,0.0,0.0,0.0,0.0,0.0,0%,0.0,0.0,0.0,0.0,0.0,0.0,0.0,0.0,0.0,0.0,0.0,0.0,0.0,0.0,0.0,0,0.0,0.0,0.0,0%,0.0,0.0,0.0,0.0,0.0,0.0,0.0,0.0,0.0,0.0,0.0,0.0,0.0,0.0,0.0,0%,0.0,0.0,0.0,0.0,0.0,0.0,0.0,0.0,0.0,0,0,0,0,0,0,0,0,0,0,0,0,0.0,0.0
Kelland Watts,0,0,0.0,0.0,0.0,0.0,0.0,0.0,0.0,0%,0.0,0.0,0.0,0.0,0.0,0.0,0.0,0.0,0.0,0.0,0.0,0.0,0.0,0.0,0.0,0,0.0,0.0,0.0,0%,0.0,0.0,0.0,0.0,0.0,0.0,0.0,0.0,0.0,0.0,0.0,0.0,0.0,0.0,0.0,0,0.0,0.0,0.0,0.0,0.0,0.0,0.0,0.0,0.0,0,0,0,0,0,0,0,0,0,0,0,0,0.0,0.0
Wout Weghorst,0,0,0.0,0.0,0.0,0.0,0.0,0.0,0.0,0,0.0,0.0,0.0,0.0,0.0,0.0,0.0,0.0,0.0,0.0,0.0,0.0,0.0,0.0,0.0,0,0.0,0.0,0.0,0,0.0,0.0,0.0,0.0,0.0,0.0,0.0,0.0,0.0,0.0,0.0,0.0,0.0,0.0,0.0,0%,0.0,0.0,0.0,0.0,0.0,0.0,0.0,0.0,0.0,0,0,0,0,0,0,0,0,0,0,0,0,0.0,0.0
Jensen Weir,0,0,0.0,0.0,0.0,0.0,0.0,0.0,0.0,0%,0.0,0.0,0.0,0.0,0.0,0.0,0.0,0.0,0.0,0.0,0.0,0.0,0.0,0.0,0.0,0,0.0,0.0,0.0,0%,0.0,0.0,0.0,0.0,0.0,0.0,0.0,0.0,0.0,0.0,0.0,0.0,0.0,0.0,0.0,0%,0.0,0.0,0.0,0.0,0.0,0.0,0.0,0.0,0.0,0,0,0,0,0,0,0,0,0,0,0,0,0.0,0.0
Reece Welch,0,0,0.0,0.0,0.0,0.0,0.0,0.0,0.0,0%,0.0,0.0,0.0,0.0,0.0,0.0,0.0,0.0,0.0,0.0,0.0,0.0,0.0,0.0,0.0,0,0.0,0.0,0.0,0%,0.0,0.0,0.0,0.0,0.0,0.0,0.0,0.0,0.0,0.0,0.0,0.0,0.0,0.0,0.0,0,0.0,0.0,0.0,0.0,0.0,0.0,0.0,0.0,0.0,0,0,0,0,0,0,0,0,0,0,0,0,0.0,0.0
Jack Wells-Morrison,0,0,0.0,0.0,0.0,0.0,0.0,0.0,0.0,0%,0.0,0.0,0.0,0.0,0.0,0.0,0.0,0.0,0.0,0.0,0.0,0.0,0.0,0.0,0.0,0,0.0,0.0,0.0,0%,0.0,0.0,0.0,0.0,0.0,0.0,0.0,0.0,0.0,0.0,0.0,0.0,0.0,0.0,0.0,0%,0.0,0.0,0.0,0.0,0.0,0.0,0.0,0.0,0.0,0,0,0,0,0,0,0,0,0,0,0,0,0.0,0.0
Timo Werner,https://www.facebook.com/TimoWerner,https://twitter.com/TimoWerner,13.0,2.0,6.0,4.0,0.0,0.0,7.0,0,0.0,11.0,3.0,1.0,0.0,0.0,0.0,0.0,0.0,0.0,0.0,0.0,0.0,0.0,3.0,323,24.85,3.0,28.0,0,0.0,0.0,1.0,0.0,3.0,12.0,0.0,2.0,0.0,1.0,0.15,0.0,0.0,29.0,7.0,24%,5.0,0.0,0.0,0.0,0.0,0.0,0.0,0.0,0.0,0,0,0,0,0,0,0,0,0,0,0,0,0.0,0.0
Wesley,0,0,0.0,0.0,0.0,0.0,0.0,0.0,0.0,0,0.0,0.0,0.0,0.0,0.0,0.0,0.0,0.0,0.0,0.0,0.0,0.0,0.0,0.0,0.0,0,0.0,0.0,0.0,0,0.0,0.0,0.0,0.0,0.0,0.0,0.0,0.0,0.0,0.0,0.0,0.0,0.0,0.0,0.0,0%,0.0,0.0,0.0,0.0,0.0,0.0,0.0,0.0,0.0,0,0,0,0,0,0,0,0,0,0,0,0,0.0,0.0
Adam Wharton,0,0,16.0,0.0,7.0,5.0,0.0,0.0,48.0,67%,0.0,3.0,20.0,24.0,8.0,0.0,76.0,79.0,66.0,3.0,8.0,12.0,0.0,1.0,3.0,563,35.19,5.0,25.0,32%,3.0,28.0,2.0,0.0,18.0,0.0,0.0,0.0,0.0,0.0,0.0,0.0,0.0,10.0,1.0,10%,0.0,0.0,0.0,0.0,0.0,0.0,0.0,0.0,0.0,0,0,0,0,0,0,0,0,0,0,0,0,0.0,0.0
Ethan Wheatley,0,0,3.0,0.0,1.0,2.0,0.0,0.0,1.0,0,0.0,0.0,2.0,0.0,0.0,0.0,0.0,0.0,0.0,0.0,0.0,0.0,0.0,0.0,0.0,0,0.0,0.0,0.0,0,0.0,0.0,0.0,0.0,3.0,0.0,0.0,0.0,0.0,0.0,0.0,0.0,0.0,0.0,0.0,0%,0.0,0.0,0.0,0.0,0.0,0.0,0.0,0.0,0.0,0,0,0,0,0,0,0,0,0,0,0,0,0.0,0.0
Ben White,https://twitter.com/ben6white,https://www.instagram.com/ben_white6/,37.0,4.0,27.0,5.0,13.0,26.0,48.0,58%,0.0,1.0,32.0,67.0,39.0,0.0,120.0,105.0,92.0,9.0,36.0,22.0,0.0,0.0,4.0,"1,911",51.65,7.0,57.0,23%,5.0,51.0,8.0,0.0,19.0,11.0,1.0,1.0,2.0,0.0,0.0,0.0,0.0,0.0,0.0,0,0.0,0.0,0.0,0.0,0.0,0.0,0.0,0.0,0.0,0,0,0,0,0,0,0,0,0,0,0,0,0.0,0.0
Alfie Whiteman,0,0,0.0,0.0,0.0,0.0,0.0,0.0,0.0,0,0.0,0.0,0.0,0.0,0.0,0.0,0.0,0.0,0.0,0.0,0.0,0.0,0.0,0.0,0.0,0,0.0,0.0,0,0,0.0,0.0,0.0,0.0,0.0,0.0,0.0,0.0,0.0,0.0,0.0,0.0,0.0,0.0,0.0,0,0.0,0.0,0.0,0.0,0.0,0.0,0.0,0.0,0.0,0,0,0,0,0,0,0,0,0,0,0,0,0.0,0.0
Matthew Whittingham,0,0,0.0,0.0,0.0,0.0,0.0,0.0,0.0,0%,0.0,0.0,0.0,0.0,0.0,0.0,0.0,0.0,0.0,0.0,0.0,0.0,0.0,0.0,0.0,0,0.0,0.0,0.0,0%,0.0,0.0,0.0,0.0,0.0,0.0,0.0,0.0,0.0,0.0,0.0,0.0,0.0,0.0,0.0,0%,0.0,0.0,0.0,0.0,0.0,0.0,0.0,0.0,0.0,0,0,0,0,0,0,0,0,0,0,0,0,0.0,0.0
Joe Whitworth,0,0,0.0,0.0,0.0,0.0,0.0,0.0,0.0,0,0.0,0.0,0.0,0.0,0.0,0.0,0.0,0.0,0.0,0.0,0.0,0.0,0.0,0.0,0.0,0,0.0,0.0,0,0,0.0,0.0,0.0,0.0,0.0,0.0,0.0,0.0,0.0,0.0,0.0,0.0,0.0,0.0,0.0,0,0.0,0.0,0.0,0.0,0.0,0.0,0.0,0.0,0.0,0,0,0,0,0,0,0,0,0,0,0,0,0.0,0.0
George Wickens,0,0,0.0,0.0,0.0,0.0,0.0,0.0,0.0,0,0.0,0.0,0.0,0.0,0.0,0.0,0.0,0.0,0.0,0.0,0.0,0.0,0.0,0.0,0.0,0,0.0,0.0,0,0,0.0,0.0,0.0,0.0,0.0,0.0,0.0,0.0,0.0,0.0,0.0,0.0,0.0,0.0,0.0,0,0.0,0.0,0.0,0.0,0.0,0.0,0.0,0.0,0.0,0,0,0,0,0,0,0,0,0,0,0,0,0.0,0.0
Dylan Williams,0,0,0.0,0.0,0.0,0.0,0.0,0.0,0.0,0%,0.0,0.0,0.0,0.0,0.0,0.0,0.0,0.0,0.0,0.0,0.0,0.0,0.0,0.0,0.0,0,0.0,0.0,0.0,0%,0.0,0.0,0.0,0.0,0.0,0.0,0.0,0.0,0.0,0.0,0.0,0.0,0.0,0.0,0.0,0,0.0,0.0,0.0,0.0,0.0,0.0,0.0,0.0,0.0,0,0,0,0,0,0,0,0,0,0,0,0,0.0,0.0
Willian,https://www.facebook.com/willianborges88/,https://twitter.com/willianborges88,31.0,4.0,11.0,13.0,0.0,0.0,18.0,0,0.0,17.0,9.0,10.0,7.0,0.0,0.0,0.0,0.0,0.0,0.0,0.0,0.0,0.0,2.0,"1,059",34.16,6.0,75.0,0,0.0,0.0,1.0,0.0,9.0,1.0,0.0,4.0,0.0,0.0,0.13,2.0,0.0,45.0,18.0,40%,3.0,0.0,0.0,0.0,0.0,0.0,0.0,0.0,0.0,0,0,0,0,0,0,0,0,0,0,0,0,0.0,0.0
Joe Willock,https://twitter.com/Joewillock,https://www.instagram.com/joewillock/,9.0,1.0,4.0,3.0,0.0,0.0,13.0,54%,0.0,1.0,1.0,1.0,1.0,0.0,26.0,24.0,28.0,7.0,1.0,1.0,0.0,0.0,0.0,153,17.0,0.0,6.0,17%,1.0,9.0,0.0,0.0,3.0,1.0,1.0,0.0,0.0,0.0,0.11,0.0,0.0,7.0,4.0,57%,1.0,0.0,0.0,0.0,0.0,0.0,0.0,0.0,0.0,0,0,0,0,0,0,0,0,0,0,0,0,0.0,0.0
Josh Wilson-Esbrand,0,0,0.0,0.0,0.0,0.0,0.0,0.0,0.0,0%,0.0,0.0,0.0,0.0,0.0,0.0,0.0,0.0,0.0,0.0,0.0,0.0,0.0,0.0,0.0,0,0.0,0.0,0.0,0%,0.0,0.0,0.0,0.0,0.0,0.0,0.0,0.0,0.0,0.0,0.0,0.0,0.0,0.0,0.0,0,0.0,0.0,0.0,0.0,0.0,0.0,0.0,0.0,0.0,0,0,0,0,0,0,0,0,0,0,0,0,0.0,0.0
Yoane Wissa,https://www.instagram.com/yowissa/,0,34.0,12.0,8.0,17.0,0.0,0.0,28.0,57%,0.0,15.0,9.0,13.0,12.0,0.0,99.0,137.0,141.0,20.0,38.0,49.0,0.0,0.0,3.0,440,12.94,7.0,21.0,24%,3.0,12.0,7.0,0.0,38.0,20.0,0.0,8.0,4.0,2.0,0.35,0.0,0.0,67.0,26.0,39%,12.0,0.0,0.0,0.0,0.0,0.0,0.0,0.0,0.0,0,0,0,0,0,0,0,0,0,0,0,0,0.0,0.0
Cauley Woodrow,0,0,24.0,1.0,3.0,15.0,0.0,0.0,16.0,0,0.0,5.0,1.0,13.0,9.0,0.0,0.0,0.0,0.0,0.0,0.0,0.0,0.0,0.0,1.0,139,5.79,2.0,10.0,0,0.0,0.0,2.0,0.0,8.0,2.0,1.0,0.0,0.0,1.0,0.04,0.0,0.0,16.0,4.0,25%,0.0,0.0,0.0,0.0,0.0,0.0,0.0,0.0,0.0,0,0,0,0,0,0,0,0,0,0,0,0,0.0,0.0
Tom Wooster,0,0,0.0,0.0,0.0,0.0,0.0,0.0,0.0,0,0.0,0.0,0.0,0.0,0.0,0.0,0.0,0.0,0.0,0.0,0.0,0.0,0.0,0.0,0.0,0,0.0,0.0,0,0,0.0,0.0,0.0,0.0,0.0,0.0,0.0,0.0,0.0,0.0,0.0,0.0,0.0,0.0,0.0,0,0.0,0.0,0.0,0.0,0.0,0.0,0.0,0.0,0.0,0,0,0,0,0,0,0,0,0,0,0,0,0.0,0.0
Joe Worrall,https://www.instagram.com/_worrall/,0,7.0,0.0,3.0,2.0,1.0,8.0,7.0,71%,0.0,0.0,3.0,31.0,16.0,0.0,18.0,21.0,16.0,0.0,12.0,10.0,0.0,0.0,0.0,161,23.0,0.0,0.0,0%,0.0,12.0,0.0,1.0,3.0,0.0,0.0,0.0,0.0,0.0,0.0,0.0,0.0,0.0,0.0,0,0.0,0.0,0.0,0.0,0.0,0.0,0.0,0.0,0.0,0,0,0,0,0,0,0,0,0,0,0,0,0.0,0.0
James Wright,0,0,0.0,0.0,0.0,0.0,0.0,0.0,0.0,0,0.0,0.0,0.0,0.0,0.0,0.0,0.0,0.0,0.0,0.0,0.0,0.0,0.0,0.0,0.0,0,0.0,0.0,0,0,0.0,0.0,0.0,0.0,0.0,0.0,0.0,0.0,0.0,0.0,0.0,0.0,0.0,0.0,0.0,0,0.0,0.0,0.0,0.0,0.0,0.0,0.0,0.0,0.0,0,0,0,0,0,0,0,0,0,0,0,0,0.0,0.0
Granit Xhaka,0,0,0.0,0.0,0.0,0.0,0.0,0.0,0.0,0%,0.0,0.0,0.0,0.0,0.0,0.0,0.0,0.0,0.0,0.0,0.0,0.0,0.0,0.0,0.0,0,0.0,0.0,0.0,0%,0.0,0.0,0.0,0.0,0.0,0.0,0.0,0.0,0.0,0.0,0.0,0.0,0.0,0.0,0.0,0%,0.0,0.0,0.0,0.0,0.0,0.0,0.0,0.0,0.0,0,0,0,0,0,0,0,0,0,0,0,0,0.0,0.0
Yan Couto,0,0,0.0,0.0,0.0,0.0,0.0,0.0,0.0,0%,0.0,0.0,0.0,0.0,0.0,0.0,0.0,0.0,0.0,0.0,0.0,0.0,0.0,0.0,0.0,0,0.0,0.0,0.0,0%,0.0,0.0,0.0,0.0,0.0,0.0,0.0,0.0,0.0,0.0,0.0,0.0,0.0,0.0,0.0,0,0.0,0.0,0.0,0.0,0.0,0.0,0.0,0.0,0.0,0,0,0,0,0,0,0,0,0,0,0,0,0.0,0.0
Yehor Yarmoliuk,0,0,27.0,0.0,9.0,13.0,0.0,0.0,17.0,65%,0.0,3.0,6.0,5.0,2.0,0.0,50.0,49.0,47.0,17.0,9.0,10.0,0.0,0.0,0.0,282,10.44,0.0,14.0,7%,0.0,9.0,2.0,0.0,12.0,1.0,0.0,0.0,0.0,0.0,0.0,0.0,0.0,11.0,5.0,45%,2.0,0.0,0.0,0.0,0.0,0.0,0.0,0.0,0.0,0,0,0,0,0,0,0,0,0,0,0,0,0.0,0.0
Ryan Yates,https://www.instagram.com/ryanyates97/,0,35.0,1.0,9.0,18.0,0.0,0.0,66.0,59%,0.0,11.0,21.0,39.0,11.0,0.0,110.0,168.0,119.0,4.0,43.0,38.0,0.0,0.0,1.0,817,23.34,2.0,6.0,17%,2.0,29.0,6.0,0.0,54.0,2.0,0.0,1.0,0.0,1.0,0.03,0.0,0.0,32.0,7.0,22%,2.0,0.0,0.0,0.0,0.0,0.0,0.0,0.0,0.0,0,0,0,0,0,0,0,0,0,0,0,0,0.0,0.0
Nathan Young-Coombes,0,0,0.0,0.0,0.0,0.0,0.0,0.0,0.0,0,0.0,0.0,0.0,0.0,0.0,0.0,0.0,0.0,0.0,0.0,0.0,0.0,0.0,0.0,0.0,0,0.0,0.0,0.0,0,0.0,0.0,0.0,0.0,0.0,0.0,0.0,0.0,0.0,0.0,0.0,0.0,0.0,0.0,0.0,0%,0.0,0.0,0.0,0.0,0.0,0.0,0.0,0.0,0.0,0,0,0,0,0,0,0,0,0,0,0,0,0.0,0.0
Youssef Chermiti,0,0,18.0,0.0,7.0,8.0,0.0,0.0,3.0,0,0.0,2.0,1.0,2.0,1.0,0.0,0.0,0.0,0.0,0.0,0.0,0.0,0.0,0.0,0.0,58,3.22,2.0,0.0,0,0.0,0.0,3.0,0.0,11.0,6.0,0.0,0.0,0.0,0.0,0.0,0.0,0.0,7.0,2.0,29%,1.0,0.0,0.0,0.0,0.0,0.0,0.0,0.0,0.0,0,0,0,0,0,0,0,0,0,0,0,0,0.0,0.0
Illia Zabarnyi,0,0,37.0,1.0,12.0,16.0,8.0,67.0,59.0,54%,1.0,2.0,33.0,138.0,61.0,0.0,153.0,167.0,115.0,9.0,77.0,61.0,0.0,1.0,0.0,"1,802",48.7,0.0,1.0,0%,2.0,131.0,5.0,0.0,24.0,0.0,1.0,0.0,0.0,0.0,0.0,0.0,0.0,0.0,0.0,0,0.0,0.0,0.0,0.0,0.0,0.0,0.0,0.0,0.0,0,0,0,0,0,0,0,0,0,0,0,0,0.0,0.0
Denis Zakaria,0,0,0.0,0.0,0.0,0.0,0.0,0.0,0.0,0%,0.0,0.0,0.0,0.0,0.0,0.0,0.0,0.0,0.0,0.0,0.0,0.0,0.0,0.0,0.0,0,0.0,0.0,0.0,0%,0.0,0.0,0.0,0.0,0.0,0.0,0.0,0.0,0.0,0.0,0.0,0.0,0.0,0.0,0.0,0%,0.0,0.0,0.0,0.0,0.0,0.0,0.0,0.0,0.0,0,0,0,0,0,0,0,0,0,0,0,0,0.0,0.0
Nicolò Zaniolo,0,0,25.0,2.0,11.0,7.0,0.0,0.0,19.0,47%,0.0,10.0,1.0,11.0,8.0,0.0,36.0,60.0,112.0,13.0,7.0,14.0,0.0,0.0,0.0,208,8.32,0.0,18.0,0%,0.0,3.0,7.0,0.0,24.0,0.0,1.0,0.0,1.0,0.0,0.08,0.0,0.0,27.0,10.0,37%,3.0,0.0,0.0,0.0,0.0,0.0,0.0,0.0,0.0,0,0,0,0,0,0,0,0,0,0,0,0,0.0,0.0
Zanka,https://twitter.com/mzanka,https://www.instagram.com/mzanka/,14.0,1.0,1.0,8.0,2.0,24.0,17.0,71%,0.0,2.0,12.0,38.0,22.0,1.0,67.0,52.0,44.0,3.0,27.0,23.0,0.0,0.0,0.0,521,37.21,2.0,8.0,13%,1.0,26.0,4.0,0.0,11.0,3.0,0.0,0.0,1.0,1.0,0.0,0.0,0.0,0.0,0.0,0,0.0,0.0,0.0,0.0,0.0,0.0,0.0,0.0,0.0,0,0,0,0,0,0,0,0,0,0,0,0,0.0,0.0
Anass Zaroury,0,0,6.0,0.0,0.0,5.0,0.0,0.0,1.0,0,0.0,1.0,0.0,1.0,0.0,0.0,0.0,0.0,0.0,0.0,0.0,0.0,0.0,0.0,0.0,59,9.83,0.0,11.0,0,0.0,0.0,0.0,1.0,4.0,0.0,0.0,0.0,0.0,0.0,0.0,0.0,0.0,3.0,1.0,33%,0.0,0.0,0.0,0.0,0.0,0.0,0.0,0.0,0.0,0,0,0,0,0,0,0,0,0,0,0,0,0.0,0.0
Jordan Zemura,0,0,0.0,0.0,0.0,0.0,0.0,0.0,0.0,0%,0.0,0.0,0.0,0.0,0.0,0.0,0.0,0.0,0.0,0.0,0.0,0.0,0.0,0.0,0.0,0,0.0,0.0,0.0,0%,0.0,0.0,0.0,0.0,0.0,0.0,0.0,0.0,0.0,0.0,0.0,0.0,0.0,0.0,0.0,0,0.0,0.0,0.0,0.0,0.0,0.0,0.0,0.0,0.0,0,0,0,0,0,0,0,0,0,0,0,0,0.0,0.0
Andi Zeqiri,0,0,0.0,0.0,0.0,0.0,0.0,0.0,0.0,0,0.0,0.0,0.0,0.0,0.0,0.0,0.0,0.0,0.0,0.0,0.0,0.0,0.0,0.0,0.0,0,0.0,0.0,0.0,0,0.0,0.0,0.0,0.0,0.0,0.0,0.0,0.0,0.0,0.0,0.0,0.0,0.0,0.0,0.0,0%,0.0,0.0,0.0,0.0,0.0,0.0,0.0,0.0,0.0,0,0,0,0,0,0,0,0,0,0,0,0,0.0,0.0
Zidane Iqbal,0,0,0.0,0.0,0.0,0.0,0.0,0.0,0.0,0%,0.0,0.0,0.0,0.0,0.0,0.0,0.0,0.0,0.0,0.0,0.0,0.0,0.0,0.0,0.0,0,0.0,0.0,0.0,0%,0.0,0.0,0.0,0.0,0.0,0.0,0.0,0.0,0.0,0.0,0.0,0.0,0.0,0.0,0.0,0%,0.0,0.0,0.0,0.0,0.0,0.0,0.0,0.0,0.0,0,0,0,0,0,0,0,0,0,0,0,0,0.0,0.0
Oleksandr Zinchenko,https://www.instagram.com/zinchenko_96/?hl=en,0,27.0,1.0,19.0,4.0,3.0,15.0,50.0,60%,0.0,10.0,20.0,22.0,10.0,1.0,104.0,93.0,60.0,7.0,27.0,16.0,0.0,1.0,2.0,"1,411",52.26,5.0,30.0,17%,11.0,53.0,2.0,0.0,7.0,1.0,0.0,0.0,1.0,0.0,0.0,0.0,0.0,0.0,0.0,0,0.0,0.0,0.0,0.0,0.0,0.0,0.0,0.0,0.0,0,0,0,0,0,0,0,0,0,0,0,0,0.0,0.0
Hakim Ziyech,0,0,0.0,0.0,0.0,0.0,0.0,0.0,0.0,0%,0.0,0.0,0.0,0.0,0.0,0.0,0.0,0.0,0.0,0.0,0.0,0.0,0.0,0.0,0.0,0,0.0,0.0,0.0,0%,0.0,0.0,0.0,0.0,0.0,0.0,0.0,0.0,0.0,0.0,0.0,0.0,0.0,0.0,0.0,0%,0.0,0.0,0.0,0.0,0.0,0.0,0.0,0.0,0.0,0,0,0,0,0,0,0,0,0,0,0,0,0.0,0.0
Kurt Zouma,https://www.facebook.com/KurtZouma/,https://twitter.com/KurtZouma,33.0,3.0,13.0,13.0,3.0,63.0,23.0,74%,1.0,4.0,29.0,158.0,73.0,0.0,95.0,89.0,76.0,2.0,58.0,43.0,0.0,0.0,0.0,"1,143",34.64,0.0,0.0,0%,1.0,69.0,3.0,0.0,24.0,0.0,3.0,0.0,0.0,0.0,0.0,0.0,0.0,0.0,0.0,0,0.0,0.0,0.0,0.0,0.0,0.0,0.0,0.0,0.0,0,0,0,0,0,0,0,0,0,0,0,0,0.0,0.0
Oliwier Zych,0,0,0.0,0.0,0.0,0.0,0.0,0.0,0.0,0,0.0,0.0,0.0,0.0,0.0,0.0,0.0,0.0,0.0,0.0,0.0,0.0,0.0,0.0,0.0,0,0.0,0.0,0,0,0.0,0.0,0.0,0.0,0.0,0.0,0.0,0.0,0.0,0.0,0.0,0.0,0.0,0.0,0.0,0,0.0,0.0,0.0,0.0,0.0,0.0,0.0,0.0,0.0,0,0,0,0,0,0,0,0,0,0,0,0,0.0,0.0
Martin Ødegaard,https://www.instagram.com/odegaard.98/,0,35.0,8.0,26.0,4.0,0.0,0.0,49.0,35%,0.0,30.0,15.0,5.0,3.0,0.0,158.0,125.0,176.0,37.0,3.0,9.0,0.0,0.0,10.0,"1,900",54.29,17.0,77.0,39%,39.0,45.0,2.0,0.0,30.0,3.0,0.0,0.0,8.0,0.0,0.23,2.0,0.0,77.0,23.0,30%,4.0,0.0,0.0,0.0,0.0,0.0,0.0,0.0,0.0,0,0,0,0,0,0,0,0,0,0,0,0,0.0,0.0
Jean-Ricner Bellegarde,0,0,22.0,2.0,8.0,11.0,0.0,0.0,17.0,59%,0.0,5.0,8.0,13.0,6.0,0.0,41.0,66.0,78.0,17.0,8.0,27.0,0.0,0.0,1.0,281,12.77,1.0,30.0,10%,1.0,5.0,0.0,1.0,10.0,2.0,0.0,2.0,0.0,0.0,0.09,0.0,0.0,15.0,5.0,33%,0.0,0.0,0.0,0.0,0.0,0.0,0.0,0.0,0.0,0,0,0,0,0,0,0,0,0,0,0,0,0.0,0.0
Anis Ben Slimane,0,0,15.0,0.0,1.0,12.0,0.0,0.0,11.0,55%,0.0,2.0,5.0,7.0,3.0,0.0,35.0,26.0,56.0,2.0,7.0,18.0,0.0,0.0,0.0,136,9.07,0.0,0.0,0%,1.0,2.0,2.0,0.0,7.0,2.0,0.0,0.0,0.0,0.0,0.0,0.0,0.0,8.0,3.0,38%,2.0,0.0,0.0,0.0,0.0,0.0,0.0,0.0,0.0,0,0,0,0,0,0,0,0,0,0,0,0,0.0,0.0
Steven Benda,0,0,0.0,0.0,0.0,0.0,0.0,0.0,0.0,0,0.0,0.0,0.0,0.0,0.0,0.0,0.0,0.0,0.0,0.0,0.0,0.0,0.0,0.0,0.0,0,0.0,0.0,0,0,0.0,0.0,0.0,0.0,0.0,0.0,0.0,0.0,0.0,0.0,0.0,0.0,0.0,0.0,0.0,0,0.0,0.0,0.0,0.0,0.0,0.0,0.0,0.0,0.0,0,0,0,0,0,0,0,0,0,0,0,0,0.0,0.0
Rhys Bennett,0,0,0.0,0.0,0.0,0.0,0.0,0.0,0.0,0%,0.0,0.0,0.0,0.0,0.0,0.0,0.0,0.0,0.0,0.0,0.0,0.0,0.0,0.0,0.0,0,0.0,0.0,0.0,0%,0.0,0.0,0.0,0.0,0.0,0.0,0.0,0.0,0.0,0.0,0.0,0.0,0.0,0.0,0.0,0,0.0,0.0,0.0,0.0,0.0,0.0,0.0,0.0,0.0,0,0,0,0,0,0,0,0,0,0,0,0,0.0,0.0
Saïd Benrahma,0,0,13.0,0.0,6.0,4.0,0.0,0.0,8.0,0,0.0,4.0,5.0,5.0,2.0,0.0,0.0,0.0,0.0,0.0,0.0,0.0,0.0,0.0,1.0,238,18.31,2.0,17.0,0,0.0,0.0,1.0,0.0,5.0,1.0,0.0,0.0,0.0,0.0,0.0,0.0,0.0,19.0,6.0,32%,2.0,0.0,0.0,0.0,0.0,0.0,0.0,0.0,0.0,0,0,0,0,0,0,0,0,0,0,0,0,0.0,0.0
Rodrigo Bentancur,https://www.instagram.com/rodrigo_bentancur/,0,23.0,1.0,10.0,10.0,0.0,0.0,23.0,65%,0.0,5.0,17.0,16.0,9.0,0.0,54.0,65.0,83.0,11.0,14.0,22.0,0.0,0.0,1.0,787,34.22,0.0,9.0,11%,4.0,20.0,7.0,0.0,20.0,0.0,0.0,0.0,1.0,1.0,0.04,0.0,0.0,18.0,5.0,28%,1.0,0.0,0.0,0.0,0.0,0.0,0.0,0.0,0.0,0,0,0,0,0,0,0,0,0,0,0,0,0.0,0.0
Dan Bentley,0,0,5.0,0.0,1.0,4.0,1.0,7.0,0.0,0,0.0,0.0,0.0,0.0,0.0,0.0,0.0,0.0,0.0,0.0,0.0,0.0,0.0,0.0,0.0,135,27.0,0.0,0,0,0.0,23.0,0.0,0.0,0.0,0.0,0.0,0.0,0.0,0.0,0.0,0.0,0.0,0.0,0.0,0,0.0,8.0,0.0,2.0,0.0,0.0,1.0,9.0,33.0,0,0,0,0,0,0,0,0,0,0,0,0,0.0,0.0
Sander Berge,0,0,37.0,1.0,5.0,24.0,0.0,0.0,76.0,61%,0.0,8.0,23.0,58.0,37.0,0.0,202.0,179.0,150.0,20.0,65.0,49.0,0.0,2.0,2.0,"1,547",41.81,5.0,12.0,8%,7.0,83.0,8.0,1.0,40.0,2.0,0.0,1.0,0.0,1.0,0.03,0.0,0.0,25.0,3.0,12%,2.0,0.0,0.0,0.0,0.0,0.0,0.0,0.0,0.0,0,0,0,0,0,0,0,0,0,0,0,0,0.0,0.0
Lucas Bergström,0,0,0.0,0.0,0.0,0.0,0.0,0.0,0.0,0,0.0,0.0,0.0,0.0,0.0,0.0,0.0,0.0,0.0,0.0,0.0,0.0,0.0,0.0,0.0,0,0.0,0.0,0,0,0.0,0.0,0.0,0.0,0.0,0.0,0.0,0.0,0.0,0.0,0.0,0.0,0.0,0.0,0.0,0,0.0,0.0,0.0,0.0,0.0,0.0,0.0,0.0,0.0,0,0,0,0,0,0,0,0,0,0,0,0,0.0,0.0
Bernardo Silva,https://www.facebook.com/BernardoSilvaOficial/,https://twitter.com/BernardoCSilva?s=20,33.0,6.0,24.0,2.0,0.0,0.0,51.0,45%,0.0,8.0,17.0,12.0,3.0,0.0,102.0,117.0,118.0,38.0,2.0,9.0,0.0,0.0,9.0,"1,824",55.27,13.0,83.0,20%,2.0,59.0,8.0,0.0,22.0,3.0,0.0,1.0,5.0,1.0,0.18,0.0,0.0,34.0,15.0,44%,3.0,0.0,0.0,0.0,0.0,0.0,0.0,0.0,0.0,0,0,0,0,0,0,0,0,0,0,0,0,0.0,0.0
Luke Berry,0,0,17.0,2.0,2.0,11.0,0.0,0.0,7.0,29%,0.0,2.0,0.0,1.0,1.0,0.0,8.0,23.0,19.0,2.0,7.0,8.0,0.0,0.0,1.0,88,5.18,0.0,8.0,13%,0.0,3.0,1.0,0.0,6.0,0.0,0.0,1.0,1.0,0.0,0.12,0.0,0.0,8.0,4.0,50%,0.0,0.0,0.0,0.0,0.0,0.0,0.0,0.0,0.0,0,0,0,0,0,0,0,0,0,0,0,0,0.0,0.0
Beto,0,0,30.0,3.0,9.0,12.0,0.0,0.0,14.0,0,0.0,4.0,1.0,13.0,11.0,0.0,0.0,0.0,0.0,0.0,0.0,0.0,0.0,0.0,0.0,174,5.8,3.0,5.0,0,0.0,0.0,2.0,0.0,21.0,10.0,1.0,1.0,1.0,0.0,0.1,0.0,0.0,43.0,13.0,30%,8.0,0.0,0.0,0.0,0.0,0.0,0.0,0.0,0.0,0,0,0,0,0,0,0,0,0,0,0,0,0.0,0.0
Jordan Beyer,0,0,15.0,0.0,3.0,10.0,2.0,23.0,35.0,57%,1.0,3.0,16.0,68.0,39.0,0.0,57.0,73.0,50.0,4.0,29.0,26.0,0.0,1.0,1.0,855,57.0,1.0,0.0,0%,1.0,47.0,6.0,0.0,11.0,0.0,0.0,0.0,0.0,0.0,0.0,0.0,0.0,0.0,0.0,0,0.0,0.0,0.0,0.0,0.0,0.0,0.0,0.0,0.0,0,0,0,0,0,0,0,0,0,0,0,0,0.0,0.0
Giulian Biancone,0,0,0.0,0.0,0.0,0.0,0.0,0.0,0.0,0%,0.0,0.0,0.0,0.0,0.0,0.0,0.0,0.0,0.0,0.0,0.0,0.0,0.0,0.0,0.0,0,0.0,0.0,0.0,0%,0.0,0.0,0.0,0.0,0.0,0.0,0.0,0.0,0.0,0.0,0.0,0.0,0.0,0.0,0.0,0,0.0,0.0,0.0,0.0,0.0,0.0,0.0,0.0,0.0,0,0,0,0,0,0,0,0,0,0,0,0,0.0,0.0
Mads Bidstrup,0,0,0.0,0.0,0.0,0.0,0.0,0.0,0.0,0%,0.0,0.0,0.0,0.0,0.0,0.0,0.0,0.0,0.0,0.0,0.0,0.0,0.0,0.0,0.0,0,0.0,0.0,0.0,0%,0.0,0.0,0.0,0.0,0.0,0.0,0.0,0.0,0.0,0.0,0.0,0.0,0.0,0.0,0.0,0%,0.0,0.0,0.0,0.0,0.0,0.0,0.0,0.0,0.0,0,0,0,0,0,0,0,0,0,0,0,0,0.0,0.0
Mika Biereth,0,0,0.0,0.0,0.0,0.0,0.0,0.0,0.0,0,0.0,0.0,0.0,0.0,0.0,0.0,0.0,0.0,0.0,0.0,0.0,0.0,0.0,0.0,0.0,0,0.0,0.0,0.0,0,0.0,0.0,0.0,0.0,0.0,0.0,0.0,0.0,0.0,0.0,0.0,0.0,0.0,0.0,0.0,0%,0.0,0.0,0.0,0.0,0.0,0.0,0.0,0.0,0.0,0,0,0,0,0,0,0,0,0,0,0,0,0.0,0.0
Nathan Bishop,0,0,0.0,0.0,0.0,0.0,0.0,0.0,0.0,0,0.0,0.0,0.0,0.0,0.0,0.0,0.0,0.0,0.0,0.0,0.0,0.0,0.0,0.0,0.0,0,0.0,0.0,0,0,0.0,0.0,0.0,0.0,0.0,0.0,0.0,0.0,0.0,0.0,0.0,0.0,0.0,0.0,0.0,0,0.0,0.0,0.0,0.0,0.0,0.0,0.0,0.0,0.0,0,0,0,0,0,0,0,0,0,0,0,0,0.0,0.0
Yves Bissouma,https://www.facebook.com/YvesBissoumaOfficiel/,https://twitter.com/yves_bissouma?lang=en,28.0,0.0,15.0,9.0,0.0,0.0,80.0,65%,0.0,6.0,37.0,42.0,33.0,0.0,128.0,152.0,111.0,27.0,14.0,15.0,0.0,1.0,0.0,"1,834",65.5,0.0,1.0,0%,3.0,42.0,9.0,2.0,35.0,0.0,0.0,0.0,0.0,0.0,0.0,0.0,0.0,24.0,5.0,21%,1.0,0.0,0.0,0.0,0.0,0.0,0.0,0.0,0.0,0,0,0,0,0,0,0,0,0,0,0,0,0.0,0.0
Billy Blacker,0,0,0.0,0.0,0.0,0.0,0.0,0.0,0.0,0,0.0,0.0,0.0,0.0,0.0,0.0,0.0,0.0,0.0,0.0,0.0,0.0,0.0,0.0,0.0,0,0.0,0.0,0.0,0,0.0,0.0,0.0,0.0,0.0,0.0,0.0,0.0,0.0,0.0,0.0,0.0,0.0,0.0,0.0,0%,0.0,0.0,0.0,0.0,0.0,0.0,0.0,0.0,0.0,0,0,0,0,0,0,0,0,0,0,0,0,0.0,0.0
Malachi Boateng,0,0,0.0,0.0,0.0,0.0,0.0,0.0,0.0,0%,0.0,0.0,0.0,0.0,0.0,0.0,0.0,0.0,0.0,0.0,0.0,0.0,0.0,0.0,0.0,0,0.0,0.0,0.0,0%,0.0,0.0,0.0,0.0,0.0,0.0,0.0,0.0,0.0,0.0,0.0,0.0,0.0,0.0,0.0,0%,0.0,0.0,0.0,0.0,0.0,0.0,0.0,0.0,0.0,0,0,0,0,0,0,0,0,0,0,0,0,0.0,0.0
Oscar Bobb,0,0,14.0,1.0,12.0,2.0,0.0,0.0,7.0,43%,0.0,1.0,5.0,1.0,0.0,0.0,17.0,22.0,17.0,11.0,1.0,2.0,0.0,0.0,1.0,168,12.0,2.0,5.0,60%,3.0,0.0,0.0,0.0,2.0,0.0,0.0,1.0,0.0,0.0,0.07,0.0,0.0,4.0,2.0,50%,1.0,0.0,0.0,0.0,0.0,0.0,0.0,0.0,0.0,0,0,0,0,0,0,0,0,0,0,0,0,0.0,0.0
Jayden Bogle,0,0,34.0,3.0,3.0,25.0,1.0,79.0,66.0,55%,1.0,10.0,32.0,86.0,49.0,0.0,139.0,163.0,154.0,25.0,50.0,28.0,1.0,0.0,0.0,772,22.71,0.0,40.0,25%,1.0,34.0,9.0,0.0,38.0,4.0,0.0,3.0,0.0,0.0,0.0,0.0,0.0,0.0,0.0,0,0.0,0.0,0.0,0.0,0.0,0.0,0.0,0.0,0.0,0,0,0,0,0,0,0,0,0,0,0,0,0.0,0.0
Bendegúz Bolla,0,0,0.0,0.0,0.0,0.0,0.0,0.0,0.0,0%,0.0,0.0,0.0,0.0,0.0,0.0,0.0,0.0,0.0,0.0,0.0,0.0,0.0,0.0,0.0,0,0.0,0.0,0.0,0%,0.0,0.0,0.0,0.0,0.0,0.0,0.0,0.0,0.0,0.0,0.0,0.0,0.0,0.0,0.0,0,0.0,0.0,0.0,0.0,0.0,0.0,0.0,0.0,0.0,0,0,0,0,0,0,0,0,0,0,0,0,0.0,0.0
Willy-Arnaud Boly,0,0,20.0,2.0,5.0,10.0,2.0,23.0,46.0,63%,0.0,2.0,25.0,86.0,41.0,1.0,86.0,108.0,69.0,3.0,57.0,27.0,0.0,0.0,1.0,611,30.55,4.0,1.0,0%,1.0,31.0,1.0,1.0,20.0,1.0,2.0,0.0,0.0,0.0,0.0,0.0,0.0,0.0,0.0,0,0.0,0.0,0.0,0.0,0.0,0.0,0.0,0.0,0.0,0,0,0,0,0,0,0,0,0,0,0,0,0.0,0.0
Alex Borto,0,0,0.0,0.0,0.0,0.0,0.0,0.0,0.0,0,0.0,0.0,0.0,0.0,0.0,0.0,0.0,0.0,0.0,0.0,0.0,0.0,0.0,0.0,0.0,0,0.0,0.0,0,0,0.0,0.0,0.0,0.0,0.0,0.0,0.0,0.0,0.0,0.0,0.0,0.0,0.0,0.0,0.0,0,0.0,0.0,0.0,0.0,0.0,0.0,0.0,0.0,0.0,0,0,0,0,0,0,0,0,0,0,0,0,0.0,0.0
Sven Botman,https://www.instagram.com/svenbotman_/,0,17.0,2.0,7.0,8.0,3.0,29.0,20.0,65%,2.0,2.0,9.0,58.0,24.0,1.0,70.0,56.0,35.0,0.0,34.0,17.0,1.0,2.0,2.0,"1,015",59.71,2.0,0.0,0%,0.0,44.0,2.0,0.0,9.0,1.0,2.0,0.0,0.0,0.0,0.0,0.0,0.0,0.0,0.0,0,0.0,0.0,0.0,0.0,0.0,0.0,0.0,0.0,0.0,0,0,0,0,0,0,0,0,0,0,0,0,0.0,0.0
Aaron Bott,0,0,0.0,0.0,0.0,0.0,0.0,0.0,0.0,0,0.0,0.0,0.0,0.0,0.0,0.0,0.0,0.0,0.0,0.0,0.0,0.0,0.0,0.0,0.0,0,0.0,0.0,0,0,0.0,0.0,0.0,0.0,0.0,0.0,0.0,0.0,0.0,0.0,0.0,0.0,0.0,0.0,0.0,0,0.0,0.0,0.0,0.0,0.0,0.0,0.0,0.0,0.0,0,0,0,0,0,0,0,0,0,0,0,0,0.0,0.0
Jarrod Bowen,https://twitter.com/jarrodbowen_,https://www.instagram.com/jarrodbowen/,34.0,16.0,13.0,11.0,0.0,0.0,42.0,0,0.0,20.0,19.0,12.0,9.0,0.0,0.0,0.0,0.0,0.0,0.0,0.0,0.0,0.0,6.0,622,18.29,12.0,75.0,0,0.0,0.0,2.0,0.0,28.0,20.0,5.0,3.0,8.0,5.0,0.47,0.0,0.0,84.0,37.0,44%,13.0,0.0,0.0,0.0,0.0,0.0,0.0,0.0,0.0,0,0,0,0,0,0,0,0,0,0,0,0,0.0,0.0
Josh Bowler,0,0,0.0,0.0,0.0,0.0,0.0,0.0,0.0,0%,0.0,0.0,0.0,0.0,0.0,0.0,0.0,0.0,0.0,0.0,0.0,0.0,0.0,0.0,0.0,0,0.0,0.0,0.0,0%,0.0,0.0,0.0,0.0,0.0,0.0,0.0,0.0,0.0,0.0,0.0,0.0,0.0,0.0,0.0,0%,0.0,0.0,0.0,0.0,0.0,0.0,0.0,0.0,0.0,0,0,0,0,0,0,0,0,0,0,0,0,0.0,0.0
Conor Bradley,https://www.instagram.com/conorbradley.03/,0,11.0,1.0,8.0,1.0,0.0,7.0,33.0,76%,0.0,4.0,10.0,13.0,6.0,0.0,50.0,69.0,51.0,13.0,11.0,5.0,1.0,0.0,3.0,437,39.73,2.0,18.0,22%,3.0,15.0,2.0,0.0,8.0,2.0,0.0,1.0,0.0,0.0,0.0,0.0,0.0,0.0,0.0,0,0.0,0.0,0.0,0.0,0.0,0.0,0.0,0.0,0.0,0,0,0,0,0,0,0,0,0,0,0,0,0.0,0.0
Jarrad Branthwaite,0,0,35.0,3.0,12.0,14.0,12.0,44.0,66.0,48%,2.0,3.0,50.0,157.0,82.0,0.0,181.0,184.0,88.0,5.0,95.0,45.0,0.0,0.0,0.0,"1,371",39.17,1.0,1.0,100%,0.0,73.0,8.0,0.0,25.0,5.0,1.0,0.0,2.0,0.0,0.0,0.0,0.0,0.0,0.0,0,0.0,0.0,0.0,0.0,0.0,0.0,0.0,0.0,0.0,0,0,0,0,0,0,0,0,0,0,0,0,0.0,0.0
Ben Brereton,0,0,14.0,6.0,0.0,10.0,0.0,0.0,9.0,0,0.0,9.0,3.0,11.0,4.0,0.0,0.0,0.0,0.0,0.0,0.0,0.0,0.0,0.0,1.0,253,18.07,3.0,9.0,0,0.0,0.0,3.0,0.0,11.0,11.0,1.0,5.0,0.0,1.0,0.43,1.0,0.0,35.0,19.0,54%,5.0,0.0,0.0,0.0,0.0,0.0,0.0,0.0,0.0,0,0,0,0,0,0,0,0,0,0,0,0,0.0,0.0
Rhian Brewster,0,0,13.0,0.0,2.0,10.0,0.0,0.0,5.0,0,0.0,1.0,1.0,2.0,2.0,0.0,0.0,0.0,0.0,0.0,0.0,0.0,0.0,0.0,0.0,73,5.62,0.0,3.0,0,0.0,0.0,0.0,1.0,5.0,1.0,0.0,0.0,0.0,0.0,0.0,0.0,0.0,7.0,3.0,43%,0.0,0.0,0.0,0.0,0.0,0.0,0.0,0.0,0.0,0,0,0,0,0,0,0,0,0,0,0,0,0.0,0.0
Ethan Brierley,0,0,0.0,0.0,0.0,0.0,0.0,0.0,0.0,0%,0.0,0.0,0.0,0.0,0.0,0.0,0.0,0.0,0.0,0.0,0.0,0.0,0.0,0.0,0.0,0,0.0,0.0,0.0,0%,0.0,0.0,0.0,0.0,0.0,0.0,0.0,0.0,0.0,0.0,0.0,0.0,0.0,0.0,0.0,0%,0.0,0.0,0.0,0.0,0.0,0.0,0.0,0.0,0.0,0,0,0,0,0,0,0,0,0,0,0,0,0.0,0.0
Armando Broja,https://www.instagram.com/armando.broja/,0,21.0,1.0,10.0,8.0,0.0,0.0,3.0,0,0.0,4.0,0.0,3.0,3.0,0.0,0.0,0.0,0.0,0.0,0.0,0.0,0.0,0.0,1.0,119,5.67,1.0,2.0,0,0.0,0.0,0.0,0.0,9.0,6.0,0.0,1.0,0.0,1.0,0.05,0.0,0.0,13.0,2.0,15%,2.0,0.0,0.0,0.0,0.0,0.0,0.0,0.0,0.0,0,0,0,0,0,0,0,0,0,0,0,0,0.0,0.0
Josh Brooking,0,0,0.0,0.0,0.0,0.0,0.0,0.0,0.0,0%,0.0,0.0,0.0,0.0,0.0,0.0,0.0,0.0,0.0,0.0,0.0,0.0,0.0,0.0,0.0,0,0.0,0.0,0.0,0%,0.0,0.0,0.0,0.0,0.0,0.0,0.0,0.0,0.0,0.0,0.0,0.0,0.0,0.0,0.0,0,0.0,0.0,0.0,0.0,0.0,0.0,0.0,0.0,0.0,0,0,0,0,0,0,0,0,0,0,0,0,0.0,0.0
Jacob Brown,0,0,19.0,2.0,4.0,11.0,0.0,0.0,19.0,0,0.0,10.0,8.0,17.0,12.0,0.0,0.0,0.0,0.0,0.0,0.0,0.0,0.0,0.0,0.0,229,12.05,1.0,10.0,0,0.0,0.0,4.0,0.0,19.0,6.0,0.0,1.0,1.0,2.0,0.11,0.0,0.0,26.0,7.0,27%,3.0,0.0,0.0,0.0,0.0,0.0,0.0,0.0,0.0,0,0,0,0,0,0,0,0,0,0,0,0,0.0,0.0
Josh Brownhill,0,0,33.0,4.0,5.0,21.0,0.0,0.0,61.0,57%,0.0,5.0,34.0,40.0,21.0,0.0,124.0,126.0,101.0,7.0,36.0,33.0,0.0,0.0,2.0,"1,028",31.15,0.0,57.0,23%,4.0,44.0,4.0,1.0,38.0,2.0,0.0,1.0,3.0,0.0,0.12,0.0,0.0,28.0,11.0,39%,1.0,0.0,0.0,0.0,0.0,0.0,0.0,0.0,0.0,0,0,0,0,0,0,0,0,0,0,0,0,0.0,0.0
Bruno Fernandes,https://www.facebook.com/BrunoFernandesOfficial,https://twitter.com/B_Fernandes8,35.0,10.0,18.0,12.0,0.0,0.0,68.0,56%,0.0,27.0,27.0,47.0,24.0,0.0,200.0,136.0,180.0,19.0,21.0,27.0,0.0,0.0,8.0,"1,911",54.6,21.0,223.0,23%,30.0,152.0,9.0,0.0,41.0,13.0,1.0,7.0,2.0,3.0,0.29,4.0,0.0,95.0,41.0,43%,7.0,0.0,0.0,0.0,0.0,0.0,0.0,0.0,0.0,0,0,0,0,0,0,0,0,0,0,0,0,0.0,0.0
Bruno Guimarães,https://www.instagram.com/brunoguimaraes/,0,37.0,7.0,18.0,13.0,0.0,0.0,88.0,60%,0.0,16.0,35.0,19.0,8.0,0.0,237.0,286.0,218.0,72.0,18.0,24.0,0.0,0.0,8.0,"2,264",61.19,12.0,32.0,38%,26.0,129.0,9.0,0.0,50.0,0.0,1.0,5.0,1.0,1.0,0.19,0.0,0.0,48.0,16.0,33%,2.0,0.0,0.0,0.0,0.0,0.0,0.0,0.0,0.0,0,0,0,0,0,0,0,0,0,0,0,0,0.0,0.0
Bruno Jordão,0,0,0.0,0.0,0.0,0.0,0.0,0.0,0.0,0%,0.0,0.0,0.0,0.0,0.0,0.0,0.0,0.0,0.0,0.0,0.0,0.0,0.0,0.0,0.0,0,0.0,0.0,0.0,0%,0.0,0.0,0.0,0.0,0.0,0.0,0.0,0.0,0.0,0.0,0.0,0.0,0.0,0.0,0.0,0%,0.0,0.0,0.0,0.0,0.0,0.0,0.0,0.0,0.0,0,0,0,0,0,0,0,0,0,0,0,0,0.0,0.0
Jacob Bruun Larsen,0,0,32.0,6.0,5.0,20.0,0.0,0.0,9.0,0,0.0,15.0,7.0,21.0,7.0,0.0,0.0,0.0,0.0,0.0,0.0,0.0,0.0,0.0,0.0,457,14.28,1.0,62.0,0,0.0,0.0,1.0,0.0,13.0,11.0,0.0,4.0,2.0,0.0,0.19,1.0,0.0,44.0,16.0,36%,4.0,0.0,0.0,0.0,0.0,0.0,0.0,0.0,0.0,0,0,0,0,0,0,0,0,0,0,0,0,0.0,0.0
Emiliano Buendía,https://twitter.com/Em10Buendia,https://www.instagram.com/em10buendia/,0.0,0.0,0.0,0.0,0.0,0.0,0.0,0%,0.0,0.0,0.0,0.0,0.0,0.0,0.0,0.0,0.0,0.0,0.0,0.0,0.0,0.0,0.0,0,0.0,0.0,0.0,0%,0.0,0.0,0.0,0.0,0.0,0.0,0.0,0.0,0.0,0.0,0.0,0.0,0.0,0.0,0.0,0%,0.0,0.0,0.0,0.0,0.0,0.0,0.0,0.0,0.0,0,0,0,0,0,0,0,0,0,0,0,0,0.0,0.0
Santiago Bueno,0,0,12.0,0.0,3.0,7.0,0.0,18.0,13.0,54%,0.0,0.0,6.0,33.0,19.0,0.0,30.0,34.0,44.0,1.0,16.0,26.0,0.0,0.0,0.0,476,39.67,0.0,2.0,0%,0.0,14.0,1.0,0.0,10.0,0.0,0.0,0.0,0.0,0.0,0.0,0.0,0.0,0.0,0.0,0,0.0,0.0,0.0,0.0,0.0,0.0,0.0,0.0,0.0,0,0,0,0,0,0,0,0,0,0,0,0,0.0,0.0
Facundo Buonanotte,0,0,27.0,3.0,7.0,9.0,0.0,0.0,42.0,52%,0.0,7.0,8.0,5.0,2.0,0.0,66.0,107.0,139.0,18.0,6.0,16.0,0.0,0.0,1.0,469,17.37,3.0,6.0,17%,1.0,5.0,7.0,0.0,34.0,3.0,0.0,0.0,3.0,1.0,0.11,0.0,0.0,21.0,9.0,43%,2.0,0.0,0.0,0.0,0.0,0.0,0.0,0.0,0.0,0,0,0,0,0,0,0,0,0,0,0,0,0.0,0.0
Jake Burger,0,0,0.0,0.0,0.0,0.0,0.0,0.0,0.0,0%,0.0,0.0,0.0,0.0,0.0,0.0,0.0,0.0,0.0,0.0,0.0,0.0,0.0,0.0,0.0,0,0.0,0.0,0.0,0%,0.0,0.0,0.0,0.0,0.0,0.0,0.0,0.0,0.0,0.0,0.0,0.0,0.0,0.0,0.0,0%,0.0,0.0,0.0,0.0,0.0,0.0,0.0,0.0,0.0,0,0,0,0,0,0,0,0,0,0,0,0,0.0,0.0
Reece Burke,0,0,22.0,0.0,3.0,13.0,1.0,37.0,37.0,62%,1.0,6.0,18.0,73.0,28.0,2.0,62.0,99.0,72.0,4.0,46.0,33.0,0.0,1.0,4.0,680,30.91,3.0,13.0,31%,0.0,34.0,5.0,0.0,20.0,1.0,0.0,0.0,0.0,0.0,0.0,0.0,0.0,0.0,0.0,0,0.0,0.0,0.0,0.0,0.0,0.0,0.0,0.0,0.0,0,0,0,0,0,0,0,0,0,0,0,0,0.0,0.0
Nathan Butler-Oyedeji,0,0,0.0,0.0,0.0,0.0,0.0,0.0,0.0,0,0.0,0.0,0.0,0.0,0.0,0.0,0.0,0.0,0.0,0.0,0.0,0.0,0.0,0.0,0.0,0,0.0,0.0,0.0,0,0.0,0.0,0.0,0.0,0.0,0.0,0.0,0.0,0.0,0.0,0.0,0.0,0.0,0.0,0.0,0%,0.0,0.0,0.0,0.0,0.0,0.0,0.0,0.0,0.0,0,0,0,0,0,0,0,0,0,0,0,0,0.0,0.0
Jili Buyabu,0,0,0.0,0.0,0.0,0.0,0.0,0.0,0.0,0%,0.0,0.0,0.0,0.0,0.0,0.0,0.0,0.0,0.0,0.0,0.0,0.0,0.0,0.0,0.0,0,0.0,0.0,0.0,0%,0.0,0.0,0.0,0.0,0.0,0.0,0.0,0.0,0.0,0.0,0.0,0.0,0.0,0.0,0.0,0,0.0,0.0,0.0,0.0,0.0,0.0,0.0,0.0,0.0,0,0,0,0,0,0,0,0,0,0,0,0,0.0,0.0
Cafú,0,0,0.0,0.0,0.0,0.0,0.0,0.0,0.0,0%,0.0,0.0,0.0,0.0,0.0,0.0,0.0,0.0,0.0,0.0,0.0,0.0,0.0,0.0,0.0,0,0.0,0.0,0.0,0%,0.0,0.0,0.0,0.0,0.0,0.0,0.0,0.0,0.0,0.0,0.0,0.0,0.0,0.0,0.0,0%,0.0,0.0,0.0,0.0,0.0,0.0,0.0,0.0,0.0,0,0,0,0,0,0,0,0,0,0,0,0,0.0,0.0
Elijah Campbell,0,0,0.0,0.0,0.0,0.0,0.0,0.0,0.0,0%,0.0,0.0,0.0,0.0,0.0,0.0,0.0,0.0,0.0,0.0,0.0,0.0,0.0,0.0,0.0,0,0.0,0.0,0.0,0%,0.0,0.0,0.0,0.0,0.0,0.0,0.0,0.0,0.0,0.0,0.0,0.0,0.0,0.0,0.0,0,0.0,0.0,0.0,0.0,0.0,0.0,0.0,0.0,0.0,0,0,0,0,0,0,0,0,0,0,0,0,0.0,0.0
Thomas Cannon,0,0,1.0,0.0,0.0,1.0,0.0,0.0,0.0,0,0.0,0.0,0.0,0.0,0.0,0.0,0.0,0.0,0.0,0.0,0.0,0.0,0.0,0.0,0.0,0,0.0,0.0,0.0,0,0.0,0.0,0.0,0.0,0.0,0.0,0.0,0.0,0.0,0.0,0.0,0.0,0.0,0.0,0.0,0%,0.0,0.0,0.0,0.0,0.0,0.0,0.0,0.0,0.0,0,0,0,0,0,0,0,0,0,0,0,0,0.0,0.0
Sergi Canós,0,0,0.0,0.0,0.0,0.0,0.0,0.0,0.0,0%,0.0,0.0,0.0,0.0,0.0,0.0,0.0,0.0,0.0,0.0,0.0,0.0,0.0,0.0,0.0,0,0.0,0.0,0.0,0%,0.0,0.0,0.0,0.0,0.0,0.0,0.0,0.0,0.0,0.0,0.0,0.0,0.0,0.0,0.0,0%,0.0,0.0,0.0,0.0,0.0,0.0,0.0,0.0,0.0,0,0,0,0,0,0,0,0,0,0,0,0,0.0,0.0
Carlos Gomes,0,0,0.0,0.0,0.0,0.0,0.0,0.0,0.0,0,0.0,0.0,0.0,0.0,0.0,0.0,0.0,0.0,0.0,0.0,0.0,0.0,0.0,0.0,0.0,0,0.0,0.0,0.0,0,0.0,0.0,0.0,0.0,0.0,0.0,0.0,0.0,0.0,0.0,0.0,0.0,0.0,0.0,0.0,0%,0.0,0.0,0.0,0.0,0.0,0.0,0.0,0.0,0.0,0,0,0,0,0,0,0,0,0,0,0,0,0.0,0.0
Carlos Vinícius,0,0,13.0,2.0,5.0,7.0,0.0,0.0,3.0,0,0.0,0.0,0.0,1.0,1.0,0.0,0.0,0.0,0.0,0.0,0.0,0.0,0.0,0.0,0.0,61,4.69,1.0,1.0,0,0.0,0.0,2.0,0.0,4.0,6.0,0.0,0.0,2.0,0.0,0.15,0.0,0.0,9.0,5.0,56%,0.0,0.0,0.0,0.0,0.0,0.0,0.0,0.0,0.0,0,0,0,0,0,0,0,0,0,0,0,0,0.0,0.0
Nathan Carlyon,0,0,0.0,0.0,0.0,0.0,0.0,0.0,0.0,0%,0.0,0.0,0.0,0.0,0.0,0.0,0.0,0.0,0.0,0.0,0.0,0.0,0.0,0.0,0.0,0,0.0,0.0,0.0,0%,0.0,0.0,0.0,0.0,0.0,0.0,0.0,0.0,0.0,0.0,0.0,0.0,0.0,0.0,0.0,0%,0.0,0.0,0.0,0.0,0.0,0.0,0.0,0.0,0.0,0,0,0,0,0,0,0,0,0,0,0,0,0.0,0.0
Scott Carson,https://twitter.com/SCarsonOfficial,https://www.instagram.com/scottpcarson33/,0.0,0.0,0.0,0.0,0.0,0.0,0.0,0,0.0,0.0,0.0,0.0,0.0,0.0,0.0,0.0,0.0,0.0,0.0,0.0,0.0,0.0,0.0,0,0.0,0.0,0,0,0.0,0.0,0.0,0.0,0.0,0.0,0.0,0.0,0.0,0.0,0.0,0.0,0.0,0.0,0.0,0,0.0,0.0,0.0,0.0,0.0,0.0,0.0,0.0,0.0,0,0,0,0,0,0,0,0,0,0,0,0,0.0,0.0
Cesare Casadei,0,0,11.0,0.0,6.0,2.0,0.0,0.0,5.0,60%,0.0,0.0,0.0,4.0,1.0,0.0,1.0,20.0,11.0,2.0,12.0,5.0,0.0,0.0,0.0,65,5.91,0.0,0.0,0%,0.0,2.0,0.0,0.0,4.0,0.0,0.0,0.0,0.0,0.0,0.0,0.0,0.0,0.0,0.0,0%,0.0,0.0,0.0,0.0,0.0,0.0,0.0,0.0,0.0,0,0,0,0,0,0,0,0,0,0,0,0,0.0,0.0
Casemiro,https://www.instagram.com/casemiro/,0,25.0,1.0,12.0,9.0,0.0,0.0,83.0,67%,0.0,11.0,18.0,66.0,43.0,0.0,133.0,144.0,132.0,9.0,42.0,23.0,0.0,1.0,2.0,"1,406",56.24,2.0,13.0,23%,4.0,79.0,7.0,0.0,30.0,6.0,0.0,1.0,0.0,0.0,0.04,0.0,0.0,39.0,9.0,23%,4.0,0.0,0.0,0.0,0.0,0.0,0.0,0.0,0.0,0,0,0,0,0,0,0,0,0,0,0,0,0.0,0.0
Kaelan Casey,0,0,1.0,0.0,1.0,0.0,0.0,0.0,0.0,0%,0.0,0.0,0.0,1.0,1.0,0.0,0.0,1.0,0.0,0.0,1.0,0.0,0.0,0.0,0.0,0,0.0,0.0,0.0,0%,0.0,0.0,0.0,0.0,0.0,0.0,0.0,0.0,0.0,0.0,0.0,0.0,0.0,0.0,0.0,0,0.0,0.0,0.0,0.0,0.0,0.0,0.0,0.0,0.0,0,0,0,0,0,0,0,0,0,0,0,0,0.0,0.0
Matty Cash,https://twitter.com/mattycash622,https://www.instagram.com/mattycash622/,29.0,2.0,16.0,7.0,2.0,36.0,54.0,57%,0.0,10.0,18.0,52.0,28.0,1.0,110.0,103.0,114.0,12.0,15.0,21.0,1.0,0.0,2.0,"1,028",35.45,6.0,39.0,23%,0.0,31.0,8.0,0.0,30.0,0.0,0.0,2.0,0.0,0.0,0.0,0.0,0.0,0.0,0.0,0,0.0,0.0,0.0,0.0,0.0,0.0,0.0,0.0,0.0,0,0,0,0,0,0,0,0,0,0,0,0,0.0,0.0
Charlie Casper,0,0,0.0,0.0,0.0,0.0,0.0,0.0,0.0,0,0.0,0.0,0.0,0.0,0.0,0.0,0.0,0.0,0.0,0.0,0.0,0.0,0.0,0.0,0.0,0,0.0,0.0,0,0,0.0,0.0,0.0,0.0,0.0,0.0,0.0,0.0,0.0,0.0,0.0,0.0,0.0,0.0,0.0,0,0.0,0.0,0.0,0.0,0.0,0.0,0.0,0.0,0.0,0,0,0,0,0,0,0,0,0,0,0,0,0.0,0.0
Timothy Castagne,https://www.instagram.com/timothycastagne/,0,34.0,1.0,12.0,15.0,8.0,40.0,49.0,49%,0.0,4.0,38.0,57.0,24.0,0.0,119.0,111.0,92.0,17.0,35.0,34.0,0.0,0.0,3.0,"1,350",39.71,1.0,50.0,20%,2.0,51.0,3.0,0.0,22.0,3.0,0.0,1.0,0.0,1.0,0.0,0.0,0.0,0.0,0.0,0,0.0,0.0,0.0,0.0,0.0,0.0,0.0,0.0,0.0,0,0,0,0,0,0,0,0,0,0,0,0,0.0,0.0
Leo Castledine,0,0,0.0,0.0,0.0,0.0,0.0,0.0,0.0,0%,0.0,0.0,0.0,0.0,0.0,0.0,0.0,0.0,0.0,0.0,0.0,0.0,0.0,0.0,0.0,0,0.0,0.0,0.0,0%,0.0,0.0,0.0,0.0,0.0,0.0,0.0,0.0,0.0,0.0,0.0,0.0,0.0,0.0,0.0,0%,0.0,0.0,0.0,0.0,0.0,0.0,0.0,0.0,0.0,0,0,0,0,0,0,0,0,0,0,0,0,0.0,0.0
Cédric Soares,0,0,3.0,0.0,3.0,0.0,0.0,0.0,0.0,0%,0.0,0.0,0.0,0.0,0.0,0.0,3.0,1.0,1.0,0.0,0.0,1.0,0.0,0.0,0.0,59,19.67,0.0,4.0,0%,0.0,4.0,0.0,0.0,0.0,0.0,0.0,0.0,0.0,0.0,0.0,0.0,0.0,0.0,0.0,0,0.0,0.0,0.0,0.0,0.0,0.0,0.0,0.0,0.0,0,0,0,0,0,0,0,0,0,0,0,0,0.0,0.0
Kallum Cesay,0,0,0.0,0.0,0.0,0.0,0.0,0.0,0.0,0%,0.0,0.0,0.0,0.0,0.0,0.0,0.0,0.0,0.0,0.0,0.0,0.0,0.0,0.0,0.0,0,0.0,0.0,0.0,0%,0.0,0.0,0.0,0.0,0.0,0.0,0.0,0.0,0.0,0.0,0.0,0.0,0.0,0.0,0.0,0,0.0,0.0,0.0,0.0,0.0,0.0,0.0,0.0,0.0,0,0,0,0,0,0,0,0,0,0,0,0,0.0,0.0
Trevoh Chalobah,https://twitter.com/TrevohChalobah,https://www.instagram.com/yungchalobah/,13.0,1.0,8.0,1.0,2.0,14.0,16.0,75%,0.0,0.0,8.0,49.0,25.0,0.0,46.0,39.0,34.0,1.0,19.0,23.0,0.0,0.0,0.0,760,58.46,0.0,0.0,0%,1.0,24.0,1.0,0.0,3.0,0.0,1.0,0.0,0.0,0.0,0.0,0.0,0.0,0.0,0.0,0,0.0,0.0,0.0,0.0,0.0,0.0,0.0,0.0,0.0,0,0,0,0,0,0,0,0,0,0,0,0,0.0,0.0
Shea Charles,0,0,0.0,0.0,0.0,0.0,0.0,0.0,0.0,0%,0.0,0.0,0.0,0.0,0.0,0.0,0.0,0.0,0.0,0.0,0.0,0.0,0.0,0.0,0.0,0,0.0,0.0,0.0,0%,0.0,0.0,0.0,0.0,0.0,0.0,0.0,0.0,0.0,0.0,0.0,0.0,0.0,0.0,0.0,0%,0.0,0.0,0.0,0.0,0.0,0.0,0.0,0.0,0.0,0,0,0,0,0,0,0,0,0,0,0,0,0.0,0.0
Charlie Robinson,0,0,0.0,0.0,0.0,0.0,0.0,0.0,0.0,0%,0.0,0.0,0.0,0.0,0.0,0.0,0.0,0.0,0.0,0.0,0.0,0.0,0.0,0.0,0.0,0,0.0,0.0,0.0,0%,0.0,0.0,0.0,0.0,0.0,0.0,0.0,0.0,0.0,0.0,0.0,0.0,0.0,0.0,0.0,0,0.0,0.0,0.0,0.0,0.0,0.0,0.0,0.0,0.0,0,0,0,0,0,0,0,0,0,0,0,0,0.0,0.0
Dan Chesters,0,0,0.0,0.0,0.0,0.0,0.0,0.0,0.0,0%,0.0,0.0,0.0,0.0,0.0,0.0,0.0,0.0,0.0,0.0,0.0,0.0,0.0,0.0,0.0,0,0.0,0.0,0.0,0%,0.0,0.0,0.0,0.0,0.0,0.0,0.0,0.0,0.0,0.0,0.0,0.0,0.0,0.0,0.0,0%,0.0,0.0,0.0,0.0,0.0,0.0,0.0,0.0,0.0,0,0,0,0,0,0,0,0,0,0,0,0,0.0,0.0
Christian Chigozie,0,0,0.0,0.0,0.0,0.0,0.0,0.0,0.0,0%,0.0,0.0,0.0,0.0,0.0,0.0,0.0,0.0,0.0,0.0,0.0,0.0,0.0,0.0,0.0,0,0.0,0.0,0.0,0%,0.0,0.0,0.0,0.0,0.0,0.0,0.0,0.0,0.0,0.0,0.0,0.0,0.0,0.0,0.0,0,0.0,0.0,0.0,0.0,0.0,0.0,0.0,0.0,0.0,0,0,0,0,0,0,0,0,0,0,0,0,0.0,0.0
Chiquinho,0,0,0.0,0.0,0.0,0.0,0.0,0.0,0.0,0%,0.0,0.0,0.0,0.0,0.0,0.0,0.0,0.0,0.0,0.0,0.0,0.0,0.0,0.0,0.0,0,0.0,0.0,0.0,0%,0.0,0.0,0.0,0.0,0.0,0.0,0.0,0.0,0.0,0.0,0.0,0.0,0.0,0.0,0.0,0%,0.0,0.0,0.0,0.0,0.0,0.0,0.0,0.0,0.0,0,0,0,0,0,0,0,0,0,0,0,0,0.0,0.0
Tawanda Chirewa,0,0,8.0,0.0,0.0,6.0,0.0,0.0,7.0,43%,0.0,1.0,1.0,0.0,0.0,0.0,3.0,11.0,13.0,1.0,1.0,3.0,0.0,0.0,0.0,53,6.63,0.0,4.0,50%,0.0,1.0,1.0,0.0,4.0,1.0,0.0,0.0,0.0,0.0,0.0,0.0,0.0,3.0,1.0,33%,0.0,0.0,0.0,0.0,0.0,0.0,0.0,0.0,0.0,0,0,0,0,0,0,0,0,0,0,0,0,0.0,0.0
Leon Chiwome,0,0,3.0,0.0,0.0,2.0,0.0,0.0,2.0,0,0.0,1.0,0.0,2.0,2.0,0.0,0.0,0.0,0.0,0.0,0.0,0.0,0.0,0.0,0.0,22,7.33,0.0,0.0,0,0.0,0.0,0.0,0.0,2.0,2.0,0.0,0.0,0.0,0.0,0.0,0.0,0.0,2.0,0.0,0%,0.0,0.0,0.0,0.0,0.0,0.0,0.0,0.0,0.0,0,0,0,0,0,0,0,0,0,0,0,0,0.0,0.0
Tahith Chong,0,0,33.0,4.0,3.0,24.0,0.0,0.0,36.0,61%,0.0,16.0,8.0,10.0,4.0,0.0,104.0,133.0,130.0,25.0,9.0,22.0,0.0,0.0,0.0,499,15.12,0.0,35.0,23%,5.0,15.0,4.0,0.0,21.0,4.0,1.0,0.0,3.0,0.0,0.12,0.0,0.0,31.0,7.0,23%,1.0,0.0,0.0,0.0,0.0,0.0,0.0,0.0,0.0,0,0,0,0,0,0,0,0,0,0,0,0,0.0,0.0
Samy Chouchane,0,0,0.0,0.0,0.0,0.0,0.0,0.0,0.0,0%,0.0,0.0,0.0,0.0,0.0,0.0,0.0,0.0,0.0,0.0,0.0,0.0,0.0,0.0,0.0,0,0.0,0.0,0.0,0%,0.0,0.0,0.0,0.0,0.0,0.0,0.0,0.0,0.0,0.0,0.0,0.0,0.0,0.0,0.0,0%,0.0,0.0,0.0,0.0,0.0,0.0,0.0,0.0,0.0,0,0,0,0,0,0,0,0,0,0,0,0,0.0,0.0
Ryan Christie,https://www.instagram.com/ryanchristie2/,0,37.0,0.0,12.0,16.0,0.0,0.0,86.0,51%,0.0,14.0,52.0,50.0,27.0,0.0,231.0,196.0,225.0,51.0,22.0,38.0,0.0,0.0,5.0,"1,220",32.97,10.0,73.0,26%,17.0,88.0,6.0,0.0,48.0,5.0,0.0,0.0,0.0,0.0,0.0,0.0,0.0,43.0,13.0,30%,0.0,0.0,0.0,0.0,0.0,0.0,0.0,0.0,0.0,0,0,0,0,0,0,0,0,0,0,0,0,0.0,0.0
Carney Chukwuemeka,https://www.instagram.com/chukwuemeka10/,0,9.0,1.0,4.0,3.0,0.0,0.0,6.0,67%,0.0,1.0,0.0,1.0,0.0,0.0,11.0,11.0,22.0,2.0,1.0,3.0,0.0,0.0,1.0,133,14.78,0.0,1.0,0%,2.0,1.0,2.0,0.0,3.0,0.0,0.0,1.0,0.0,0.0,0.11,0.0,0.0,3.0,2.0,67%,0.0,0.0,0.0,0.0,0.0,0.0,0.0,0.0,0.0,0,0,0,0,0,0,0,0,0,0,0,0,0.0,0.0
Darko Churlinov,0,0,0.0,0.0,0.0,0.0,0.0,0.0,0.0,0,0.0,0.0,0.0,0.0,0.0,0.0,0.0,0.0,0.0,0.0,0.0,0.0,0.0,0.0,0.0,0,0.0,0.0,0.0,0,0.0,0.0,0.0,0.0,0.0,0.0,0.0,0.0,0.0,0.0,0.0,0.0,0.0,0.0,0.0,0%,0.0,0.0,0.0,0.0,0.0,0.0,0.0,0.0,0.0,0,0,0,0,0,0,0,0,0,0,0,0,0.0,0.0
Catalin Cîrjan,0,0,0.0,0.0,0.0,0.0,0.0,0.0,0.0,0%,0.0,0.0,0.0,0.0,0.0,0.0,0.0,0.0,0.0,0.0,0.0,0.0,0.0,0.0,0.0,0,0.0,0.0,0.0,0%,0.0,0.0,0.0,0.0,0.0,0.0,0.0,0.0,0.0,0.0,0.0,0.0,0.0,0.0,0.0,0%,0.0,0.0,0.0,0.0,0.0,0.0,0.0,0.0,0.0,0,0,0,0,0,0,0,0,0,0,0,0,0.0,0.0
Bobby Clark,https://www.instagram.com/bobbyclark/,0,5.0,0.0,5.0,0.0,0.0,0.0,2.0,50%,0.0,1.0,1.0,1.0,1.0,0.0,6.0,5.0,16.0,0.0,0.0,1.0,0.0,0.0,0.0,49,9.8,0.0,0.0,0%,0.0,1.0,0.0,0.0,4.0,0.0,0.0,0.0,0.0,0.0,0.0,0.0,0.0,2.0,0.0,0%,0.0,0.0,0.0,0.0,0.0,0.0,0.0,0.0,0.0,0,0,0,0,0,0,0,0,0,0,0,0,0.0,0.0
Regan Clayton,0,0,0.0,0.0,0.0,0.0,0.0,0.0,0.0,0%,0.0,0.0,0.0,0.0,0.0,0.0,0.0,0.0,0.0,0.0,0.0,0.0,0.0,0.0,0.0,0,0.0,0.0,0.0,0%,0.0,0.0,0.0,0.0,0.0,0.0,0.0,0.0,0.0,0.0,0.0,0.0,0.0,0.0,0.0,0,0.0,0.0,0.0,0.0,0.0,0.0,0.0,0.0,0.0,0,0,0,0,0,0,0,0,0,0,0,0,0.0,0.0
Séamus Coleman,https://twitter.com/seamiecoleman23,0,12.0,0.0,3.0,5.0,3.0,10.0,17.0,82%,0.0,0.0,7.0,24.0,10.0,1.0,39.0,29.0,25.0,6.0,1.0,4.0,1.0,1.0,0.0,220,18.33,1.0,13.0,15%,0.0,11.0,0.0,0.0,6.0,0.0,0.0,0.0,0.0,0.0,0.0,0.0,0.0,0.0,0.0,0,0.0,0.0,0.0,0.0,0.0,0.0,0.0,0.0,0.0,0,0,0,0,0,0,0,0,0,0,0,0,0.0,0.0
Nathan Collins,https://www.instagram.com/_nathancollins/,0,32.0,1.0,9.0,14.0,7.0,51.0,38.0,53%,1.0,2.0,44.0,129.0,70.0,0.0,136.0,145.0,72.0,11.0,73.0,35.0,0.0,4.0,1.0,"1,468",45.88,5.0,4.0,25%,2.0,69.0,3.0,0.0,12.0,3.0,1.0,0.0,0.0,0.0,0.0,0.0,0.0,0.0,0.0,0,0.0,0.0,0.0,0.0,0.0,0.0,0.0,0.0,0.0,0,0,0,0,0,0,0,0,0,0,0,0,0.0,0.0
Toby Collyer,0,0,0.0,0.0,0.0,0.0,0.0,0.0,0.0,0%,0.0,0.0,0.0,0.0,0.0,0.0,0.0,0.0,0.0,0.0,0.0,0.0,0.0,0.0,0.0,0,0.0,0.0,0.0,0%,0.0,0.0,0.0,0.0,0.0,0.0,0.0,0.0,0.0,0.0,0.0,0.0,0.0,0.0,0.0,0%,0.0,0.0,0.0,0.0,0.0,0.0,0.0,0.0,0.0,0,0,0,0,0,0,0,0,0,0,0,0,0.0,0.0
Levi Colwill,0,0,23.0,1.0,10.0,8.0,4.0,26.0,48.0,63%,1.0,3.0,26.0,64.0,37.0,0.0,96.0,114.0,61.0,9.0,44.0,20.0,0.0,0.0,1.0,"1,053",45.78,3.0,12.0,0%,4.0,43.0,2.0,0.0,25.0,4.0,1.0,0.0,0.0,0.0,0.0,0.0,0.0,0.0,0.0,0,0.0,0.0,0.0,0.0,0.0,0.0,0.0,0.0,0.0,0,0,0,0,0,0,0,0,0,0,0,0,0.0,0.0
Aaron Connolly,0,0,45.0,0.0,0.0,0.0,0.0,0.0,0.0,0,0.0,0.0,0.0,0.0,0.0,0.0,0.0,0.0,0.0,0.0,0.0,0.0,0.0,0.0,0.0,0,0.0,0.0,0.0,0,0.0,0.0,0.0,0.0,0.0,0.0,0.0,0.0,0.0,0.0,0.0,0.0,0.0,0.0,0.0,0%,0.0,0.0,0.0,0.0,0.0,0.0,0.0,0.0,0.0,0,0,0,0,0,0,0,0,0,0,0,0,0.0,0.0
Theo Corbeanu,0,0,0.0,0.0,0.0,0.0,0.0,0.0,0.0,0,0.0,0.0,0.0,0.0,0.0,0.0,0.0,0.0,0.0,0.0,0.0,0.0,0.0,0.0,0.0,0,0.0,0.0,0.0,0,0.0,0.0,0.0,0.0,0.0,0.0,0.0,0.0,0.0,0.0,0.0,0.0,0.0,0.0,0.0,0%,0.0,0.0,0.0,0.0,0.0,0.0,0.0,0.0,0.0,0,0,0,0,0,0,0,0,0,0,0,0,0.0,0.0
Maxwel Cornet,https://www.instagram.com/cornetmaxwel/,0,7.0,1.0,0.0,4.0,0.0,0.0,3.0,0,0.0,1.0,2.0,1.0,0.0,0.0,0.0,0.0,0.0,0.0,0.0,0.0,0.0,0.0,0.0,48,6.86,0.0,1.0,0,0.0,0.0,0.0,0.0,2.0,3.0,0.0,0.0,1.0,0.0,0.14,0.0,0.0,4.0,1.0,25%,0.0,0.0,0.0,0.0,0.0,0.0,0.0,0.0,0.0,0,0,0,0,0,0,0,0,0,0,0,0,0.0,0.0
Dara Costelloe,0,0,0.0,0.0,0.0,0.0,0.0,0.0,0.0,0,0.0,0.0,0.0,0.0,0.0,0.0,0.0,0.0,0.0,0.0,0.0,0.0,0.0,0.0,0.0,0,0.0,0.0,0.0,0,0.0,0.0,0.0,0.0,0.0,0.0,0.0,0.0,0.0,0.0,0.0,0.0,0.0,0.0,0.0,0%,0.0,0.0,0.0,0.0,0.0,0.0,0.0,0.0,0.0,0,0,0,0,0,0,0,0,0,0,0,0,0.0,0.0
Vladimír Coufal,https://www.instagram.com/cuf_5/,0,36.0,0.0,14.0,14.0,3.0,69.0,64.0,64%,0.0,2.0,43.0,83.0,48.0,0.0,154.0,142.0,137.0,12.0,40.0,37.0,0.0,0.0,7.0,"1,229",34.14,6.0,106.0,24%,2.0,39.0,5.0,1.0,32.0,1.0,0.0,0.0,0.0,1.0,0.0,0.0,0.0,0.0,0.0,0,0.0,0.0,0.0,0.0,0.0,0.0,0.0,0.0,0.0,0,0,0,0,0,0,0,0,0,0,0,0,0.0,0.0
Ismaila Coulibaly,0,0,0.0,0.0,0.0,0.0,0.0,0.0,0.0,0%,0.0,0.0,0.0,0.0,0.0,0.0,0.0,0.0,0.0,0.0,0.0,0.0,0.0,0.0,0.0,0,0.0,0.0,0.0,0%,0.0,0.0,0.0,0.0,0.0,0.0,0.0,0.0,0.0,0.0,0.0,0.0,0.0,0.0,0.0,0%,0.0,0.0,0.0,0.0,0.0,0.0,0.0,0.0,0.0,0,0,0,0,0,0,0,0,0,0,0,0,0.0,0.0
Conor Coventry,0,0,0.0,0.0,0.0,0.0,0.0,0.0,0.0,0%,0.0,0.0,0.0,0.0,0.0,0.0,0.0,0.0,0.0,0.0,0.0,0.0,0.0,0.0,0.0,0,0.0,0.0,0.0,0%,0.0,0.0,0.0,0.0,0.0,0.0,0.0,0.0,0.0,0.0,0.0,0.0,0.0,0.0,0.0,0%,0.0,0.0,0.0,0.0,0.0,0.0,0.0,0.0,0.0,0,0,0,0,0,0,0,0,0,0,0,0,0.0,0.0
Matthew Cox,0,0,0.0,0.0,0.0,0.0,0.0,0.0,0.0,0,0.0,0.0,0.0,0.0,0.0,0.0,0.0,0.0,0.0,0.0,0.0,0.0,0.0,0.0,0.0,0,0.0,0.0,0,0,0.0,0.0,0.0,0.0,0.0,0.0,0.0,0.0,0.0,0.0,0.0,0.0,0.0,0.0,0.0,0,0.0,0.0,0.0,0.0,0.0,0.0,0.0,0.0,0.0,0,0,0,0,0,0,0,0,0,0,0,0,0.0,0.0
Amario Cozier-Duberry,0,0,0.0,0.0,0.0,0.0,0.0,0.0,0.0,0%,0.0,0.0,0.0,0.0,0.0,0.0,0.0,0.0,0.0,0.0,0.0,0.0,0.0,0.0,0.0,0,0.0,0.0,0.0,0%,0.0,0.0,0.0,0.0,0.0,0.0,0.0,0.0,0.0,0.0,0.0,0.0,0.0,0.0,0.0,0%,0.0,0.0,0.0,0.0,0.0,0.0,0.0,0.0,0.0,0,0,0,0,0,0,0,0,0,0,0,0,0.0,0.0
Tristan Crama,0,0,0.0,0.0,0.0,0.0,0.0,0.0,0.0,0%,0.0,0.0,0.0,0.0,0.0,0.0,0.0,0.0,0.0,0.0,0.0,0.0,0.0,0.0,0.0,0,0.0,0.0,0.0,0%,0.0,0.0,0.0,0.0,0.0,0.0,0.0,0.0,0.0,0.0,0.0,0.0,0.0,0.0,0.0,0,0.0,0.0,0.0,0.0,0.0,0.0,0.0,0.0,0.0,0,0,0,0,0,0,0,0,0,0,0,0,0.0,0.0
Billy Crellin,0,0,0.0,0.0,0.0,0.0,0.0,0.0,0.0,0,0.0,0.0,0.0,0.0,0.0,0.0,0.0,0.0,0.0,0.0,0.0,0.0,0.0,0.0,0.0,0,0.0,0.0,0,0,0.0,0.0,0.0,0.0,0.0,0.0,0.0,0.0,0.0,0.0,0.0,0.0,0.0,0.0,0.0,0,0.0,0.0,0.0,0.0,0.0,0.0,0.0,0.0,0.0,0,0,0,0,0,0,0,0,0,0,0,0,0.0,0.0
Marc Cucurella,https://twitter.com/Cucurella3,https://www.instagram.com/cucurella3/,21.0,0.0,11.0,5.0,4.0,33.0,62.0,61%,0.0,2.0,22.0,33.0,16.0,0.0,96.0,123.0,83.0,4.0,25.0,17.0,1.0,0.0,2.0,"1,057",50.33,1.0,16.0,31%,1.0,15.0,10.0,0.0,23.0,1.0,0.0,0.0,0.0,0.0,0.0,0.0,0.0,0.0,0.0,0,0.0,0.0,0.0,0.0,0.0,0.0,0.0,0.0,0.0,0,0,0,0,0,0,0,0,0,0,0,0,0.0,0.0
Josh Cullen,0,0,25.0,2.0,3.0,15.0,0.0,0.0,42.0,69%,0.0,7.0,15.0,24.0,7.0,0.0,141.0,113.0,82.0,3.0,21.0,24.0,0.0,0.0,3.0,"1,341",53.64,3.0,26.0,38%,5.0,35.0,9.0,0.0,24.0,0.0,0.0,1.0,1.0,0.0,0.08,0.0,0.0,16.0,5.0,31%,0.0,0.0,0.0,0.0,0.0,0.0,0.0,0.0,0.0,0,0,0,0,0,0,0,0,0,0,0,0,0.0,0.0
Jamie Cumming,0,0,0.0,0.0,0.0,0.0,0.0,0.0,0.0,0,0.0,0.0,0.0,0.0,0.0,0.0,0.0,0.0,0.0,0.0,0.0,0.0,0.0,0.0,0.0,0,0.0,0.0,0,0,0.0,0.0,0.0,0.0,0.0,0.0,0.0,0.0,0.0,0.0,0.0,0.0,0.0,0.0,0.0,0,0.0,0.0,0.0,0.0,0.0,0.0,0.0,0.0,0.0,0,0,0,0,0,0,0,0,0,0,0,0,0.0,0.0
Luke Cundle,0,0,0.0,0.0,0.0,0.0,0.0,0.0,0.0,0%,0.0,0.0,0.0,0.0,0.0,0.0,0.0,0.0,0.0,0.0,0.0,0.0,0.0,0.0,0.0,0,0.0,0.0,0.0,0%,0.0,0.0,0.0,0.0,0.0,0.0,0.0,0.0,0.0,0.0,0.0,0.0,0.0,0.0,0.0,0%,0.0,0.0,0.0,0.0,0.0,0.0,0.0,0.0,0.0,0,0,0,0,0,0,0,0,0,0,0,0,0.0,0.0
Ted Curd,0,0,0.0,0.0,0.0,0.0,0.0,0.0,0.0,0,0.0,0.0,0.0,0.0,0.0,0.0,0.0,0.0,0.0,0.0,0.0,0.0,0.0,0.0,0.0,0,0.0,0.0,0,0,0.0,0.0,0.0,0.0,0.0,0.0,0.0,0.0,0.0,0.0,0.0,0.0,0.0,0.0,0.0,0,0.0,0.0,0.0,0.0,0.0,0.0,0.0,0.0,0.0,0,0,0,0,0,0,0,0,0,0,0,0,0.0,0.0
Sam Curtis,0,0,1.0,0.0,0.0,1.0,0.0,0.0,1.0,0%,0.0,0.0,0.0,0.0,0.0,0.0,1.0,1.0,2.0,0.0,0.0,0.0,0.0,0.0,0.0,7,7.0,0.0,1.0,0%,0.0,0.0,0.0,0.0,0.0,0.0,0.0,0.0,0.0,0.0,0.0,0.0,0.0,0.0,0.0,0,0.0,0.0,0.0,0.0,0.0,0.0,0.0,0.0,0.0,0,0,0,0,0,0,0,0,0,0,0,0,0.0,0.0
Luciano D'Auria-Henry,0,0,0.0,0.0,0.0,0.0,0.0,0.0,0.0,0%,0.0,0.0,0.0,0.0,0.0,0.0,0.0,0.0,0.0,0.0,0.0,0.0,0.0,0.0,0.0,0,0.0,0.0,0.0,0%,0.0,0.0,0.0,0.0,0.0,0.0,0.0,0.0,0.0,0.0,0.0,0.0,0.0,0.0,0.0,0,0.0,0.0,0.0,0.0,0.0,0.0,0.0,0.0,0.0,0,0,0,0,0,0,0,0,0,0,0,0,0.0,0.0
Michael Dacosta Gonzalez,0,0,0.0,0.0,0.0,0.0,0.0,0.0,0.0,0,0.0,0.0,0.0,0.0,0.0,0.0,0.0,0.0,0.0,0.0,0.0,0.0,0.0,0.0,0.0,0,0.0,0.0,0.0,0,0.0,0.0,0.0,0.0,0.0,0.0,0.0,0.0,0.0,0.0,0.0,0.0,0.0,0.0,0.0,0%,0.0,0.0,0.0,0.0,0.0,0.0,0.0,0.0,0.0,0,0,0,0,0,0,0,0,0,0,0,0,0.0,0.0
Mikkel Damsgaard,https://www.instagram.com/mikkeldamsgaard00/,0,23.0,0.0,5.0,13.0,0.0,0.0,29.0,59%,0.0,3.0,11.0,10.0,5.0,0.0,57.0,58.0,70.0,9.0,12.0,11.0,0.0,0.0,2.0,394,17.13,5.0,29.0,10%,10.0,23.0,2.0,0.0,14.0,3.0,0.0,0.0,0.0,0.0,0.0,0.0,0.0,9.0,4.0,44%,1.0,0.0,0.0,0.0,0.0,0.0,0.0,0.0,0.0,0,0,0,0,0,0,0,0,0,0,0,0,0.0,0.0
Daniel Podence,https://www.instagram.com/podence/,0,0.0,0.0,0.0,0.0,0.0,0.0,0.0,0%,0.0,0.0,0.0,0.0,0.0,0.0,0.0,0.0,0.0,0.0,0.0,0.0,0.0,0.0,0.0,0,0.0,0.0,0.0,0%,0.0,0.0,0.0,0.0,0.0,0.0,0.0,0.0,0.0,0.0,0.0,0.0,0.0,0.0,0.0,0%,0.0,0.0,0.0,0.0,0.0,0.0,0.0,0.0,0.0,0,0,0,0,0,0,0,0,0,0,0,0,0.0,0.0
Danilo,https://www.instagram.com/daniillo_10/?hl=en,0,29.0,2.0,9.0,17.0,0.0,0.0,36.0,50%,0.0,7.0,35.0,41.0,10.0,0.0,118.0,76.0,69.0,17.0,15.0,10.0,0.0,0.0,2.0,725,25.0,2.0,26.0,15%,4.0,45.0,4.0,0.0,13.0,2.0,0.0,1.0,1.0,0.0,0.07,0.0,0.0,23.0,7.0,30%,1.0,0.0,0.0,0.0,0.0,0.0,0.0,0.0,0.0,0,0,0,0,0,0,0,0,0,0,0,0,0.0,0.0
Arnaut Danjuma,0,0,14.0,1.0,1.0,10.0,0.0,0.0,6.0,0,0.0,8.0,3.0,0.0,0.0,0.0,0.0,0.0,0.0,0.0,0.0,0.0,0.0,0.0,0.0,140,10.0,1.0,10.0,0,0.0,0.0,0.0,0.0,7.0,3.0,0.0,0.0,1.0,2.0,0.07,0.0,0.0,25.0,9.0,36%,5.0,0.0,0.0,0.0,0.0,0.0,0.0,0.0,0.0,0,0,0,0,0,0,0,0,0,0,0,0,0.0,0.0
Jayden Danns,0,0,2.0,0.0,2.0,0.0,0.0,0.0,0.0,0,0.0,0.0,0.0,0.0,0.0,0.0,0.0,0.0,0.0,0.0,0.0,0.0,0.0,0.0,0.0,7,3.5,0.0,0.0,0,0.0,0.0,1.0,0.0,2.0,0.0,0.0,0.0,0.0,0.0,0.0,0.0,0.0,0.0,0.0,0%,0.0,0.0,0.0,0.0,0.0,0.0,0.0,0.0,0.0,0,0,0,0,0,0,0,0,0,0,0,0,0.0,0.0
Josh Dasilva,https://twitter.com/joshdasilva_,https://www.instagram.com/joshdasilva1/,3.0,0.0,2.0,1.0,0.0,0.0,2.0,50%,0.0,0.0,0.0,0.0,0.0,0.0,2.0,4.0,8.0,2.0,0.0,0.0,0.0,0.0,0.0,13,4.33,0.0,6.0,17%,0.0,0.0,0.0,0.0,2.0,0.0,0.0,0.0,0.0,0.0,0.0,0.0,0.0,0.0,0.0,0%,0.0,0.0,0.0,0.0,0.0,0.0,0.0,0.0,0.0,0,0,0,0,0,0,0,0,0,0,0,0,0.0,0.0
Tom Davies,0,0,9.0,0.0,1.0,7.0,0.0,0.0,10.0,50%,0.0,2.0,3.0,5.0,2.0,0.0,21.0,17.0,24.0,2.0,3.0,3.0,0.0,1.0,0.0,92,10.22,0.0,4.0,0%,1.0,2.0,2.0,0.0,7.0,0.0,0.0,0.0,0.0,0.0,0.0,0.0,0.0,4.0,1.0,25%,0.0,0.0,0.0,0.0,0.0,0.0,0.0,0.0,0.0,0,0,0,0,0,0,0,0,0,0,0,0,0.0,0.0
Keinan Davis,0,0,0.0,0.0,0.0,0.0,0.0,0.0,0.0,0,0.0,0.0,0.0,0.0,0.0,0.0,0.0,0.0,0.0,0.0,0.0,0.0,0.0,0.0,0.0,0,0.0,0.0,0.0,0,0.0,0.0,0.0,0.0,0.0,0.0,0.0,0.0,0.0,0.0,0.0,0.0,0.0,0.0,0.0,0%,0.0,0.0,0.0,0.0,0.0,0.0,0.0,0.0,0.0,0,0,0,0,0,0,0,0,0,0,0,0,0.0,0.0
Lucas De Bolle,0,0,0.0,0.0,0.0,0.0,0.0,0.0,0.0,0%,0.0,0.0,0.0,0.0,0.0,0.0,0.0,0.0,0.0,0.0,0.0,0.0,0.0,0.0,0.0,0,0.0,0.0,0.0,0%,0.0,0.0,0.0,0.0,0.0,0.0,0.0,0.0,0.0,0.0,0.0,0.0,0.0,0.0,0.0,0%,0.0,0.0,0.0,0.0,0.0,0.0,0.0,0.0,0.0,0,0,0,0,0,0,0,0,0,0,0,0,0.0,0.0
Kevin De Bruyne,https://www.facebook.com/DeBruyneOfficial,https://twitter.com/DeBruyneKev,18.0,4.0,15.0,0.0,0.0,0.0,14.0,64%,0.0,14.0,4.0,4.0,3.0,0.0,54.0,43.0,70.0,10.0,6.0,5.0,0.0,0.0,10.0,804,44.67,21.0,136.0,26%,11.0,22.0,2.0,0.0,11.0,1.0,1.0,2.0,1.0,0.0,0.22,0.0,0.0,44.0,17.0,39%,1.0,0.0,0.0,0.0,0.0,0.0,0.0,0.0,0.0,0,0,0,0,0,0,0,0,0,0,0,0,0.0,0.0
Luc De Fougerolles,0,0,0.0,0.0,0.0,0.0,0.0,0.0,0.0,0%,0.0,0.0,0.0,0.0,0.0,0.0,0.0,0.0,0.0,0.0,0.0,0.0,0.0,0.0,0.0,0,0.0,0.0,0.0,0%,0.0,0.0,0.0,0.0,0.0,0.0,0.0,0.0,0.0,0.0,0.0,0.0,0.0,0.0,0.0,0,0.0,0.0,0.0,0.0,0.0,0.0,0.0,0.0,0.0,0,0,0,0,0,0,0,0,0,0,0,0,0.0,0.0
David de Gea,0,0,0.0,0.0,0.0,0.0,0.0,0.0,0.0,0,0.0,0.0,0.0,0.0,0.0,0.0,0.0,0.0,0.0,0.0,0.0,0.0,0.0,0.0,0.0,0,0.0,0.0,0,0,0.0,0.0,0.0,0.0,0.0,0.0,0.0,0.0,0.0,0.0,0.0,0.0,0.0,0.0,0.0,0,0.0,0.0,0.0,0.0,0.0,0.0,0.0,0.0,0.0,0,0,0,0,0,0,0,0,0,0,0,0,0.0,0.0
Deivid Washington,0,0,2.0,0.0,1.0,1.0,0.0,0.0,1.0,0,0.0,0.0,0.0,0.0,0.0,0.0,0.0,0.0,0.0,0.0,0.0,0.0,0.0,0.0,0.0,1,0.5,0.0,0.0,0,0.0,0.0,0.0,0.0,0.0,0.0,0.0,0.0,0.0,0.0,0.0,0.0,0.0,1.0,0.0,0%,0.0,0.0,0.0,0.0,0.0,0.0,0.0,0.0,0.0,0,0,0,0,0,0,0,0,0,0,0,0,0.0,0.0
Hannes Delcroix,0,0,12.0,0.0,2.0,8.0,0.0,25.0,10.0,60%,1.0,0.0,9.0,23.0,7.0,0.0,29.0,21.0,21.0,3.0,8.0,10.0,0.0,0.0,0.0,318,26.5,0.0,5.0,40%,0.0,12.0,2.0,0.0,6.0,0.0,0.0,0.0,0.0,0.0,0.0,0.0,0.0,0.0,0.0,0,0.0,0.0,0.0,0.0,0.0,0.0,0.0,0.0,0.0,0,0,0,0,0,0,0,0,0,0,0,0,0.0,0.0
Siriki Dembélé,0,0,0.0,0.0,0.0,0.0,0.0,0.0,0.0,0%,0.0,0.0,0.0,0.0,0.0,0.0,0.0,0.0,0.0,0.0,0.0,0.0,0.0,0.0,0.0,0,0.0,0.0,0.0,0%,0.0,0.0,0.0,0.0,0.0,0.0,0.0,0.0,0.0,0.0,0.0,0.0,0.0,0.0,0.0,0%,0.0,0.0,0.0,0.0,0.0,0.0,0.0,0.0,0.0,0,0,0,0,0,0,0,0,0,0,0,0,0.0,0.0
Leander Dendoncker,https://www.instagram.com/l.dendoncker/,0,8.0,1.0,6.0,2.0,0.0,0.0,6.0,67%,0.0,1.0,2.0,3.0,2.0,0.0,4.0,11.0,8.0,0.0,4.0,5.0,0.0,0.0,0.0,56,7.0,0.0,0.0,0%,0.0,3.0,0.0,0.0,1.0,0.0,0.0,1.0,0.0,0.0,0.13,0.0,0.0,2.0,1.0,50%,0.0,0.0,0.0,0.0,0.0,0.0,0.0,0.0,0.0,0,0,0,0,0,0,0,0,0,0,0,0,0.0,0.0
Will Dennis,https://twitter.com/WillDennis40,https://www.instagram.com/will_jdennis40/?hl=en,0.0,0.0,0.0,0.0,0.0,0.0,0.0,0,0.0,0.0,0.0,0.0,0.0,0.0,0.0,0.0,0.0,0.0,0.0,0.0,0.0,0.0,0.0,0,0.0,0.0,0,0,0.0,0.0,0.0,0.0,0.0,0.0,0.0,0.0,0.0,0.0,0.0,0.0,0.0,0.0,0.0,0,0.0,0.0,0.0,0.0,0.0,0.0,0.0,0.0,0.0,0,0,0,0,0,0,0,0,0,0,0,0,0.0,0.0
Halil Dervisoglu,0,0,0.0,0.0,0.0,0.0,0.0,0.0,0.0,0,0.0,0.0,0.0,0.0,0.0,0.0,0.0,0.0,0.0,0.0,0.0,0.0,0.0,0.0,0.0,0,0.0,0.0,0.0,0,0.0,0.0,0.0,0.0,0.0,0.0,0.0,0.0,0.0,0.0,0.0,0.0,0.0,0.0,0.0,0%,0.0,0.0,0.0,0.0,0.0,0.0,0.0,0.0,0.0,0,0,0,0,0,0,0,0,0,0,0,0,0.0,0.0
Justin Devenny,0,0,0.0,0.0,0.0,0.0,0.0,0.0,0.0,0%,0.0,0.0,0.0,0.0,0.0,0.0,0.0,0.0,0.0,0.0,0.0,0.0,0.0,0.0,0.0,0,0.0,0.0,0.0,0%,0.0,0.0,0.0,0.0,0.0,0.0,0.0,0.0,0.0,0.0,0.0,0.0,0.0,0.0,0.0,0%,0.0,0.0,0.0,0.0,0.0,0.0,0.0,0.0,0.0,0,0,0,0,0,0,0,0,0,0,0,0,0.0,0.0
Alfie Devine,0,0,0.0,0.0,0.0,0.0,0.0,0.0,0.0,0%,0.0,0.0,0.0,0.0,0.0,0.0,0.0,0.0,0.0,0.0,0.0,0.0,0.0,0.0,0.0,0,0.0,0.0,0.0,0%,0.0,0.0,0.0,0.0,0.0,0.0,0.0,0.0,0.0,0.0,0.0,0.0,0.0,0.0,0.0,0%,0.0,0.0,0.0,0.0,0.0,0.0,0.0,0.0,0.0,0,0,0,0,0,0,0,0,0,0,0,0,0.0,0.0
Marcus Dewhurst,0,0,0.0,0.0,0.0,0.0,0.0,0.0,0.0,0,0.0,0.0,0.0,0.0,0.0,0.0,0.0,0.0,0.0,0.0,0.0,0.0,0.0,0.0,0.0,0,0.0,0.0,0,0,0.0,0.0,0.0,0.0,0.0,0.0,0.0,0.0,0.0,0.0,0.0,0.0,0.0,0.0,0.0,0,0.0,0.0,0.0,0.0,0.0,0.0,0.0,0.0,0.0,0,0,0,0,0,0,0,0,0,0,0,0,0.0,0.0
Moussa Diaby,0,0,38.0,6.0,20.0,10.0,0.0,0.0,12.0,0,0.0,15.0,9.0,5.0,2.0,0.0,0.0,0.0,0.0,0.0,0.0,0.0,0.0,0.0,8.0,569,14.97,13.0,45.0,0,0.0,0.0,1.0,0.0,16.0,6.0,0.0,3.0,3.0,1.0,0.16,0.0,0.0,54.0,23.0,43%,7.0,0.0,0.0,0.0,0.0,0.0,0.0,0.0,0.0,0,0,0,0,0,0,0,0,0,0,0,0,0.0,0.0
Amad Diallo,0,0,9.0,1.0,3.0,4.0,0.0,0.0,10.0,0,0.0,3.0,1.0,6.0,3.0,0.0,0.0,0.0,0.0,0.0,0.0,0.0,0.0,0.0,1.0,167,18.56,1.0,1.0,0,0.0,0.0,1.0,0.0,5.0,0.0,0.0,0.0,1.0,0.0,0.11,0.0,0.0,10.0,4.0,40%,0.0,0.0,0.0,0.0,0.0,0.0,0.0,0.0,0.0,0,0,0,0,0,0,0,0,0,0,0,0,0.0,0.0
Luis Díaz,https://www.instagram.com/luisdiaz19_/,0,37.0,8.0,23.0,4.0,0.0,0.0,35.0,0,0.0,29.0,3.0,7.0,2.0,0.0,0.0,0.0,0.0,0.0,0.0,0.0,0.0,0.0,5.0,"1,019",27.54,5.0,26.0,0,0.0,0.0,3.0,0.0,54.0,20.0,1.0,4.0,2.0,3.0,0.22,0.0,0.0,94.0,32.0,34%,13.0,0.0,0.0,0.0,0.0,0.0,0.0,0.0,0.0,0,0,0,0,0,0,0,0,0,0,0,0,0.0,0.0
Matthew Dibley-Dias,0,0,0.0,0.0,0.0,0.0,0.0,0.0,0.0,0%,0.0,0.0,0.0,0.0,0.0,0.0,0.0,0.0,0.0,0.0,0.0,0.0,0.0,0.0,0.0,0,0.0,0.0,0.0,0%,0.0,0.0,0.0,0.0,0.0,0.0,0.0,0.0,0.0,0.0,0.0,0.0,0.0,0.0,0.0,0%,0.0,0.0,0.0,0.0,0.0,0.0,0.0,0.0,0.0,0,0,0,0,0,0,0,0,0,0,0,0,0.0,0.0
Diego Carlos,https://www.instagram.com/d.carlos03/,0,27.0,0.0,12.0,9.0,5.0,36.0,27.0,59%,2.0,2.0,13.0,78.0,35.0,1.0,78.0,54.0,66.0,2.0,22.0,28.0,0.0,1.0,0.0,"1,339",49.59,0.0,1.0,0%,0.0,66.0,4.0,0.0,26.0,1.0,0.0,0.0,0.0,0.0,0.0,0.0,0.0,0.0,0.0,0,0.0,0.0,0.0,0.0,0.0,0.0,0.0,0.0,0.0,0,0,0,0,0,0,0,0,0,0,0,0,0.0,0.0
Diego Costa,0,0,0.0,0.0,0.0,0.0,0.0,0.0,0.0,0,0.0,0.0,0.0,0.0,0.0,0.0,0.0,0.0,0.0,0.0,0.0,0.0,0.0,0.0,0.0,0,0.0,0.0,0.0,0,0.0,0.0,0.0,0.0,0.0,0.0,0.0,0.0,0.0,0.0,0.0,0.0,0.0,0.0,0.0,0%,0.0,0.0,0.0,0.0,0.0,0.0,0.0,0.0,0.0,0,0,0,0,0,0,0,0,0,0,0,0,0.0,0.0
Diego Moreira,0,0,0.0,0.0,0.0,0.0,0.0,0.0,0.0,0,0.0,0.0,0.0,0.0,0.0,0.0,0.0,0.0,0.0,0.0,0.0,0.0,0.0,0.0,0.0,0,0.0,0.0,0.0,0,0.0,0.0,0.0,0.0,0.0,0.0,0.0,0.0,0.0,0.0,0.0,0.0,0.0,0.0,0.0,0%,0.0,0.0,0.0,0.0,0.0,0.0,0.0,0.0,0.0,0,0,0,0,0,0,0,0,0,0,0,0,0.0,0.0
Eric Dier,0,0,4.0,0.0,2.0,2.0,0.0,8.0,2.0,50%,0.0,0.0,2.0,12.0,6.0,0.0,7.0,6.0,5.0,0.0,3.0,5.0,0.0,0.0,0.0,141,35.25,0.0,0.0,0%,0.0,2.0,0.0,0.0,0.0,2.0,0.0,0.0,0.0,0.0,0.0,0.0,0.0,0.0,0.0,0,0.0,0.0,0.0,0.0,0.0,0.0,0.0,0.0,0.0,0,0,0,0,0,0,0,0,0,0,0,0,0.0,0.0
Lucas Digne,https://twitter.com/LucasDigne?s=20,https://www.instagram.com/lucasdigne/,33.0,1.0,17.0,9.0,3.0,41.0,47.0,40%,0.0,7.0,26.0,61.0,40.0,0.0,101.0,129.0,101.0,10.0,42.0,25.0,0.0,0.0,3.0,"1,013",30.7,5.0,154.0,23%,0.0,21.0,7.0,0.0,29.0,3.0,1.0,0.0,0.0,0.0,0.0,0.0,0.0,0.0,0.0,0,0.0,0.0,0.0,0.0,0.0,0.0,0.0,0.0,0.0,0,0,0,0,0,0,0,0,0,0,0,0,0.0,0.0
Diogo Dalot,https://www.facebook.com/DalotDiogo/,https://www.instagram.com/diogodalot/,36.0,2.0,17.0,13.0,7.0,55.0,81.0,63%,0.0,10.0,37.0,96.0,46.0,3.0,195.0,158.0,120.0,31.0,32.0,26.0,0.0,0.0,3.0,"1,492",41.44,5.0,80.0,30%,1.0,77.0,4.0,1.0,45.0,2.0,0.0,2.0,0.0,2.0,0.0,0.0,0.0,0.0,0.0,0,0.0,0.0,0.0,0.0,0.0,0.0,0.0,0.0,0.0,0,0,0,0,0,0,0,0,0,0,0,0,0.0,0.0
Diogo Jota,https://www.facebook.com/diogojota10/,https://twitter.com/DiogoJota18,21.0,10.0,15.0,3.0,0.0,0.0,23.0,0,0.0,11.0,7.0,4.0,3.0,0.0,0.0,0.0,0.0,0.0,0.0,0.0,0.0,0.0,3.0,384,18.29,4.0,9.0,0,0.0,0.0,1.0,1.0,27.0,3.0,1.0,5.0,4.0,0.0,0.48,0.0,0.0,41.0,20.0,49%,3.0,0.0,0.0,0.0,0.0,0.0,0.0,0.0,0.0,0,0,0,0,0,0,0,0,0,0,0,0,0.0,0.0
Issa Diop,https://twitter.com/IssaDiop97,https://www.instagram.com/issa_diop_05/,18.0,0.0,6.0,7.0,4.0,25.0,30.0,53%,1.0,1.0,17.0,80.0,35.0,3.0,65.0,60.0,43.0,1.0,25.0,17.0,0.0,1.0,0.0,"1,076",59.78,0.0,0.0,0%,1.0,37.0,2.0,1.0,17.0,0.0,0.0,0.0,0.0,0.0,0.0,0.0,0.0,0.0,0.0,0,0.0,0.0,0.0,0.0,0.0,0.0,0.0,0.0,0.0,0,0,0,0,0,0,0,0,0,0,0,0,0.0,0.0
Axel Disasi,https://www.instagram.com/axel_disasi/?hl=en,0,31.0,2.0,13.0,10.0,5.0,50.0,33.0,58%,1.0,1.0,18.0,97.0,51.0,0.0,150.0,134.0,71.0,12.0,73.0,33.0,1.0,0.0,0.0,"2,198",70.9,0.0,10.0,10%,3.0,45.0,6.0,0.0,17.0,4.0,1.0,1.0,0.0,0.0,0.0,0.0,0.0,0.0,0.0,0,0.0,0.0,0.0,0.0,0.0,0.0,0.0,0.0,0.0,0,0,0,0,0,0,0,0,0,0,0,0,0.0,0.0
Ben Doak,0,0,1.0,0.0,0.0,0.0,0.0,0.0,0.0,0,0.0,0.0,0.0,0.0,0.0,0.0,0.0,0.0,0.0,0.0,0.0,0.0,0.0,0.0,0.0,4,4.0,0.0,0.0,0,0.0,0.0,0.0,0.0,0.0,0.0,0.0,0.0,0.0,0.0,0.0,0.0,0.0,0.0,0.0,0%,0.0,0.0,0.0,0.0,0.0,0.0,0.0,0.0,0.0,0,0,0,0,0,0,0,0,0,0,0,0,0.0,0.0
Lewis Dobbin,https://www.instagram.com/lewisdobbin10/,0,12.0,1.0,3.0,7.0,0.0,0.0,9.0,0,0.0,0.0,1.0,0.0,0.0,0.0,0.0,0.0,0.0,0.0,0.0,0.0,0.0,0.0,0.0,54,4.5,1.0,7.0,0,0.0,0.0,1.0,0.0,3.0,0.0,0.0,0.0,1.0,0.0,0.08,0.0,0.0,5.0,2.0,40%,1.0,0.0,0.0,0.0,0.0,0.0,0.0,0.0,0.0,0,0,0,0,0,0,0,0,0,0,0,0,0.0,0.0
Owen Dodgson,0,0,0.0,0.0,0.0,0.0,0.0,0.0,0.0,0%,0.0,0.0,0.0,0.0,0.0,0.0,0.0,0.0,0.0,0.0,0.0,0.0,0.0,0.0,0.0,0,0.0,0.0,0.0,0%,0.0,0.0,0.0,0.0,0.0,0.0,0.0,0.0,0.0,0.0,0.0,0.0,0.0,0.0,0.0,0,0.0,0.0,0.0,0.0,0.0,0.0,0.0,0.0,0.0,0,0,0,0,0,0,0,0,0,0,0,0,0.0,0.0
Jérémy Doku,0,0,29.0,3.0,21.0,2.0,0.0,0.0,39.0,0,0.0,22.0,9.0,2.0,1.0,0.0,0.0,0.0,0.0,0.0,0.0,0.0,0.0,0.0,8.0,786,27.1,5.0,61.0,0,0.0,0.0,3.0,0.0,15.0,5.0,0.0,3.0,0.0,2.0,0.1,0.0,0.0,55.0,19.0,35%,1.0,0.0,0.0,0.0,0.0,0.0,0.0,0.0,0.0,0,0,0,0,0,0,0,0,0,0,0,0,0.0,0.0
Nicolás Domínguez,0,0,26.0,2.0,6.0,14.0,0.0,0.0,63.0,54%,0.0,8.0,18.0,23.0,11.0,0.0,108.0,107.0,85.0,7.0,21.0,19.0,0.0,0.0,2.0,829,31.88,2.0,6.0,33%,2.0,27.0,4.0,0.0,26.0,2.0,1.0,1.0,0.0,0.0,0.08,0.0,0.0,22.0,6.0,27%,1.0,0.0,0.0,0.0,0.0,0.0,0.0,0.0,0.0,0,0,0,0,0,0,0,0,0,0,0,0,0.0,0.0
Dominic Martins,0,0,0.0,0.0,0.0,0.0,0.0,0.0,0.0,0%,0.0,0.0,0.0,0.0,0.0,0.0,0.0,0.0,0.0,0.0,0.0,0.0,0.0,0.0,0.0,0,0.0,0.0,0.0,0%,0.0,0.0,0.0,0.0,0.0,0.0,0.0,0.0,0.0,0.0,0.0,0.0,0.0,0.0,0.0,0%,0.0,0.0,0.0,0.0,0.0,0.0,0.0,0.0,0.0,0,0,0,0,0,0,0,0,0,0,0,0,0.0,0.0
Jamie Donley,0,0,3.0,0.0,2.0,0.0,0.0,0.0,0.0,0,0.0,0.0,0.0,2.0,1.0,0.0,0.0,0.0,0.0,0.0,0.0,0.0,0.0,0.0,0.0,1,0.33,0.0,0.0,0,0.0,0.0,1.0,0.0,1.0,0.0,0.0,0.0,0.0,0.0,0.0,0.0,0.0,0.0,0.0,0%,0.0,0.0,0.0,0.0,0.0,0.0,0.0,0.0,0.0,0,0,0,0,0,0,0,0,0,0,0,0,0.0,0.0
Alfie Dorrington,0,0,0.0,0.0,0.0,0.0,0.0,0.0,0.0,0%,0.0,0.0,0.0,0.0,0.0,0.0,0.0,0.0,0.0,0.0,0.0,0.0,0.0,0.0,0.0,0,0.0,0.0,0.0,0%,0.0,0.0,0.0,0.0,0.0,0.0,0.0,0.0,0.0,0.0,0.0,0.0,0.0,0.0,0.0,0,0.0,0.0,0.0,0.0,0.0,0.0,0.0,0.0,0.0,0,0,0,0,0,0,0,0,0,0,0,0,0.0,0.0
Cheick Doucouré,https://www.instagram.com/cheick.doucoure20/,0,11.0,0.0,4.0,5.0,0.0,0.0,34.0,50%,0.0,2.0,20.0,9.0,3.0,0.0,74.0,50.0,42.0,10.0,5.0,9.0,0.0,0.0,0.0,421,38.27,1.0,1.0,0%,5.0,8.0,2.0,0.0,10.0,0.0,0.0,0.0,0.0,0.0,0.0,0.0,0.0,6.0,2.0,33%,0.0,0.0,0.0,0.0,0.0,0.0,0.0,0.0,0.0,0,0,0,0,0,0,0,0,0,0,0,0,0.0,0.0
Alfie Doughty,0,0,37.0,2.0,6.0,23.0,0.0,0.0,62.0,63%,0.0,13.0,31.0,36.0,13.0,0.0,185.0,127.0,124.0,33.0,23.0,12.0,0.0,1.0,8.0,"1,088",29.41,10.0,340.0,26%,0.0,66.0,5.0,0.0,31.0,13.0,0.0,0.0,2.0,0.0,0.05,0.0,1.0,26.0,8.0,31%,2.0,0.0,0.0,0.0,0.0,0.0,0.0,0.0,0.0,0,0,0,0,0,0,0,0,0,0,0,0,0.0,0.0
Douglas Luiz,0,0,35.0,9.0,17.0,10.0,0.0,0.0,58.0,66%,0.0,20.0,23.0,17.0,5.0,0.0,184.0,148.0,141.0,24.0,25.0,19.0,0.0,1.0,5.0,"1,973",56.37,10.0,115.0,27%,11.0,99.0,12.0,0.0,51.0,0.0,1.0,8.0,0.0,1.0,0.26,4.0,0.0,48.0,17.0,35%,3.0,0.0,0.0,0.0,0.0,0.0,0.0,0.0,0.0,0,0,0,0,0,0,0,0,0,0,0,0,0.0,0.0
Flynn Downes,https://www.instagram.com/flynn_downes/,0,0.0,0.0,0.0,0.0,0.0,0.0,0.0,0%,0.0,0.0,0.0,0.0,0.0,0.0,0.0,0.0,0.0,0.0,0.0,0.0,0.0,0.0,0.0,0,0.0,0.0,0.0,0%,0.0,0.0,0.0,0.0,0.0,0.0,0.0,0.0,0.0,0.0,0.0,0.0,0.0,0.0,0.0,0%,0.0,0.0,0.0,0.0,0.0,0.0,0.0,0.0,0.0,0,0,0,0,0,0,0,0,0,0,0,0,0.0,0.0
Tommy Doyle,0,0,26.0,0.0,8.0,14.0,0.0,0.0,26.0,50%,0.0,2.0,12.0,17.0,9.0,0.0,93.0,31.0,31.0,1.0,0.0,4.0,0.0,0.0,0.0,911,35.04,1.0,28.0,21%,2.0,75.0,2.0,0.0,11.0,0.0,0.0,0.0,0.0,0.0,0.0,0.0,0.0,14.0,3.0,21%,0.0,0.0,0.0,0.0,0.0,0.0,0.0,0.0,0.0,0,0,0,0,0,0,0,0,0,0,0,0,0.0,0.0
Mohamed Dräger,0,0,0.0,0.0,0.0,0.0,0.0,0.0,0.0,0%,0.0,0.0,0.0,0.0,0.0,0.0,0.0,0.0,0.0,0.0,0.0,0.0,0.0,0.0,0.0,0,0.0,0.0,0.0,0%,0.0,0.0,0.0,0.0,0.0,0.0,0.0,0.0,0.0,0.0,0.0,0.0,0.0,0.0,0.0,0,0.0,0.0,0.0,0.0,0.0,0.0,0.0,0.0,0.0,0,0,0,0,0,0,0,0,0,0,0,0,0.0,0.0
Radu Dragusin,0,0,9.0,0.0,5.0,2.0,1.0,7.0,5.0,60%,0.0,0.0,8.0,18.0,11.0,0.0,21.0,19.0,14.0,1.0,9.0,6.0,0.0,0.0,0.0,369,41.0,0.0,0.0,0%,1.0,6.0,1.0,0.0,6.0,1.0,0.0,0.0,0.0,0.0,0.0,0.0,0.0,0.0,0.0,0,0.0,0.0,0.0,0.0,0.0,0.0,0.0,0.0,0.0,0,0,0,0,0,0,0,0,0,0,0,0,0.0,0.0
Cody Drameh,0,0,0.0,0.0,0.0,0.0,0.0,0.0,0.0,0%,0.0,0.0,0.0,0.0,0.0,0.0,0.0,0.0,0.0,0.0,0.0,0.0,0.0,0.0,0.0,0,0.0,0.0,0.0,0%,0.0,0.0,0.0,0.0,0.0,0.0,0.0,0.0,0.0,0.0,0.0,0.0,0.0,0.0,0.0,0,0.0,0.0,0.0,0.0,0.0,0.0,0.0,0.0,0.0,0,0,0,0,0,0,0,0,0,0,0,0,0.0,0.0
Martin Dúbravka,https://www.instagram.com/martindubravka/,0,23.0,0.0,10.0,9.0,4.0,42.0,0.0,0,0.0,0.0,0.0,0.0,0.0,0.0,0.0,0.0,0.0,0.0,0.0,0.0,0.0,1.0,0.0,506,22.0,0.0,0,0,0.0,71.0,1.0,0.0,2.0,0.0,0.0,0.0,0.0,0.0,0.0,0.0,0.0,0.0,0.0,0,0.0,88.0,1.0,8.0,18.0,7.0,8.0,143.0,169.0,0,0,0,0,0,0,0,0,0,0,0,0,0.0,0.0
Joshua Duffus,0,0,0.0,0.0,0.0,0.0,0.0,0.0,0.0,0,0.0,0.0,0.0,0.0,0.0,0.0,0.0,0.0,0.0,0.0,0.0,0.0,0.0,0.0,0.0,0,0.0,0.0,0.0,0,0.0,0.0,0.0,0.0,0.0,0.0,0.0,0.0,0.0,0.0,0.0,0.0,0.0,0.0,0.0,0%,0.0,0.0,0.0,0.0,0.0,0.0,0.0,0.0,0.0,0,0,0,0,0,0,0,0,0,0,0,0,0.0,0.0
Jhon Durán,0,0,23.0,5.0,11.0,5.0,0.0,0.0,6.0,0,0.0,3.0,1.0,9.0,6.0,0.0,0.0,0.0,0.0,0.0,0.0,0.0,0.0,0.0,0.0,114,4.96,0.0,6.0,0,0.0,0.0,5.0,0.0,12.0,4.0,0.0,0.0,5.0,1.0,0.22,0.0,0.0,20.0,7.0,35%,1.0,0.0,0.0,0.0,0.0,0.0,0.0,0.0,0.0,0,0,0,0,0,0,0,0,0,0,0,0,0.0,0.0
Kiano Dyer,0,0,0.0,0.0,0.0,0.0,0.0,0.0,0.0,0%,0.0,0.0,0.0,0.0,0.0,0.0,0.0,0.0,0.0,0.0,0.0,0.0,0.0,0.0,0.0,0,0.0,0.0,0.0,0%,0.0,0.0,0.0,0.0,0.0,0.0,0.0,0.0,0.0,0.0,0.0,0.0,0.0,0.0,0.0,0%,0.0,0.0,0.0,0.0,0.0,0.0,0.0,0.0,0.0,0,0,0,0,0,0,0,0,0,0,0,0,0.0,0.0
George Earthy,0,0,3.0,1.0,1.0,2.0,0.0,0.0,0.0,0%,0.0,0.0,1.0,0.0,0.0,0.0,4.0,0.0,2.0,0.0,0.0,0.0,0.0,0.0,0.0,17,5.67,0.0,0.0,0%,0.0,0.0,0.0,0.0,1.0,0.0,0.0,1.0,0.0,0.0,0.33,0.0,0.0,1.0,1.0,100%,0.0,0.0,0.0,0.0,0.0,0.0,0.0,0.0,0.0,0,0,0,0,0,0,0,0,0,0,0,0,0.0,0.0
Evan Easton,0,0,0.0,0.0,0.0,0.0,0.0,0.0,0.0,0%,0.0,0.0,0.0,0.0,0.0,0.0,0.0,0.0,0.0,0.0,0.0,0.0,0.0,0.0,0.0,0,0.0,0.0,0.0,0%,0.0,0.0,0.0,0.0,0.0,0.0,0.0,0.0,0.0,0.0,0.0,0.0,0.0,0.0,0.0,0,0.0,0.0,0.0,0.0,0.0,0.0,0.0,0.0,0.0,0,0,0,0,0,0,0,0,0,0,0,0,0.0,0.0
Jake Eastwood,0,0,0.0,0.0,0.0,0.0,0.0,0.0,0.0,0,0.0,0.0,0.0,0.0,0.0,0.0,0.0,0.0,0.0,0.0,0.0,0.0,0.0,0.0,0.0,0,0.0,0.0,0,0,0.0,0.0,0.0,0.0,0.0,0.0,0.0,0.0,0.0,0.0,0.0,0.0,0.0,0.0,0.0,0,0.0,0.0,0.0,0.0,0.0,0.0,0.0,0.0,0.0,0,0,0,0,0,0,0,0,0,0,0,0,0.0,0.0
Malcolm Ebiowei,0,0,0.0,0.0,0.0,0.0,0.0,0.0,0.0,0,0.0,0.0,0.0,0.0,0.0,0.0,0.0,0.0,0.0,0.0,0.0,0.0,0.0,0.0,0.0,0,0.0,0.0,0.0,0,0.0,0.0,0.0,0.0,0.0,0.0,0.0,0.0,0.0,0.0,0.0,0.0,0.0,0.0,0.0,0%,0.0,0.0,0.0,0.0,0.0,0.0,0.0,0.0,0.0,0,0,0,0,0,0,0,0,0,0,0,0,0.0,0.0
Claudio Echeverri,0,0,0.0,0.0,0.0,0.0,0.0,0.0,0.0,0%,0.0,0.0,0.0,0.0,0.0,0.0,0.0,0.0,0.0,0.0,0.0,0.0,0.0,0.0,0.0,0,0.0,0.0,0.0,0%,0.0,0.0,0.0,0.0,0.0,0.0,0.0,0.0,0.0,0.0,0.0,0.0,0.0,0.0,0.0,0%,0.0,0.0,0.0,0.0,0.0,0.0,0.0,0.0,0.0,0,0,0,0,0,0,0,0,0,0,0,0,0.0,0.0
Ederson,https://www.facebook.com/Ederson93/,https://twitter.com/edersonmoraes93?s=20,33.0,0.0,24.0,3.0,10.0,27.0,0.0,0,0.0,0.0,0.0,0.0,0.0,0.0,0.0,0.0,0.0,0.0,0.0,0.0,0.0,0.0,0.0,"1,097",33.24,0.0,0,0,0.0,185.0,5.0,0.0,2.0,0.0,0.0,0.0,0.0,0.0,0.0,0.0,0.0,0.0,0.0,0,0.0,57.0,0.0,6.0,22.0,0.0,27.0,137.0,114.0,0,0,0,0,0,0,0,0,0,0,0,0,0.0,0.0
Odsonne Édouard,https://twitter.com/Oedouard22,https://www.instagram.com/o.edouard_18/,30.0,7.0,10.0,13.0,0.0,0.0,24.0,0,0.0,18.0,6.0,18.0,14.0,0.0,0.0,0.0,0.0,0.0,0.0,0.0,0.0,0.0,0.0,338,11.27,1.0,10.0,0,0.0,0.0,4.0,0.0,31.0,9.0,0.0,4.0,3.0,3.0,0.23,0.0,0.0,51.0,19.0,37%,6.0,0.0,0.0,0.0,0.0,0.0,0.0,0.0,0.0,0,0,0,0,0,0,0,0,0,0,0,0,0.0,0.0
Khayon Edwards,0,0,0.0,0.0,0.0,0.0,0.0,0.0,0.0,0,0.0,0.0,0.0,0.0,0.0,0.0,0.0,0.0,0.0,0.0,0.0,0.0,0.0,0.0,0.0,0,0.0,0.0,0.0,0,0.0,0.0,0.0,0.0,0.0,0.0,0.0,0.0,0.0,0.0,0.0,0.0,0.0,0.0,0.0,0%,0.0,0.0,0.0,0.0,0.0,0.0,0.0,0.0,0.0,0,0,0,0,0,0,0,0,0,0,0,0,0.0,0.0
John Egan,0,0,6.0,0.0,0.0,5.0,0.0,17.0,6.0,67%,0.0,1.0,13.0,39.0,10.0,0.0,21.0,21.0,21.0,0.0,14.0,9.0,0.0,0.0,0.0,183,30.5,0.0,0.0,0%,0.0,5.0,2.0,0.0,6.0,0.0,0.0,0.0,0.0,0.0,0.0,0.0,0.0,0.0,0.0,0,0.0,0.0,0.0,0.0,0.0,0.0,0.0,0.0,0.0,0,0,0,0,0,0,0,0,0,0,0,0,0.0,0.0
CJ Egan-Riley,0,0,0.0,0.0,0.0,0.0,0.0,0.0,0.0,0%,0.0,0.0,0.0,0.0,0.0,0.0,0.0,0.0,0.0,0.0,0.0,0.0,0.0,0.0,0.0,0,0.0,0.0,0.0,0%,0.0,0.0,0.0,0.0,0.0,0.0,0.0,0.0,0.0,0.0,0.0,0.0,0.0,0.0,0.0,0,0.0,0.0,0.0,0.0,0.0,0.0,0.0,0.0,0.0,0,0,0,0,0,0,0,0,0,0,0,0,0.0,0.0
Hjalmar Ekdal,0,0,8.0,0.0,1.0,3.0,0.0,8.0,4.0,50%,0.0,0.0,6.0,21.0,8.0,0.0,26.0,12.0,21.0,2.0,4.0,9.0,0.0,0.0,0.0,217,27.13,0.0,0.0,0%,0.0,6.0,2.0,0.0,8.0,0.0,0.0,0.0,0.0,0.0,0.0,0.0,0.0,0.0,0.0,0,0.0,0.0,0.0,0.0,0.0,0.0,0.0,0.0,0.0,0,0,0,0,0,0,0,0,0,0,0,0,0.0,0.0
Anthony Elanga,https://www.instagram.com/anthonyelanga/,0,36.0,5.0,9.0,19.0,0.0,0.0,33.0,0,0.0,11.0,8.0,16.0,9.0,0.0,0.0,0.0,0.0,0.0,0.0,0.0,0.0,0.0,9.0,644,17.89,14.0,58.0,0,0.0,0.0,1.0,0.0,9.0,19.0,1.0,3.0,1.0,3.0,0.14,0.0,0.0,54.0,23.0,43%,10.0,0.0,0.0,0.0,0.0,0.0,0.0,0.0,0.0,0,0,0,0,0,0,0,0,0,0,0,0,0.0,0.0
Harvey Elliott,https://www.instagram.com/harveyelliott07/?hl=en,0,34.0,3.0,21.0,3.0,0.0,0.0,27.0,63%,0.0,19.0,6.0,6.0,2.0,0.0,78.0,58.0,59.0,9.0,9.0,13.0,0.0,0.0,6.0,904,26.59,5.0,62.0,35%,3.0,40.0,2.0,0.0,7.0,1.0,0.0,0.0,3.0,3.0,0.09,0.0,0.0,49.0,17.0,35%,1.0,0.0,0.0,0.0,0.0,0.0,0.0,0.0,0.0,0,0,0,0,0,0,0,0,0,0,0,0,0.0,0.0
Noam Emeran,0,0,0.0,0.0,0.0,0.0,0.0,0.0,0.0,0,0.0,0.0,0.0,0.0,0.0,0.0,0.0,0.0,0.0,0.0,0.0,0.0,0.0,0.0,0.0,0,0.0,0.0,0.0,0,0.0,0.0,0.0,0.0,0.0,0.0,0.0,0.0,0.0,0.0,0.0,0.0,0.0,0.0,0.0,0%,0.0,0.0,0.0,0.0,0.0,0.0,0.0,0.0,0.0,0,0,0,0,0,0,0,0,0,0,0,0,0.0,0.0
Emerson Royal,https://www.instagram.com/emerson_royal/,0,22.0,1.0,11.0,8.0,0.0,31.0,36.0,67%,0.0,1.0,20.0,45.0,24.0,0.0,82.0,99.0,75.0,10.0,16.0,22.0,0.0,0.0,0.0,948,43.09,1.0,14.0,14%,1.0,19.0,4.0,0.0,14.0,0.0,0.0,1.0,0.0,0.0,0.0,0.0,0.0,0.0,0.0,0,0.0,0.0,0.0,0.0,0.0,0.0,0.0,0.0,0.0,0,0,0,0,0,0,0,0,0,0,0,0,0.0,0.0
Lander Emery,0,0,0.0,0.0,0.0,0.0,0.0,0.0,0.0,0,0.0,0.0,0.0,0.0,0.0,0.0,0.0,0.0,0.0,0.0,0.0,0.0,0.0,0.0,0.0,0,0.0,0.0,0,0,0.0,0.0,0.0,0.0,0.0,0.0,0.0,0.0,0.0,0.0,0.0,0.0,0.0,0.0,0.0,0,0.0,0.0,0.0,0.0,0.0,0.0,0.0,0.0,0.0,0,0,0,0,0,0,0,0,0,0,0,0,0.0,0.0
Julio Enciso,https://www.instagram.com/julioenciso.33/,0,12.0,0.0,4.0,5.0,0.0,0.0,6.0,0,0.0,6.0,0.0,3.0,2.0,0.0,0.0,0.0,0.0,0.0,0.0,0.0,0.0,0.0,2.0,167,13.92,4.0,8.0,0,0.0,0.0,2.0,0.0,6.0,1.0,0.0,0.0,0.0,0.0,0.0,0.0,0.0,28.0,8.0,29%,2.0,0.0,0.0,0.0,0.0,0.0,0.0,0.0,0.0,0,0,0,0,0,0,0,0,0,0,0,0,0.0,0.0
Wataru Endo,0,0,29.0,1.0,19.0,3.0,0.0,0.0,48.0,58%,0.0,4.0,20.0,30.0,25.0,0.0,108.0,114.0,145.0,10.0,31.0,27.0,0.0,0.0,0.0,"1,305",45.0,2.0,4.0,50%,5.0,28.0,10.0,0.0,50.0,0.0,0.0,1.0,0.0,1.0,0.03,0.0,0.0,10.0,3.0,30%,0.0,0.0,0.0,0.0,0.0,0.0,0.0,0.0,0.0,0,0,0,0,0,0,0,0,0,0,0,0,0.0,0.0
Christian Eriksen,https://twitter.com/ChrisEriksen8,https://www.instagram.com/chriseriksen8/,22.0,1.0,10.0,10.0,0.0,0.0,18.0,72%,0.0,5.0,4.0,12.0,8.0,0.0,86.0,25.0,52.0,3.0,2.0,7.0,0.0,0.0,2.0,754,34.27,3.0,43.0,26%,5.0,33.0,1.0,0.0,7.0,1.0,0.0,1.0,0.0,0.0,0.05,0.0,0.0,13.0,4.0,31%,0.0,0.0,0.0,0.0,0.0,0.0,0.0,0.0,0.0,0,0,0,0,0,0,0,0,0,0,0,0,0.0,0.0
Maxime Estève,0,0,16.0,0.0,2.0,8.0,0.0,28.0,27.0,37%,1.0,2.0,27.0,55.0,25.0,0.0,62.0,70.0,64.0,1.0,27.0,25.0,0.0,0.0,0.0,810,50.63,0.0,5.0,20%,1.0,24.0,6.0,0.0,25.0,0.0,0.0,0.0,0.0,0.0,0.0,0.0,0.0,0.0,0.0,0,0.0,0.0,0.0,0.0,0.0,0.0,0.0,0.0,0.0,0,0,0,0,0,0,0,0,0,0,0,0,0.0,0.0
Pervis Estupiñán,https://www.instagram.com/pervisestupinan_oficial/,0,19.0,2.0,8.0,7.0,1.0,26.0,26.0,50%,0.0,2.0,21.0,20.0,13.0,0.0,90.0,64.0,67.0,9.0,12.0,14.0,1.0,0.0,3.0,820,43.16,4.0,65.0,23%,1.0,13.0,4.0,0.0,22.0,5.0,0.0,0.0,2.0,0.0,0.0,0.0,0.0,0.0,0.0,0,0.0,0.0,0.0,0.0,0.0,0.0,0.0,0.0,0.0,0,0,0,0,0,0,0,0,0,0,0,0,0.0,0.0
Eberechi Eze,https://twitter.com/EbereEze10,https://www.instagram.com/ebere10/,27.0,11.0,12.0,9.0,0.0,0.0,35.0,49%,0.0,28.0,11.0,4.0,3.0,0.0,136.0,164.0,176.0,69.0,12.0,24.0,0.0,0.0,4.0,790,29.26,7.0,107.0,33%,7.0,27.0,3.0,0.0,27.0,11.0,0.0,9.0,2.0,0.0,0.41,1.0,1.0,83.0,34.0,41%,4.0,0.0,0.0,0.0,0.0,0.0,0.0,0.0,0.0,0,0,0,0,0,0,0,0,0,0,0,0,0.0,0.0
Lukasz Fabianski,https://www.facebook.com/LukaszFabianskiOfficial,https://twitter.com/LukaszFabianski,10.0,0.0,3.0,5.0,1.0,21.0,0.0,0,0.0,0.0,0.0,0.0,0.0,0.0,0.0,0.0,0.0,0.0,0.0,0.0,0.0,0.0,0.0,194,19.4,0.0,0,0,0.0,57.0,0.0,0.0,0.0,0.0,0.0,0.0,0.0,0.0,0.0,0.0,0.0,0.0,0.0,0,0.0,33.0,0.0,5.0,8.0,1.0,0.0,44.0,56.0,0,0,0,0,0,0,0,0,0,0,0,0,0.0,0.0
Fabinho,0,0,0.0,0.0,0.0,0.0,0.0,0.0,0.0,0%,0.0,0.0,0.0,0.0,0.0,0.0,0.0,0.0,0.0,0.0,0.0,0.0,0.0,0.0,0.0,0,0.0,0.0,0.0,0%,0.0,0.0,0.0,0.0,0.0,0.0,0.0,0.0,0.0,0.0,0.0,0.0,0.0,0.0,0.0,0%,0.0,0.0,0.0,0.0,0.0,0.0,0.0,0.0,0.0,0,0,0,0,0,0,0,0,0,0,0,0,0.0,0.0
Fábio Carvalho,https://www.instagram.com/_fabio.10/,0,0.0,0.0,0.0,0.0,0.0,0.0,0.0,0%,0.0,0.0,0.0,0.0,0.0,0.0,0.0,0.0,0.0,0.0,0.0,0.0,0.0,0.0,0.0,0,0.0,0.0,0.0,0%,0.0,0.0,0.0,0.0,0.0,0.0,0.0,0.0,0.0,0.0,0.0,0.0,0.0,0.0,0.0,0%,0.0,0.0,0.0,0.0,0.0,0.0,0.0,0.0,0.0,0,0,0,0,0,0,0,0,0,0,0,0,0.0,0.0
Fábio Silva,0,0,8.0,0.0,2.0,5.0,0.0,0.0,7.0,0,0.0,1.0,2.0,0.0,0.0,0.0,0.0,0.0,0.0,0.0,0.0,0.0,0.0,0.0,0.0,75,9.38,0.0,0.0,0,0.0,0.0,2.0,0.0,8.0,5.0,0.0,0.0,0.0,0.0,0.0,0.0,0.0,7.0,3.0,43%,2.0,0.0,0.0,0.0,0.0,0.0,0.0,0.0,0.0,0,0,0,0,0,0,0,0,0,0,0,0,0.0,0.0
Fábio Vieira,https://www.instagram.com/fabiodfvieira/,0,11.0,1.0,8.0,1.0,0.0,0.0,3.0,67%,0.0,1.0,2.0,1.0,0.0,0.0,16.0,16.0,18.0,2.0,1.0,0.0,0.0,0.0,2.0,134,12.18,2.0,15.0,20%,3.0,4.0,0.0,1.0,8.0,2.0,0.0,0.0,1.0,0.0,0.09,1.0,0.0,7.0,2.0,29%,0.0,0.0,0.0,0.0,0.0,0.0,0.0,0.0,0.0,0,0,0,0,0,0,0,0,0,0,0,0,0.0,0.0
Malachi Fagan-Walcott,0,0,0.0,0.0,0.0,0.0,0.0,0.0,0.0,0%,0.0,0.0,0.0,0.0,0.0,0.0,0.0,0.0,0.0,0.0,0.0,0.0,0.0,0.0,0.0,0,0.0,0.0,0.0,0%,0.0,0.0,0.0,0.0,0.0,0.0,0.0,0.0,0.0,0.0,0.0,0.0,0.0,0.0,0.0,0,0.0,0.0,0.0,0.0,0.0,0.0,0.0,0.0,0.0,0,0,0,0,0,0,0,0,0,0,0,0,0.0,0.0
Romain Faivre,0,0,5.0,0.0,0.0,3.0,0.0,0.0,1.0,100%,0.0,1.0,0.0,0.0,0.0,0.0,1.0,7.0,10.0,2.0,0.0,1.0,0.0,0.0,0.0,23,4.6,0.0,3.0,0%,0.0,0.0,1.0,0.0,2.0,0.0,0.0,0.0,0.0,0.0,0.0,0.0,0.0,2.0,0.0,0%,0.0,0.0,0.0,0.0,0.0,0.0,0.0,0.0,0.0,0,0,0,0,0,0,0,0,0,0,0,0,0.0,0.0
Ansu Fati,0,0,19.0,2.0,6.0,7.0,0.0,0.0,5.0,0,0.0,12.0,3.0,3.0,1.0,0.0,0.0,0.0,0.0,0.0,0.0,0.0,0.0,0.0,0.0,204,10.74,1.0,3.0,0,0.0,0.0,2.0,0.0,6.0,2.0,0.0,1.0,1.0,0.0,0.11,0.0,0.0,26.0,11.0,42%,4.0,0.0,0.0,0.0,0.0,0.0,0.0,0.0,0.0,0,0,0,0,0,0,0,0,0,0,0,0,0.0,0.0
Josh Feeney,0,0,0.0,0.0,0.0,0.0,0.0,0.0,0.0,0%,0.0,0.0,0.0,0.0,0.0,0.0,0.0,0.0,0.0,0.0,0.0,0.0,0.0,0.0,0.0,0,0.0,0.0,0.0,0%,0.0,0.0,0.0,0.0,0.0,0.0,0.0,0.0,0.0,0.0,0.0,0.0,0.0,0.0,0.0,0,0.0,0.0,0.0,0.0,0.0,0.0,0.0,0.0,0.0,0,0,0,0,0,0,0,0,0,0,0,0,0.0,0.0
Felipe,0,0,7.0,0.0,1.0,3.0,1.0,10.0,12.0,75%,0.0,2.0,4.0,11.0,6.0,0.0,20.0,29.0,21.0,1.0,14.0,6.0,0.0,0.0,0.0,213,30.43,0.0,0.0,0%,0.0,13.0,4.0,0.0,10.0,0.0,0.0,0.0,0.0,1.0,0.0,0.0,0.0,0.0,0.0,0,0.0,0.0,0.0,0.0,0.0,0.0,0.0,0.0,0.0,0,0,0,0,0,0,0,0,0,0,0,0,0.0,0.0
Evan Ferguson,https://www.instagram.com/evan.ferguson.9/,0,27.0,6.0,11.0,9.0,0.0,0.0,14.0,0,0.0,4.0,2.0,8.0,5.0,0.0,0.0,0.0,0.0,0.0,0.0,0.0,0.0,0.0,0.0,300,11.11,1.0,1.0,0,0.0,0.0,1.0,0.0,24.0,5.0,0.0,4.0,2.0,2.0,0.22,0.0,0.0,33.0,20.0,61%,4.0,0.0,0.0,0.0,0.0,0.0,0.0,0.0,0.0,0,0,0,0,0,0,0,0,0,0,0,0,0.0,0.0
Enzo Fernández,0,0,28.0,3.0,11.0,9.0,0.0,0.0,50.0,44%,0.0,12.0,17.0,26.0,9.0,0.0,122.0,125.0,135.0,23.0,21.0,23.0,0.0,0.0,2.0,"1,795",64.11,5.0,45.0,20%,21.0,129.0,7.0,0.0,33.0,4.0,1.0,2.0,0.0,3.0,0.11,1.0,0.0,47.0,16.0,34%,6.0,0.0,0.0,0.0,0.0,0.0,0.0,0.0,0.0,0,0,0,0,0,0,0,0,0,0,0,0,0.0,0.0
Will Fish,0,0,0.0,0.0,0.0,0.0,0.0,0.0,0.0,0%,0.0,0.0,0.0,0.0,0.0,0.0,0.0,0.0,0.0,0.0,0.0,0.0,0.0,0.0,0.0,0,0.0,0.0,0.0,0%,0.0,0.0,0.0,0.0,0.0,0.0,0.0,0.0,0.0,0.0,0.0,0.0,0.0,0.0,0.0,0,0.0,0.0,0.0,0.0,0.0,0.0,0.0,0.0,0.0,0,0,0,0,0,0,0,0,0,0,0,0,0.0,0.0
John Fleck,0,0,4.0,0.0,0.0,4.0,0.0,0.0,1.0,0%,0.0,0.0,0.0,1.0,1.0,0.0,5.0,5.0,10.0,0.0,2.0,7.0,0.0,0.0,0.0,40,10.0,1.0,0.0,0%,1.0,1.0,1.0,0.0,2.0,0.0,0.0,0.0,0.0,0.0,0.0,0.0,0.0,0.0,0.0,0%,0.0,0.0,0.0,0.0,0.0,0.0,0.0,0.0,0.0,0,0,0,0,0,0,0,0,0,0,0,0,0.0,0.0
Mark Flekken,0,0,37.0,0.0,10.0,18.0,7.0,63.0,0.0,0,0.0,0.0,0.0,0.0,0.0,0.0,0.0,0.0,0.0,0.0,0.0,0.0,0.0,1.0,1.0,"1,446",39.08,0.0,0,0,0.0,321.0,3.0,0.0,2.0,0.0,0.0,0.0,0.0,0.0,0.0,0.0,0.0,0.0,0.0,0,0.0,115.0,0.0,23.0,40.0,1.0,17.0,131.0,289.0,0,0,0,0,0,0,0,0,0,0,0,0,0.0,0.0
Phil Foden,https://www.facebook.com/officialfoden/,https://twitter.com/PhilFoden?s=20,35.0,19.0,25.0,3.0,0.0,0.0,31.0,65%,0.0,41.0,13.0,16.0,7.0,0.0,127.0,144.0,143.0,47.0,6.0,17.0,0.0,0.0,8.0,"1,670",47.71,10.0,89.0,21%,15.0,42.0,2.0,0.0,14.0,5.0,1.0,1.0,17.0,1.0,0.54,0.0,2.0,105.0,48.0,46%,7.0,0.0,0.0,0.0,0.0,0.0,0.0,0.0,0.0,0,0,0,0,0,0,0,0,0,0,0,0,0.0,0.0
Wes Foderingham,0,0,30.0,0.0,3.0,23.0,1.0,79.0,0.0,0,0.0,0.0,0.0,0.0,0.0,0.0,0.0,0.0,0.0,0.0,0.0,0.0,1.0,5.0,0.0,943,31.43,0.0,0,0,0.0,228.0,2.0,0.0,1.0,0.0,0.0,0.0,0.0,0.0,0.0,0.0,0.0,0.0,0.0,0,0.0,133.0,0.0,11.0,26.0,5.0,28.0,101.0,262.0,0,0,0,0,0,0,0,0,0,0,0,0,0.0,0.0
David Datro Fofana,https://www.instagram.com/datro_9/?hl=en,0,15.0,4.0,2.0,8.0,0.0,0.0,10.0,0,0.0,2.0,1.0,2.0,2.0,0.0,0.0,0.0,0.0,0.0,0.0,0.0,0.0,0.0,1.0,168,11.2,3.0,3.0,0,0.0,0.0,1.0,0.0,17.0,9.0,1.0,3.0,0.0,0.0,0.27,0.0,0.0,19.0,10.0,53%,5.0,0.0,0.0,0.0,0.0,0.0,0.0,0.0,0.0,0,0,0,0,0,0,0,0,0,0,0,0,0.0,0.0
Michael Forbes,0,0,0.0,0.0,0.0,0.0,0.0,0.0,0.0,0%,0.0,0.0,0.0,0.0,0.0,0.0,0.0,0.0,0.0,0.0,0.0,0.0,0.0,0.0,0.0,0,0.0,0.0,0.0,0%,0.0,0.0,0.0,0.0,0.0,0.0,0.0,0.0,0.0,0.0,0.0,0.0,0.0,0.0,0.0,0,0.0,0.0,0.0,0.0,0.0,0.0,0.0,0.0,0.0,0,0,0,0,0,0,0,0,0,0,0,0,0.0,0.0
Tyrese Fornah,0,0,0.0,0.0,0.0,0.0,0.0,0.0,0.0,0%,0.0,0.0,0.0,0.0,0.0,0.0,0.0,0.0,0.0,0.0,0.0,0.0,0.0,0.0,0.0,0,0.0,0.0,0.0,0%,0.0,0.0,0.0,0.0,0.0,0.0,0.0,0.0,0.0,0.0,0.0,0.0,0.0,0.0,0.0,0%,0.0,0.0,0.0,0.0,0.0,0.0,0.0,0.0,0.0,0,0,0,0,0,0,0,0,0,0,0,0,0.0,0.0
Pablo Fornals,0,0,15.0,0.0,7.0,4.0,0.0,0.0,10.0,60%,0.0,0.0,6.0,5.0,0.0,0.0,26.0,24.0,33.0,6.0,3.0,7.0,0.0,0.0,0.0,200,13.33,1.0,8.0,13%,0.0,11.0,0.0,0.0,3.0,1.0,0.0,0.0,0.0,0.0,0.0,0.0,0.0,7.0,3.0,43%,0.0,0.0,0.0,0.0,0.0,0.0,0.0,0.0,0.0,0,0,0,0,0,0,0,0,0,0,0,0,0.0,0.0
Omari Forson,0,0,4.0,0.0,1.0,3.0,0.0,0.0,2.0,0%,0.0,1.0,0.0,0.0,0.0,0.0,2.0,3.0,4.0,1.0,0.0,2.0,0.0,0.0,1.0,33,8.25,1.0,0.0,0%,0.0,0.0,0.0,0.0,1.0,0.0,0.0,0.0,0.0,0.0,0.0,0.0,0.0,1.0,0.0,0%,0.0,0.0,0.0,0.0,0.0,0.0,0.0,0.0,0.0,0,0,0,0,0,0,0,0,0,0,0,0,0.0,0.0
Lyle Foster,0,0,24.0,5.0,4.0,13.0,0.0,0.0,19.0,0,0.0,4.0,3.0,33.0,21.0,0.0,0.0,0.0,0.0,0.0,0.0,0.0,0.0,0.0,3.0,452,18.83,1.0,3.0,0,0.0,0.0,0.0,1.0,24.0,14.0,0.0,3.0,2.0,0.0,0.21,0.0,0.0,34.0,17.0,50%,6.0,0.0,0.0,0.0,0.0,0.0,0.0,0.0,0.0,0,0,0,0,0,0,0,0,0,0,0,0,0.0,0.0
Tariqe Fosu-Henry,0,0,0.0,0.0,0.0,0.0,0.0,0.0,0.0,0%,0.0,0.0,0.0,0.0,0.0,0.0,0.0,0.0,0.0,0.0,0.0,0.0,0.0,0.0,0.0,0,0.0,0.0,0.0,0%,0.0,0.0,0.0,0.0,0.0,0.0,0.0,0.0,0.0,0.0,0.0,0.0,0.0,0.0,0.0,0%,0.0,0.0,0.0,0.0,0.0,0.0,0.0,0.0,0.0,0,0,0,0,0,0,0,0,0,0,0,0,0.0,0.0
Denis Franchi,0,0,0.0,0.0,0.0,0.0,0.0,0.0,0.0,0,0.0,0.0,0.0,0.0,0.0,0.0,0.0,0.0,0.0,0.0,0.0,0.0,0.0,0.0,0.0,0,0.0,0.0,0,0,0.0,0.0,0.0,0.0,0.0,0.0,0.0,0.0,0.0,0.0,0.0,0.0,0.0,0.0,0.0,0,0.0,0.0,0.0,0.0,0.0,0.0,0.0,0.0,0.0,0,0,0,0,0,0,0,0,0,0,0,0,0.0,0.0
Aidan Francis-Clarke,0,0,0.0,0.0,0.0,0.0,0.0,0.0,0.0,0%,0.0,0.0,0.0,0.0,0.0,0.0,0.0,0.0,0.0,0.0,0.0,0.0,0.0,0.0,0.0,0,0.0,0.0,0.0,0%,0.0,0.0,0.0,0.0,0.0,0.0,0.0,0.0,0.0,0.0,0.0,0.0,0.0,0.0,0.0,0,0.0,0.0,0.0,0.0,0.0,0.0,0.0,0.0,0.0,0,0,0,0,0,0,0,0,0,0,0,0,0.0,0.0
Tyrese Francois,0,0,0.0,0.0,0.0,0.0,0.0,0.0,0.0,0%,0.0,0.0,0.0,0.0,0.0,0.0,0.0,0.0,0.0,0.0,0.0,0.0,0.0,0.0,0.0,0,0.0,0.0,0.0,0%,0.0,0.0,0.0,0.0,0.0,0.0,0.0,0.0,0.0,0.0,0.0,0.0,0.0,0.0,0.0,0%,0.0,0.0,0.0,0.0,0.0,0.0,0.0,0.0,0.0,0,0,0,0,0,0,0,0,0,0,0,0,0.0,0.0
Ryan Fraser,https://www.instagram.com/ryanfraser94,0,0.0,0.0,0.0,0.0,0.0,0.0,0.0,0%,0.0,0.0,0.0,0.0,0.0,0.0,0.0,0.0,0.0,0.0,0.0,0.0,0.0,0.0,0.0,0,0.0,0.0,0.0,0%,0.0,0.0,0.0,0.0,0.0,0.0,0.0,0.0,0.0,0.0,0.0,0.0,0.0,0.0,0.0,0%,0.0,0.0,0.0,0.0,0.0,0.0,0.0,0.0,0.0,0,0,0,0,0,0,0,0,0,0,0,0,0.0,0.0
Melkamu Frauendorf,0,0,0.0,0.0,0.0,0.0,0.0,0.0,0.0,0%,0.0,0.0,0.0,0.0,0.0,0.0,0.0,0.0,0.0,0.0,0.0,0.0,0.0,0.0,0.0,0,0.0,0.0,0.0,0%,0.0,0.0,0.0,0.0,0.0,0.0,0.0,0.0,0.0,0.0,0.0,0.0,0.0,0.0,0.0,0%,0.0,0.0,0.0,0.0,0.0,0.0,0.0,0.0,0.0,0,0,0,0,0,0,0,0,0,0,0,0,0.0,0.0
Fred,0,0,0.0,0.0,0.0,0.0,0.0,0.0,0.0,0%,0.0,0.0,0.0,0.0,0.0,0.0,0.0,0.0,0.0,0.0,0.0,0.0,0.0,0.0,0.0,0,0.0,0.0,0.0,0%,0.0,0.0,0.0,0.0,0.0,0.0,0.0,0.0,0.0,0.0,0.0,0.0,0.0,0.0,0.0,0%,0.0,0.0,0.0,0.0,0.0,0.0,0.0,0.0,0.0,0,0,0,0,0,0,0,0,0,0,0,0,0.0,0.0
Benjamin Fredrick,0,0,0.0,0.0,0.0,0.0,0.0,0.0,0.0,0%,0.0,0.0,0.0,0.0,0.0,0.0,0.0,0.0,0.0,0.0,0.0,0.0,0.0,0.0,0.0,0,0.0,0.0,0.0,0%,0.0,0.0,0.0,0.0,0.0,0.0,0.0,0.0,0.0,0.0,0.0,0.0,0.0,0.0,0.0,0,0.0,0.0,0.0,0.0,0.0,0.0,0.0,0.0,0.0,0,0,0,0,0,0,0,0,0,0,0,0,0.0,0.0
Luke Freeman,0,0,0.0,0.0,0.0,0.0,0.0,0.0,0.0,0%,0.0,0.0,0.0,0.0,0.0,0.0,0.0,0.0,0.0,0.0,0.0,0.0,0.0,0.0,0.0,0,0.0,0.0,0.0,0%,0.0,0.0,0.0,0.0,0.0,0.0,0.0,0.0,0.0,0.0,0.0,0.0,0.0,0.0,0.0,0%,0.0,0.0,0.0,0.0,0.0,0.0,0.0,0.0,0.0,0,0,0,0,0,0,0,0,0,0,0,0,0.0,0.0
Remo Freuler,https://www.instagram.com/remo_freuler/,0,0.0,0.0,0.0,0.0,0.0,0.0,0.0,0%,0.0,0.0,0.0,0.0,0.0,0.0,0.0,0.0,0.0,0.0,0.0,0.0,0.0,0.0,0.0,0,0.0,0.0,0.0,0%,0.0,0.0,0.0,0.0,0.0,0.0,0.0,0.0,0.0,0.0,0.0,0.0,0.0,0.0,0.0,0%,0.0,0.0,0.0,0.0,0.0,0.0,0.0,0.0,0.0,0,0,0,0,0,0,0,0,0,0,0,0,0.0,0.0
James Furlong,0,0,0.0,0.0,0.0,0.0,0.0,0.0,0.0,0%,0.0,0.0,0.0,0.0,0.0,0.0,0.0,0.0,0.0,0.0,0.0,0.0,0.0,0.0,0.0,0,0.0,0.0,0.0,0%,0.0,0.0,0.0,0.0,0.0,0.0,0.0,0.0,0.0,0.0,0.0,0.0,0.0,0.0,0.0,0,0.0,0.0,0.0,0.0,0.0,0.0,0.0,0.0,0.0,0,0,0,0,0,0,0,0,0,0,0,0,0.0,0.0
Gabriel Jesus,https://www.facebook.com/gabrieljesus/,https://twitter.com/gabrieljesus9,27.0,4.0,18.0,4.0,0.0,0.0,24.0,0,0.0,16.0,13.0,11.0,9.0,0.0,0.0,0.0,0.0,0.0,0.0,0.0,0.0,0.0,5.0,490,18.15,6.0,9.0,0,0.0,0.0,6.0,0.0,26.0,16.0,2.0,1.0,1.0,2.0,0.15,0.0,0.0,55.0,19.0,35%,7.0,0.0,0.0,0.0,0.0,0.0,0.0,0.0,0.0,0,0,0,0,0,0,0,0,0,0,0,0,0.0,0.0
Gabriel Magalhães,https://twitter.com/biel_m04,https://www.instagram.com/_gabrielmagalhaes/,36.0,4.0,27.0,5.0,15.0,26.0,48.0,58%,2.0,6.0,31.0,97.0,59.0,1.0,136.0,161.0,106.0,2.0,79.0,64.0,1.0,0.0,0.0,"2,144",59.56,2.0,4.0,25%,2.0,69.0,4.0,0.0,35.0,1.0,4.0,0.0,0.0,0.0,0.0,0.0,0.0,0.0,0.0,0,0.0,0.0,0.0,0.0,0.0,0.0,0.0,0.0,0.0,0,0,0,0,0,0,0,0,0,0,0,0,0.0,0.0
Gabriel Martinelli,https://twitter.com/g_martinelli01/,https://www.instagram.com/ga_martinelli01/,35.0,6.0,26.0,5.0,0.0,0.0,30.0,80%,0.0,19.0,5.0,7.0,2.0,0.0,95.0,109.0,169.0,40.0,17.0,26.0,0.0,0.0,4.0,807,23.06,7.0,109.0,26%,3.0,24.0,1.0,0.0,23.0,9.0,0.0,5.0,1.0,1.0,0.17,0.0,0.0,58.0,22.0,38%,5.0,0.0,0.0,0.0,0.0,0.0,0.0,0.0,0.0,0,0,0,0,0,0,0,0,0,0,0,0,0.0,0.0
Cody Gakpo,https://www.instagram.com/codymathesgakpo/?hl=en,0,35.0,8.0,23.0,3.0,0.0,0.0,27.0,0,0.0,17.0,14.0,7.0,5.0,0.0,0.0,0.0,0.0,0.0,0.0,0.0,0.0,0.0,5.0,535,15.29,5.0,21.0,0,0.0,0.0,1.0,0.0,28.0,8.0,3.0,3.0,2.0,0.0,0.23,0.0,0.0,66.0,24.0,36%,6.0,0.0,0.0,0.0,0.0,0.0,0.0,0.0,0.0,0,0,0,0,0,0,0,0,0,0,0,0,0.0,0.0
Conor Gallagher,https://www.instagram.com/conorgallagher92/,0,37.0,5.0,18.0,10.0,0.0,0.0,85.0,61%,0.0,12.0,43.0,30.0,15.0,0.0,221.0,212.0,210.0,38.0,25.0,28.0,0.0,0.0,7.0,"1,930",52.16,11.0,64.0,28%,5.0,54.0,7.0,1.0,83.0,1.0,0.0,4.0,1.0,3.0,0.14,0.0,0.0,48.0,18.0,38%,5.0,0.0,0.0,0.0,0.0,0.0,0.0,0.0,0.0,0,0,0,0,0,0,0,0,0,0,0,0,0.0,0.0
Joe Gardner,0,0,0.0,0.0,0.0,0.0,0.0,0.0,0.0,0,0.0,0.0,0.0,0.0,0.0,0.0,0.0,0.0,0.0,0.0,0.0,0.0,0.0,0.0,0.0,0,0.0,0.0,0.0,0,0.0,0.0,0.0,0.0,0.0,0.0,0.0,0.0,0.0,0.0,0.0,0.0,0.0,0.0,0.0,0%,0.0,0.0,0.0,0.0,0.0,0.0,0.0,0.0,0.0,0,0,0,0,0,0,0,0,0,0,0,0,0.0,0.0
Alejandro Garnacho,https://www.instagram.com/garnacho7/,0,36.0,7.0,16.0,14.0,0.0,0.0,22.0,0,0.0,40.0,18.0,12.0,3.0,0.0,0.0,0.0,0.0,0.0,0.0,0.0,0.0,0.0,4.0,834,23.17,6.0,58.0,0,0.0,0.0,4.0,0.0,20.0,15.0,1.0,3.0,3.0,0.0,0.19,0.0,0.0,100.0,28.0,28%,7.0,0.0,0.0,0.0,0.0,0.0,0.0,0.0,0.0,0,0,0,0,0,0,0,0,0,0,0,0,0.0,0.0
James Garner,https://twitter.com/jgarnerr96,https://www.instagram.com/jgarnerr96/,37.0,1.0,12.0,16.0,0.0,0.0,83.0,53%,0.0,10.0,45.0,45.0,15.0,0.0,172.0,169.0,134.0,19.0,25.0,24.0,0.0,1.0,2.0,"1,111",30.03,7.0,112.0,22%,4.0,46.0,7.0,0.0,39.0,3.0,0.0,1.0,0.0,4.0,0.03,0.0,0.0,41.0,11.0,27%,1.0,0.0,0.0,0.0,0.0,0.0,0.0,0.0,0.0,0,0,0,0,0,0,0,0,0,0,0,0,0.0,0.0
Joe Gauci,0,0,0.0,0.0,0.0,0.0,0.0,0.0,0.0,0,0.0,0.0,0.0,0.0,0.0,0.0,0.0,0.0,0.0,0.0,0.0,0.0,0.0,0.0,0.0,0,0.0,0.0,0,0,0.0,0.0,0.0,0.0,0.0,0.0,0.0,0.0,0.0,0.0,0.0,0.0,0.0,0.0,0.0,0,0.0,0.0,0.0,0.0,0.0,0.0,0.0,0.0,0.0,0,0,0,0,0,0,0,0,0,0,0,0,0.0,0.0
Jean-Philippe Gbamin,0,0,0.0,0.0,0.0,0.0,0.0,0.0,0.0,0%,0.0,0.0,0.0,0.0,0.0,0.0,0.0,0.0,0.0,0.0,0.0,0.0,0.0,0.0,0.0,0,0.0,0.0,0.0,0%,0.0,0.0,0.0,0.0,0.0,0.0,0.0,0.0,0.0,0.0,0.0,0.0,0.0,0.0,0.0,0%,0.0,0.0,0.0,0.0,0.0,0.0,0.0,0.0,0.0,0,0,0,0,0,0,0,0,0,0,0,0,0.0,0.0
Billy Gee,0,0,0.0,0.0,0.0,0.0,0.0,0.0,0.0,0%,0.0,0.0,0.0,0.0,0.0,0.0,0.0,0.0,0.0,0.0,0.0,0.0,0.0,0.0,0.0,0,0.0,0.0,0.0,0%,0.0,0.0,0.0,0.0,0.0,0.0,0.0,0.0,0.0,0.0,0.0,0.0,0.0,0.0,0.0,0%,0.0,0.0,0.0,0.0,0.0,0.0,0.0,0.0,0.0,0,0,0,0,0,0,0,0,0,0,0,0,0.0,0.0
Tyrique George,0,0,0.0,0.0,0.0,0.0,0.0,0.0,0.0,0,0.0,0.0,0.0,0.0,0.0,0.0,0.0,0.0,0.0,0.0,0.0,0.0,0.0,0.0,0.0,0,0.0,0.0,0.0,0,0.0,0.0,0.0,0.0,0.0,0.0,0.0,0.0,0.0,0.0,0.0,0.0,0.0,0.0,0.0,0%,0.0,0.0,0.0,0.0,0.0,0.0,0.0,0.0,0.0,0,0,0,0,0,0,0,0,0,0,0,0,0.0,0.0
Saman Ghoddos,0,0,19.0,1.0,4.0,13.0,0.0,0.0,28.0,0,0.0,1.0,5.0,9.0,2.0,0.0,0.0,0.0,0.0,0.0,0.0,0.0,0.0,0.0,0.0,368,19.37,1.0,42.0,0,0.0,0.0,5.0,0.0,13.0,2.0,0.0,1.0,0.0,0.0,0.05,0.0,0.0,9.0,2.0,22%,0.0,0.0,0.0,0.0,0.0,0.0,0.0,0.0,0.0,0,0,0,0,0,0,0,0,0,0,0,0,0.0,0.0
Morgan Gibbs-White,https://www.facebook.com/GibbsWhiteOfficial/,https://twitter.com/Morgangibbs27,37.0,5.0,9.0,19.0,0.0,0.0,36.0,67%,0.0,25.0,17.0,18.0,10.0,0.0,179.0,197.0,222.0,44.0,61.0,70.0,0.0,0.0,10.0,"1,282",34.65,16.0,182.0,30%,17.0,72.0,9.0,0.0,37.0,6.0,1.0,4.0,0.0,2.0,0.14,1.0,0.0,71.0,15.0,21%,5.0,0.0,0.0,0.0,0.0,0.0,0.0,0.0,0.0,0,0,0,0,0,0,0,0,0,0,0,0,0.0,0.0
Alexander Gibson-Hammond,0,0,0.0,0.0,0.0,0.0,0.0,0.0,0.0,0,0.0,0.0,0.0,0.0,0.0,0.0,0.0,0.0,0.0,0.0,0.0,0.0,0.0,0.0,0.0,0,0.0,0.0,0.0,0,0.0,0.0,0.0,0.0,0.0,0.0,0.0,0.0,0.0,0.0,0.0,0.0,0.0,0.0,0.0,0%,0.0,0.0,0.0,0.0,0.0,0.0,0.0,0.0,0.0,0,0,0,0,0,0,0,0,0,0,0,0,0.0,0.0
Bryan Gil,0,0,11.0,0.0,3.0,5.0,0.0,0.0,1.0,0,0.0,0.0,3.0,4.0,1.0,0.0,0.0,0.0,0.0,0.0,0.0,0.0,0.0,0.0,0.0,144,13.09,0.0,11.0,0,0.0,0.0,0.0,0.0,2.0,1.0,0.0,0.0,0.0,1.0,0.0,0.0,0.0,4.0,1.0,25%,1.0,0.0,0.0,0.0,0.0,0.0,0.0,0.0,0.0,0,0,0,0,0,0,0,0,0,0,0,0,0.0,0.0
Alex Gilbert,0,0,0.0,0.0,0.0,0.0,0.0,0.0,0.0,0%,0.0,0.0,0.0,0.0,0.0,0.0,0.0,0.0,0.0,0.0,0.0,0.0,0.0,0.0,0.0,0,0.0,0.0,0.0,0%,0.0,0.0,0.0,0.0,0.0,0.0,0.0,0.0,0.0,0.0,0.0,0.0,0.0,0.0,0.0,0%,0.0,0.0,0.0,0.0,0.0,0.0,0.0,0.0,0.0,0,0,0,0,0,0,0,0,0,0,0,0,0.0,0.0
Alfie Gilchrist,0,0,11.0,1.0,8.0,2.0,0.0,6.0,4.0,0%,0.0,1.0,3.0,9.0,5.0,0.0,9.0,7.0,13.0,1.0,2.0,4.0,0.0,0.0,0.0,123,11.18,0.0,1.0,0%,0.0,1.0,1.0,0.0,4.0,0.0,0.0,1.0,0.0,0.0,0.0,0.0,0.0,0.0,0.0,0,0.0,0.0,0.0,0.0,0.0,0.0,0.0,0.0,0.0,0,0,0,0,0,0,0,0,0,0,0,0,0.0,0.0
Ryan Giles,0,0,11.0,0.0,2.0,8.0,0.0,14.0,8.0,75%,0.0,0.0,4.0,20.0,7.0,0.0,21.0,17.0,11.0,4.0,3.0,0.0,0.0,0.0,0.0,128,11.64,0.0,49.0,24%,0.0,2.0,0.0,0.0,2.0,0.0,0.0,0.0,0.0,0.0,0.0,0.0,0.0,0.0,0.0,0,0.0,0.0,0.0,0.0,0.0,0.0,0.0,0.0,0.0,0,0,0,0,0,0,0,0,0,0,0,0,0.0,0.0
Mark Gillespie,0,0,0.0,0.0,0.0,0.0,0.0,0.0,0.0,0,0.0,0.0,0.0,0.0,0.0,0.0,0.0,0.0,0.0,0.0,0.0,0.0,0.0,0.0,0.0,0,0.0,0.0,0,0,0.0,0.0,0.0,0.0,0.0,0.0,0.0,0.0,0.0,0.0,0.0,0.0,0.0,0.0,0.0,0,0.0,0.0,0.0,0.0,0.0,0.0,0.0,0.0,0.0,0,0,0,0,0,0,0,0,0,0,0,0,0.0,0.0
Billy Gilmour,https://twitter.com/billygilmourrr,https://www.instagram.com/billygilmourrr/,30.0,0.0,11.0,10.0,0.0,0.0,26.0,62%,0.0,11.0,11.0,14.0,6.0,0.0,132.0,75.0,88.0,8.0,11.0,21.0,0.0,0.0,1.0,"2,065",68.83,3.0,34.0,32%,9.0,64.0,8.0,1.0,22.0,0.0,0.0,0.0,0.0,0.0,0.0,0.0,0.0,25.0,5.0,20%,0.0,0.0,0.0,0.0,0.0,0.0,0.0,0.0,0.0,0,0,0,0,0,0,0,0,0,0,0,0,0.0,0.0
Ben Godfrey,0,0,15.0,0.0,3.0,5.0,4.0,13.0,30.0,67%,2.0,5.0,16.0,51.0,26.0,0.0,45.0,66.0,60.0,5.0,26.0,25.0,0.0,0.0,0.0,342,22.8,0.0,21.0,19%,0.0,10.0,2.0,0.0,8.0,2.0,0.0,0.0,0.0,0.0,0.0,0.0,0.0,0.0,0.0,0,0.0,0.0,0.0,0.0,0.0,0.0,0.0,0.0,0.0,0,0,0,0,0,0,0,0,0,0,0,0,0.0,0.0
Martial Godo,0,0,0.0,0.0,0.0,0.0,0.0,0.0,0.0,0,0.0,0.0,0.0,0.0,0.0,0.0,0.0,0.0,0.0,0.0,0.0,0.0,0.0,0.0,0.0,0,0.0,0.0,0.0,0,0.0,0.0,0.0,0.0,0.0,0.0,0.0,0.0,0.0,0.0,0.0,0.0,0.0,0.0,0.0,0%,0.0,0.0,0.0,0.0,0.0,0.0,0.0,0.0,0.0,0,0,0,0,0,0,0,0,0,0,0,0,0.0,0.0
Michael Golding,0,0,0.0,0.0,0.0,0.0,0.0,0.0,0.0,0%,0.0,0.0,0.0,0.0,0.0,0.0,0.0,0.0,0.0,0.0,0.0,0.0,0.0,0.0,0.0,0,0.0,0.0,0.0,0%,0.0,0.0,0.0,0.0,0.0,0.0,0.0,0.0,0.0,0.0,0.0,0.0,0.0,0.0,0.0,0%,0.0,0.0,0.0,0.0,0.0,0.0,0.0,0.0,0.0,0,0,0,0,0,0,0,0,0,0,0,0,0.0,0.0
Joe Gomez,https://www.facebook.com/JoeGomez5Official/,https://twitter.com/J_Gomez97,32.0,0.0,21.0,3.0,5.0,19.0,47.0,66%,0.0,5.0,19.0,45.0,26.0,0.0,111.0,109.0,94.0,15.0,31.0,11.0,0.0,0.0,1.0,"1,149",35.91,2.0,39.0,18%,3.0,48.0,5.0,0.0,28.0,0.0,0.0,0.0,0.0,0.0,0.0,0.0,0.0,0.0,0.0,0,0.0,0.0,0.0,0.0,0.0,0.0,0.0,0.0,0.0,0,0,0,0,0,0,0,0,0,0,0,0,0.0,0.0
Gonçalo Guedes,https://www.instagram.com/goncaloguedes17/,0,0.0,0.0,0.0,0.0,0.0,0.0,0.0,0,0.0,0.0,0.0,0.0,0.0,0.0,0.0,0.0,0.0,0.0,0.0,0.0,0.0,0.0,0.0,0,0.0,0.0,0.0,0,0.0,0.0,0.0,0.0,0.0,0.0,0.0,0.0,0.0,0.0,0.0,0.0,0.0,0.0,0.0,0%,0.0,0.0,0.0,0.0,0.0,0.0,0.0,0.0,0.0,0,0,0,0,0,0,0,0,0,0,0,0,0.0,0.0
Enso González,0,0,1.0,0.0,0.0,1.0,0.0,0.0,0.0,0,0.0,0.0,0.0,0.0,0.0,0.0,0.0,0.0,0.0,0.0,0.0,0.0,0.0,0.0,0.0,6,6.0,0.0,0.0,0,0.0,0.0,0.0,0.0,0.0,0.0,0.0,0.0,0.0,0.0,0.0,0.0,0.0,0.0,0.0,0%,0.0,0.0,0.0,0.0,0.0,0.0,0.0,0.0,0.0,0,0,0,0,0,0,0,0,0,0,0,0,0.0,0.0
Charlie Goode,0,0,0.0,0.0,0.0,0.0,0.0,0.0,0.0,0%,0.0,0.0,0.0,0.0,0.0,0.0,0.0,0.0,0.0,0.0,0.0,0.0,0.0,0.0,0.0,0,0.0,0.0,0.0,0%,0.0,0.0,0.0,0.0,0.0,0.0,0.0,0.0,0.0,0.0,0.0,0.0,0.0,0.0,0.0,0,0.0,0.0,0.0,0.0,0.0,0.0,0.0,0.0,0.0,0,0,0,0,0,0,0,0,0,0,0,0,0.0,0.0
Owen Goodman,0,0,0.0,0.0,0.0,0.0,0.0,0.0,0.0,0,0.0,0.0,0.0,0.0,0.0,0.0,0.0,0.0,0.0,0.0,0.0,0.0,0.0,0.0,0.0,0,0.0,0.0,0,0,0.0,0.0,0.0,0.0,0.0,0.0,0.0,0.0,0.0,0.0,0.0,0.0,0.0,0.0,0.0,0,0.0,0.0,0.0,0.0,0.0,0.0,0.0,0.0,0.0,0,0,0,0,0,0,0,0,0,0,0,0,0.0,0.0
John-Kymani Gordon,0,0,0.0,0.0,0.0,0.0,0.0,0.0,0.0,0,0.0,0.0,0.0,0.0,0.0,0.0,0.0,0.0,0.0,0.0,0.0,0.0,0.0,0.0,0.0,0,0.0,0.0,0.0,0,0.0,0.0,0.0,0.0,0.0,0.0,0.0,0.0,0.0,0.0,0.0,0.0,0.0,0.0,0.0,0%,0.0,0.0,0.0,0.0,0.0,0.0,0.0,0.0,0.0,0,0,0,0,0,0,0,0,0,0,0,0,0.0,0.0
Daniel Gore,0,0,1.0,0.0,1.0,0.0,0.0,0.0,1.0,100%,0.0,0.0,1.0,0.0,0.0,0.0,0.0,2.0,0.0,0.0,0.0,0.0,0.0,0.0,0.0,0,0.0,0.0,0.0,0%,0.0,0.0,0.0,0.0,0.0,0.0,0.0,0.0,0.0,0.0,0.0,0.0,0.0,0.0,0.0,0%,0.0,0.0,0.0,0.0,0.0,0.0,0.0,0.0,0.0,0,0,0,0,0,0,0,0,0,0,0,0,0.0,0.0
True Grant,0,0,0.0,0.0,0.0,0.0,0.0,0.0,0.0,0,0.0,0.0,0.0,0.0,0.0,0.0,0.0,0.0,0.0,0.0,0.0,0.0,0.0,0.0,0.0,0,0.0,0.0,0,0,0.0,0.0,0.0,0.0,0.0,0.0,0.0,0.0,0.0,0.0,0.0,0.0,0.0,0.0,0.0,0,0.0,0.0,0.0,0.0,0.0,0.0,0.0,0.0,0.0,0,0,0,0,0,0,0,0,0,0,0,0,0.0,0.0
Ryan Gravenberch,0,0,26.0,1.0,17.0,2.0,0.0,0.0,26.0,46%,0.0,7.0,14.0,11.0,3.0,0.0,74.0,74.0,85.0,23.0,10.0,14.0,0.0,0.0,0.0,493,18.96,1.0,4.0,0%,4.0,6.0,0.0,0.0,20.0,0.0,0.0,1.0,0.0,1.0,0.04,0.0,0.0,23.0,8.0,35%,1.0,0.0,0.0,0.0,0.0,0.0,0.0,0.0,0.0,0,0,0,0,0,0,0,0,0,0,0,0,0.0,0.0
Ivo Grbic,0,0,9.0,0.0,0.0,6.0,0.0,25.0,0.0,0,0.0,0.0,0.0,0.0,0.0,0.0,0.0,0.0,0.0,0.0,0.0,0.0,0.0,1.0,0.0,271,30.11,0.0,0,0,0.0,68.0,1.0,0.0,0.0,0.0,0.0,0.0,0.0,0.0,0.0,0.0,0.0,0.0,0.0,0,0.0,37.0,0.0,5.0,8.0,1.0,7.0,25.0,89.0,0,0,0,0,0,0,0,0,0,0,0,0,0.0,0.0
Ben Greenwood,0,0,0.0,0.0,0.0,0.0,0.0,0.0,0.0,0%,0.0,0.0,0.0,0.0,0.0,0.0,0.0,0.0,0.0,0.0,0.0,0.0,0.0,0.0,0.0,0,0.0,0.0,0.0,0%,0.0,0.0,0.0,0.0,0.0,0.0,0.0,0.0,0.0,0.0,0.0,0.0,0.0,0.0,0.0,0,0.0,0.0,0.0,0.0,0.0,0.0,0.0,0.0,0.0,0,0,0,0,0,0,0,0,0,0,0,0,0.0,0.0
Seán Grehan,0,0,0.0,0.0,0.0,0.0,0.0,0.0,0.0,0%,0.0,0.0,0.0,0.0,0.0,0.0,0.0,0.0,0.0,0.0,0.0,0.0,0.0,0.0,0.0,0,0.0,0.0,0.0,0%,0.0,0.0,0.0,0.0,0.0,0.0,0.0,0.0,0.0,0.0,0.0,0.0,0.0,0.0,0.0,0,0.0,0.0,0.0,0.0,0.0,0.0,0.0,0.0,0.0,0,0,0,0,0,0,0,0,0,0,0,0,0.0,0.0
Harvey Griffiths,https://www.instagram.com/harvey.griff/,0,0.0,0.0,0.0,0.0,0.0,0.0,0.0,0%,0.0,0.0,0.0,0.0,0.0,0.0,0.0,0.0,0.0,0.0,0.0,0.0,0.0,0.0,0.0,0,0.0,0.0,0.0,0%,0.0,0.0,0.0,0.0,0.0,0.0,0.0,0.0,0.0,0.0,0.0,0.0,0.0,0.0,0.0,0%,0.0,0.0,0.0,0.0,0.0,0.0,0.0,0.0,0.0,0,0,0,0,0,0,0,0,0,0,0,0,0.0,0.0
Pascal Groß,0,0,36.0,4.0,11.0,13.0,0.0,0.0,70.0,66%,0.0,20.0,22.0,27.0,8.0,0.0,144.0,127.0,121.0,16.0,14.0,17.0,0.0,1.0,10.0,"2,927",81.31,11.0,238.0,37%,5.0,98.0,7.0,0.0,23.0,3.0,0.0,3.0,1.0,1.0,0.11,1.0,0.0,55.0,20.0,36%,9.0,0.0,0.0,0.0,0.0,0.0,0.0,0.0,0.0,0,0,0,0,0,0,0,0,0,0,0,0,0.0,0.0
Vicente Guaita,0,0,0.0,0.0,0.0,0.0,0.0,0.0,0.0,0,0.0,0.0,0.0,0.0,0.0,0.0,0.0,0.0,0.0,0.0,0.0,0.0,0.0,0.0,0.0,0,0.0,0.0,0,0,0.0,0.0,0.0,0.0,0.0,0.0,0.0,0.0,0.0,0.0,0.0,0.0,0.0,0.0,0.0,0,0.0,0.0,0.0,0.0,0.0,0.0,0.0,0.0,0.0,0,0,0,0,0,0,0,0,0,0,0,0,0.0,0.0
Jóhann Gudmundsson,0,0,26.0,1.0,2.0,17.0,0.0,0.0,13.0,31%,0.0,3.0,16.0,16.0,6.0,0.0,56.0,52.0,61.0,5.0,14.0,22.0,0.0,0.0,3.0,465,17.88,5.0,70.0,37%,4.0,29.0,2.0,0.0,9.0,2.0,0.0,0.0,1.0,1.0,0.04,0.0,0.0,15.0,6.0,40%,3.0,0.0,0.0,0.0,0.0,0.0,0.0,0.0,0.0,0,0,0,0,0,0,0,0,0,0,0,0,0.0,0.0
Marc Guéhi,0,0,25.0,0.0,9.0,10.0,4.0,32.0,28.0,68%,0.0,1.0,18.0,88.0,44.0,0.0,120.0,90.0,59.0,7.0,29.0,29.0,0.0,1.0,1.0,"1,299",51.96,1.0,3.0,0%,1.0,85.0,2.0,0.0,14.0,0.0,0.0,0.0,0.0,0.0,0.0,0.0,0.0,0.0,0.0,0,0.0,0.0,0.0,0.0,0.0,0.0,0.0,0.0,0.0,0,0,0,0,0,0,0,0,0,0,0,0,0.0,0.0
Idrissa Gueye,https://www.instagram.com/iganagueye/,0,25.0,4.0,9.0,9.0,0.0,0.0,73.0,60%,0.0,11.0,28.0,16.0,6.0,0.0,174.0,128.0,91.0,11.0,15.0,9.0,0.0,0.0,0.0,880,35.2,1.0,11.0,9%,2.0,22.0,8.0,0.0,35.0,0.0,0.0,3.0,1.0,0.0,0.16,0.0,1.0,26.0,7.0,27%,0.0,0.0,0.0,0.0,0.0,0.0,0.0,0.0,0.0,0,0,0,0,0,0,0,0,0,0,0,0,0.0,0.0
Ilkay Gündogan,0,0,0.0,0.0,0.0,0.0,0.0,0.0,0.0,0%,0.0,0.0,0.0,0.0,0.0,0.0,0.0,0.0,0.0,0.0,0.0,0.0,0.0,0.0,0.0,0,0.0,0.0,0.0,0%,0.0,0.0,0.0,0.0,0.0,0.0,0.0,0.0,0.0,0.0,0.0,0.0,0.0,0.0,0.0,0%,0.0,0.0,0.0,0.0,0.0,0.0,0.0,0.0,0.0,0,0,0,0,0,0,0,0,0,0,0,0,0.0,0.0
Luca Gunter,0,0,0.0,0.0,0.0,0.0,0.0,0.0,0.0,0,0.0,0.0,0.0,0.0,0.0,0.0,0.0,0.0,0.0,0.0,0.0,0.0,0.0,0.0,0.0,0,0.0,0.0,0,0,0.0,0.0,0.0,0.0,0.0,0.0,0.0,0.0,0.0,0.0,0.0,0.0,0.0,0.0,0.0,0,0.0,0.0,0.0,0.0,0.0,0.0,0.0,0.0,0.0,0,0,0,0,0,0,0,0,0,0,0,0,0.0,0.0
Gustavo Scarpa,0,0,0.0,0.0,0.0,0.0,0.0,0.0,0.0,0%,0.0,0.0,0.0,0.0,0.0,0.0,0.0,0.0,0.0,0.0,0.0,0.0,0.0,0.0,0.0,0,0.0,0.0,0.0,0%,0.0,0.0,0.0,0.0,0.0,0.0,0.0,0.0,0.0,0.0,0.0,0.0,0.0,0.0,0.0,0%,0.0,0.0,0.0,0.0,0.0,0.0,0.0,0.0,0.0,0,0,0,0,0,0,0,0,0,0,0,0,0.0,0.0
Malo Gusto,0,0,27.0,0.0,14.0,6.0,2.0,27.0,55.0,49%,0.0,2.0,17.0,37.0,16.0,0.0,126.0,110.0,89.0,17.0,8.0,19.0,0.0,0.0,6.0,"1,218",45.11,8.0,64.0,27%,2.0,30.0,7.0,1.0,22.0,6.0,0.0,0.0,0.0,0.0,0.0,0.0,0.0,0.0,0.0,0,0.0,0.0,0.0,0.0,0.0,0.0,0.0,0.0,0.0,0,0,0,0,0,0,0,0,0,0,0,0,0.0,0.0
Josko Gvardiol,https://www.instagram.com/josko_gvardiol/,0,28.0,4.0,22.0,2.0,9.0,23.0,55.0,60%,0.0,6.0,27.0,26.0,13.0,0.0,150.0,134.0,89.0,26.0,31.0,24.0,0.0,1.0,1.0,"1,732",61.86,2.0,33.0,12%,3.0,41.0,3.0,0.0,20.0,2.0,1.0,3.0,0.0,0.0,0.0,0.0,0.0,0.0,0.0,0,0.0,0.0,0.0,0.0,0.0,0.0,0.0,0.0,0.0,0,0,0,0,0,0,0,0,0,0,0,0,0.0,0.0
Erling Haaland,https://twitter.com/ErlingHaaland,https://www.instagram.com/erling.haaland/,31.0,27.0,22.0,3.0,0.0,0.0,6.0,0,0.0,23.0,2.0,16.0,14.0,0.0,0.0,0.0,0.0,0.0,0.0,0.0,0.0,0.0,5.0,381,12.29,6.0,5.0,0,0.0,0.0,1.0,0.0,18.0,6.0,4.0,2.0,20.0,2.0,0.87,7.0,0.0,121.0,59.0,49%,34.0,0.0,0.0,0.0,0.0,0.0,0.0,0.0,0.0,0,0,0,0,0,0,0,0,0,0,0,0,0.0,0.0
Jordan Hackett,0,0,0.0,0.0,0.0,0.0,0.0,0.0,0.0,0%,0.0,0.0,0.0,0.0,0.0,0.0,0.0,0.0,0.0,0.0,0.0,0.0,0.0,0.0,0.0,0,0.0,0.0,0.0,0%,0.0,0.0,0.0,0.0,0.0,0.0,0.0,0.0,0.0,0.0,0.0,0.0,0.0,0.0,0.0,0,0.0,0.0,0.0,0.0,0.0,0.0,0.0,0.0,0.0,0,0,0,0,0,0,0,0,0,0,0,0,0.0,0.0
Antwoine Hackford,0,0,2.0,0.0,0.0,2.0,0.0,0.0,0.0,0,0.0,0.0,0.0,0.0,0.0,0.0,0.0,0.0,0.0,0.0,0.0,0.0,0.0,0.0,0.0,2,1.0,0.0,0.0,0,0.0,0.0,0.0,0.0,0.0,0.0,0.0,0.0,0.0,0.0,0.0,0.0,0.0,0.0,0.0,0%,0.0,0.0,0.0,0.0,0.0,0.0,0.0,0.0,0.0,0,0,0,0,0,0,0,0,0,0,0,0,0.0,0.0
Lewis Hall,0,0,18.0,1.0,8.0,8.0,0.0,12.0,28.0,64%,0.0,6.0,12.0,17.0,8.0,0.0,56.0,52.0,47.0,9.0,10.0,11.0,0.0,0.0,0.0,468,26.0,0.0,23.0,17%,0.0,27.0,2.0,0.0,5.0,0.0,0.0,0.0,1.0,0.0,0.0,0.0,0.0,0.0,0.0,0,0.0,0.0,0.0,0.0,0.0,0.0,0.0,0.0,0.0,0,0,0,0,0,0,0,0,0,0,0,0,0.0,0.0
Gustavo Hamer,0,0,36.0,4.0,3.0,26.0,0.0,0.0,39.0,54%,0.0,15.0,29.0,32.0,11.0,0.0,162.0,90.0,154.0,28.0,6.0,16.0,0.0,0.0,6.0,982,27.28,10.0,115.0,29%,5.0,42.0,9.0,0.0,50.0,6.0,0.0,3.0,1.0,0.0,0.11,0.0,0.0,49.0,15.0,31%,1.0,0.0,0.0,0.0,0.0,0.0,0.0,0.0,0.0,0,0,0,0,0,0,0,0,0,0,0,0,0.0,0.0
Micah Hamilton,0,0,0.0,0.0,0.0,0.0,0.0,0.0,0.0,0%,0.0,0.0,0.0,0.0,0.0,0.0,0.0,0.0,0.0,0.0,0.0,0.0,0.0,0.0,0.0,0,0.0,0.0,0.0,0%,0.0,0.0,0.0,0.0,0.0,0.0,0.0,0.0,0.0,0.0,0.0,0.0,0.0,0.0,0.0,0%,0.0,0.0,0.0,0.0,0.0,0.0,0.0,0.0,0.0,0,0,0,0,0,0,0,0,0,0,0,0,0.0,0.0
Oliver Hammond,0,0,0.0,0.0,0.0,0.0,0.0,0.0,0.0,0%,0.0,0.0,0.0,0.0,0.0,0.0,0.0,0.0,0.0,0.0,0.0,0.0,0.0,0.0,0.0,0,0.0,0.0,0.0,0%,0.0,0.0,0.0,0.0,0.0,0.0,0.0,0.0,0.0,0.0,0.0,0.0,0.0,0.0,0.0,0%,0.0,0.0,0.0,0.0,0.0,0.0,0.0,0.0,0.0,0,0,0,0,0,0,0,0,0,0,0,0,0.0,0.0
Owen Hampson,0,0,0.0,0.0,0.0,0.0,0.0,0.0,0.0,0%,0.0,0.0,0.0,0.0,0.0,0.0,0.0,0.0,0.0,0.0,0.0,0.0,0.0,0.0,0.0,0,0.0,0.0,0.0,0%,0.0,0.0,0.0,0.0,0.0,0.0,0.0,0.0,0.0,0.0,0.0,0.0,0.0,0.0,0.0,0%,0.0,0.0,0.0,0.0,0.0,0.0,0.0,0.0,0.0,0,0,0,0,0,0,0,0,0,0,0,0,0.0,0.0
Isak Hansen-Aaröen,0,0,0.0,0.0,0.0,0.0,0.0,0.0,0.0,0%,0.0,0.0,0.0,0.0,0.0,0.0,0.0,0.0,0.0,0.0,0.0,0.0,0.0,0.0,0.0,0,0.0,0.0,0.0,0%,0.0,0.0,0.0,0.0,0.0,0.0,0.0,0.0,0.0,0.0,0.0,0.0,0.0,0.0,0.0,0%,0.0,0.0,0.0,0.0,0.0,0.0,0.0,0.0,0.0,0,0,0,0,0,0,0,0,0,0,0,0,0.0,0.0
Luke Harris,0,0,1.0,0.0,0.0,1.0,0.0,0.0,1.0,100%,0.0,0.0,0.0,0.0,0.0,0.0,3.0,3.0,5.0,0.0,0.0,0.0,0.0,0.0,0.0,14,14.0,0.0,0.0,0%,0.0,0.0,0.0,0.0,2.0,0.0,0.0,0.0,0.0,0.0,0.0,0.0,0.0,1.0,1.0,100%,1.0,0.0,0.0,0.0,0.0,0.0,0.0,0.0,0.0,0,0,0,0,0,0,0,0,0,0,0,0,0.0,0.0
Ollie Harrison,0,0,0.0,0.0,0.0,0.0,0.0,0.0,0.0,0%,0.0,0.0,0.0,0.0,0.0,0.0,0.0,0.0,0.0,0.0,0.0,0.0,0.0,0.0,0.0,0,0.0,0.0,0.0,0%,0.0,0.0,0.0,0.0,0.0,0.0,0.0,0.0,0.0,0.0,0.0,0.0,0.0,0.0,0.0,0%,0.0,0.0,0.0,0.0,0.0,0.0,0.0,0.0,0.0,0,0,0,0,0,0,0,0,0,0,0,0,0.0,0.0
Taylor Harwood-Bellis,0,0,0.0,0.0,0.0,0.0,0.0,0.0,0.0,0%,0.0,0.0,0.0,0.0,0.0,0.0,0.0,0.0,0.0,0.0,0.0,0.0,0.0,0.0,0.0,0,0.0,0.0,0.0,0%,0.0,0.0,0.0,0.0,0.0,0.0,0.0,0.0,0.0,0.0,0.0,0.0,0.0,0.0,0.0,0,0.0,0.0,0.0,0.0,0.0,0.0,0.0,0.0,0.0,0,0,0,0,0,0,0,0,0,0,0,0,0.0,0.0
Daiki Hashioka,0,0,10.0,0.0,1.0,8.0,0.0,21.0,11.0,45%,0.0,1.0,8.0,20.0,8.0,0.0,26.0,30.0,35.0,1.0,13.0,12.0,2.0,0.0,0.0,254,25.4,1.0,9.0,33%,0.0,9.0,0.0,0.0,10.0,0.0,0.0,0.0,0.0,0.0,0.0,0.0,0.0,0.0,0.0,0,0.0,0.0,0.0,0.0,0.0,0.0,0.0,0.0,0.0,0,0,0,0,0,0,0,0,0,0,0,0,0.0,0.0
Kai Havertz,https://www.facebook.com/kaihavertz29,https://twitter.com/kaihavertz29,37.0,13.0,28.0,4.0,0.0,0.0,35.0,43%,0.0,18.0,20.0,22.0,19.0,0.0,122.0,197.0,220.0,16.0,105.0,105.0,0.0,0.0,7.0,932,25.19,8.0,12.0,17%,2.0,8.0,11.0,0.0,49.0,15.0,3.0,3.0,7.0,1.0,0.35,1.0,0.0,69.0,28.0,41%,13.0,0.0,0.0,0.0,0.0,0.0,0.0,0.0,0.0,0,0,0,0,0,0,0,0,0,0,0,0,0.0,0.0
Ayden Heaven,0,0,0.0,0.0,0.0,0.0,0.0,0.0,0.0,0%,0.0,0.0,0.0,0.0,0.0,0.0,0.0,0.0,0.0,0.0,0.0,0.0,0.0,0.0,0.0,0,0.0,0.0,0.0,0%,0.0,0.0,0.0,0.0,0.0,0.0,0.0,0.0,0.0,0.0,0.0,0.0,0.0,0.0,0.0,0,0.0,0.0,0.0,0.0,0.0,0.0,0.0,0.0,0.0,0,0,0,0,0,0,0,0,0,0,0,0,0.0,0.0
Krisztián Hegyi,0,0,0.0,0.0,0.0,0.0,0.0,0.0,0.0,0,0.0,0.0,0.0,0.0,0.0,0.0,0.0,0.0,0.0,0.0,0.0,0.0,0.0,0.0,0.0,0,0.0,0.0,0,0,0.0,0.0,0.0,0.0,0.0,0.0,0.0,0.0,0.0,0.0,0.0,0.0,0.0,0.0,0.0,0,0.0,0.0,0.0,0.0,0.0,0.0,0.0,0.0,0.0,0,0,0,0,0,0,0,0,0,0,0,0,0.0,0.0
Karl Hein,https://www.instagram.com/karljakobhein/,0,0.0,0.0,0.0,0.0,0.0,0.0,0.0,0,0.0,0.0,0.0,0.0,0.0,0.0,0.0,0.0,0.0,0.0,0.0,0.0,0.0,0.0,0.0,0,0.0,0.0,0,0,0.0,0.0,0.0,0.0,0.0,0.0,0.0,0.0,0.0,0.0,0.0,0.0,0.0,0.0,0.0,0,0.0,0.0,0.0,0.0,0.0,0.0,0.0,0.0,0.0,0,0,0,0,0,0,0,0,0,0,0,0,0.0,0.0
Dean Henderson,https://www.facebook.com/deanhendersonofficial/,https://twitter.com/deanhenderson,18.0,0.0,8.0,6.0,4.0,30.0,0.0,0,0.0,0.0,0.0,0.0,0.0,0.0,0.0,0.0,0.0,0.0,0.0,0.0,1.0,1.0,0.0,430,23.89,0.0,0,0,0.0,65.0,2.0,0.0,0.0,0.0,0.0,0.0,0.0,0.0,0.0,0.0,0.0,0.0,0.0,0,0.0,58.0,0.0,14.0,2.0,1.0,11.0,52.0,105.0,0,0,0,0,0,0,0,0,0,0,0,0,0.0,0.0
Rico Henry,https://twitter.com/ricohenry14,https://www.instagram.com/ricohenry/,5.0,0.0,1.0,1.0,1.0,5.0,7.0,71%,0.0,0.0,5.0,5.0,3.0,0.0,24.0,24.0,18.0,7.0,4.0,6.0,0.0,1.0,1.0,156,31.2,2.0,11.0,18%,0.0,8.0,1.0,0.0,4.0,2.0,0.0,0.0,0.0,0.0,0.0,0.0,0.0,0.0,0.0,0,0.0,0.0,0.0,0.0,0.0,0.0,0.0,0.0,0.0,0,0,0,0,0,0,0,0,0,0,0,0,0.0,0.0
Travis Hernes,0,0,0.0,0.0,0.0,0.0,0.0,0.0,0.0,0%,0.0,0.0,0.0,0.0,0.0,0.0,0.0,0.0,0.0,0.0,0.0,0.0,0.0,0.0,0.0,0,0.0,0.0,0.0,0%,0.0,0.0,0.0,0.0,0.0,0.0,0.0,0.0,0.0,0.0,0.0,0.0,0.0,0.0,0.0,0%,0.0,0.0,0.0,0.0,0.0,0.0,0.0,0.0,0.0,0,0,0,0,0,0,0,0,0,0,0,0,0.0,0.0
Yangel Herrera,0,0,0.0,0.0,0.0,0.0,0.0,0.0,0.0,0%,0.0,0.0,0.0,0.0,0.0,0.0,0.0,0.0,0.0,0.0,0.0,0.0,0.0,0.0,0.0,0,0.0,0.0,0.0,0%,0.0,0.0,0.0,0.0,0.0,0.0,0.0,0.0,0.0,0.0,0.0,0.0,0.0,0.0,0.0,0%,0.0,0.0,0.0,0.0,0.0,0.0,0.0,0.0,0.0,0,0,0,0,0,0,0,0,0,0,0,0,0.0,0.0
Owen Hesketh,0,0,0.0,0.0,0.0,0.0,0.0,0.0,0.0,0%,0.0,0.0,0.0,0.0,0.0,0.0,0.0,0.0,0.0,0.0,0.0,0.0,0.0,0.0,0.0,0,0.0,0.0,0.0,0%,0.0,0.0,0.0,0.0,0.0,0.0,0.0,0.0,0.0,0.0,0.0,0.0,0.0,0.0,0.0,0%,0.0,0.0,0.0,0.0,0.0,0.0,0.0,0.0,0.0,0,0,0,0,0,0,0,0,0,0,0,0,0.0,0.0
Aaron Hickey,https://www.instagram.com/aaronhickey51/,0,9.0,0.0,2.0,3.0,0.0,12.0,16.0,56%,0.0,2.0,3.0,10.0,8.0,0.0,42.0,38.0,29.0,5.0,2.0,9.0,0.0,0.0,0.0,252,28.0,0.0,5.0,0%,1.0,9.0,5.0,0.0,10.0,0.0,0.0,0.0,0.0,0.0,0.0,0.0,0.0,0.0,0.0,0,0.0,0.0,0.0,0.0,0.0,0.0,0.0,0.0,0.0,0,0,0,0,0,0,0,0,0,0,0,0,0.0,0.0
James Hill,https://www.instagram.com/james_hill_10/,0,5.0,0.0,3.0,1.0,0.0,1.0,3.0,67%,0.0,0.0,3.0,8.0,5.0,0.0,7.0,7.0,4.0,0.0,4.0,1.0,0.0,0.0,0.0,34,6.8,0.0,0.0,0%,0.0,3.0,0.0,0.0,1.0,0.0,0.0,0.0,0.0,0.0,0.0,0.0,0.0,0.0,0.0,0,0.0,0.0,0.0,0.0,0.0,0.0,0.0,0.0,0.0,0,0,0,0,0,0,0,0,0,0,0,0,0.0,0.0
James Hillson,0,0,0.0,0.0,0.0,0.0,0.0,0.0,0.0,0,0.0,0.0,0.0,0.0,0.0,0.0,0.0,0.0,0.0,0.0,0.0,0.0,0.0,0.0,0.0,0,0.0,0.0,0,0,0.0,0.0,0.0,0.0,0.0,0.0,0.0,0.0,0.0,0.0,0.0,0.0,0.0,0.0,0.0,0,0.0,0.0,0.0,0.0,0.0,0.0,0.0,0.0,0.0,0,0,0,0,0,0,0,0,0,0,0,0,0.0,0.0
Jack Hinchy,0,0,0.0,0.0,0.0,0.0,0.0,0.0,0.0,0%,0.0,0.0,0.0,0.0,0.0,0.0,0.0,0.0,0.0,0.0,0.0,0.0,0.0,0.0,0.0,0,0.0,0.0,0.0,0%,0.0,0.0,0.0,0.0,0.0,0.0,0.0,0.0,0.0,0.0,0.0,0.0,0.0,0.0,0.0,0%,0.0,0.0,0.0,0.0,0.0,0.0,0.0,0.0,0.0,0,0,0,0,0,0,0,0,0,0,0,0,0.0,0.0
Jack Hinshelwood,0,0,12.0,3.0,4.0,4.0,0.0,0.0,14.0,36%,0.0,1.0,14.0,16.0,8.0,0.0,33.0,24.0,33.0,0.0,7.0,8.0,0.0,0.0,0.0,435,36.25,1.0,10.0,20%,0.0,5.0,1.0,0.0,11.0,1.0,2.0,1.0,0.0,1.0,0.25,0.0,0.0,14.0,8.0,57%,3.0,0.0,0.0,0.0,0.0,0.0,0.0,0.0,0.0,0,0,0,0,0,0,0,0,0,0,0,0,0.0,0.0
Joe Hodge,0,0,0.0,0.0,0.0,0.0,0.0,0.0,0.0,0%,0.0,0.0,0.0,0.0,0.0,0.0,0.0,0.0,0.0,0.0,0.0,0.0,0.0,0.0,0.0,0,0.0,0.0,0.0,0%,0.0,0.0,0.0,0.0,0.0,0.0,0.0,0.0,0.0,0.0,0.0,0.0,0.0,0.0,0.0,0%,0.0,0.0,0.0,0.0,0.0,0.0,0.0,0.0,0.0,0,0,0,0,0,0,0,0,0,0,0,0,0.0,0.0
Ki-Jana Hoever,https://www.facebook.com/KiJanaHoeverOfficial/,https://www.instagram.com/kihoever/?hl=en,0.0,0.0,0.0,0.0,0.0,0.0,0.0,0%,0.0,0.0,0.0,0.0,0.0,0.0,0.0,0.0,0.0,0.0,0.0,0.0,0.0,0.0,0.0,0,0.0,0.0,0.0,0%,0.0,0.0,0.0,0.0,0.0,0.0,0.0,0.0,0.0,0.0,0.0,0.0,0.0,0.0,0.0,0,0.0,0.0,0.0,0.0,0.0,0.0,0.0,0.0,0.0,0,0,0,0,0,0,0,0,0,0,0,0,0.0,0.0
Fletcher Holman,0,0,0.0,0.0,0.0,0.0,0.0,0.0,0.0,0,0.0,0.0,0.0,0.0,0.0,0.0,0.0,0.0,0.0,0.0,0.0,0.0,0.0,0.0,0.0,0,0.0,0.0,0.0,0,0.0,0.0,0.0,0.0,0.0,0.0,0.0,0.0,0.0,0.0,0.0,0.0,0.0,0.0,0.0,0%,0.0,0.0,0.0,0.0,0.0,0.0,0.0,0.0,0.0,0,0,0,0,0,0,0,0,0,0,0,0,0.0,0.0
Thomas Holmes,0,0,0.0,0.0,0.0,0.0,0.0,0.0,0.0,0%,0.0,0.0,0.0,0.0,0.0,0.0,0.0,0.0,0.0,0.0,0.0,0.0,0.0,0.0,0.0,0,0.0,0.0,0.0,0%,0.0,0.0,0.0,0.0,0.0,0.0,0.0,0.0,0.0,0.0,0.0,0.0,0.0,0.0,0.0,0,0.0,0.0,0.0,0.0,0.0,0.0,0.0,0.0,0.0,0,0,0,0,0,0,0,0,0,0,0,0,0.0,0.0
Ethan Horvath,0,0,0.0,0.0,0.0,0.0,0.0,0.0,0.0,0,0.0,0.0,0.0,0.0,0.0,0.0,0.0,0.0,0.0,0.0,0.0,0.0,0.0,0.0,0.0,0,0.0,0.0,0,0,0.0,0.0,0.0,0.0,0.0,0.0,0.0,0.0,0.0,0.0,0.0,0.0,0.0,0.0,0.0,0,0.0,0.0,0.0,0.0,0.0,0.0,0.0,0.0,0.0,0,0,0,0,0,0,0,0,0,0,0,0,0.0,0.0
Justin Hubner,0,0,0.0,0.0,0.0,0.0,0.0,0.0,0.0,0%,0.0,0.0,0.0,0.0,0.0,0.0,0.0,0.0,0.0,0.0,0.0,0.0,0.0,0.0,0.0,0,0.0,0.0,0.0,0%,0.0,0.0,0.0,0.0,0.0,0.0,0.0,0.0,0.0,0.0,0.0,0.0,0.0,0.0,0.0,0,0.0,0.0,0.0,0.0,0.0,0.0,0.0,0.0,0.0,0,0,0,0,0,0,0,0,0,0,0,0,0.0,0.0
Callum Hudson-Odoi,https://twitter.com/Calteck10?s=17,https://www.instagram.com/calteck10/?hl=en,29.0,8.0,6.0,16.0,0.0,0.0,18.0,0,0.0,8.0,7.0,11.0,4.0,0.0,0.0,0.0,0.0,0.0,0.0,0.0,0.0,0.0,1.0,647,22.31,4.0,74.0,0,0.0,0.0,0.0,0.0,14.0,9.0,0.0,8.0,0.0,2.0,0.28,0.0,0.0,38.0,20.0,53%,2.0,0.0,0.0,0.0,0.0,0.0,0.0,0.0,0.0,0,0,0,0,0,0,0,0,0,0,0,0,0.0,0.0
Joe Hugill,0,0,0.0,0.0,0.0,0.0,0.0,0.0,0.0,0,0.0,0.0,0.0,0.0,0.0,0.0,0.0,0.0,0.0,0.0,0.0,0.0,0.0,0.0,0.0,0,0.0,0.0,0.0,0,0.0,0.0,0.0,0.0,0.0,0.0,0.0,0.0,0.0,0.0,0.0,0.0,0.0,0.0,0.0,0%,0.0,0.0,0.0,0.0,0.0,0.0,0.0,0.0,0.0,0,0,0,0,0,0,0,0,0,0,0,0,0.0,0.0
Hugo Bueno,https://www.instagram.com/hugobuenoo_/,0,22.0,0.0,7.0,11.0,0.0,16.0,21.0,67%,0.0,4.0,6.0,20.0,11.0,0.0,37.0,44.0,50.0,8.0,9.0,12.0,1.0,0.0,0.0,330,15.0,2.0,29.0,34%,0.0,4.0,1.0,0.0,7.0,1.0,0.0,0.0,0.0,0.0,0.0,0.0,0.0,0.0,0.0,0,0.0,0.0,0.0,0.0,0.0,0.0,0.0,0.0,0.0,0,0,0,0,0,0,0,0,0,0,0,0,0.0,0.0
Bashir Humphreys,0,0,0.0,0.0,0.0,0.0,0.0,0.0,0.0,0%,0.0,0.0,0.0,0.0,0.0,0.0,0.0,0.0,0.0,0.0,0.0,0.0,0.0,0.0,0.0,0,0.0,0.0,0.0,0%,0.0,0.0,0.0,0.0,0.0,0.0,0.0,0.0,0.0,0.0,0.0,0.0,0.0,0.0,0.0,0,0.0,0.0,0.0,0.0,0.0,0.0,0.0,0.0,0.0,0,0,0,0,0,0,0,0,0,0,0,0,0.0,0.0
Mackenzie Hunt,0,0,0.0,0.0,0.0,0.0,0.0,0.0,0.0,0%,0.0,0.0,0.0,0.0,0.0,0.0,0.0,0.0,0.0,0.0,0.0,0.0,0.0,0.0,0.0,0,0.0,0.0,0.0,0%,0.0,0.0,0.0,0.0,0.0,0.0,0.0,0.0,0.0,0.0,0.0,0.0,0.0,0.0,0.0,0,0.0,0.0,0.0,0.0,0.0,0.0,0.0,0.0,0.0,0,0,0,0,0,0,0,0,0,0,0,0,0.0,0.0
James Huntley,0,0,0.0,0.0,0.0,0.0,0.0,0.0,0.0,0%,0.0,0.0,0.0,0.0,0.0,0.0,0.0,0.0,0.0,0.0,0.0,0.0,0.0,0.0,0.0,0,0.0,0.0,0.0,0%,0.0,0.0,0.0,0.0,0.0,0.0,0.0,0.0,0.0,0.0,0.0,0.0,0.0,0.0,0.0,0%,0.0,0.0,0.0,0.0,0.0,0.0,0.0,0.0,0.0,0,0,0,0,0,0,0,0,0,0,0,0,0.0,0.0
Omari Hutchinson,0,0,0.0,0.0,0.0,0.0,0.0,0.0,0.0,0,0.0,0.0,0.0,0.0,0.0,0.0,0.0,0.0,0.0,0.0,0.0,0.0,0.0,0.0,0.0,0,0.0,0.0,0.0,0,0.0,0.0,0.0,0.0,0.0,0.0,0.0,0.0,0.0,0.0,0.0,0.0,0.0,0.0,0.0,0%,0.0,0.0,0.0,0.0,0.0,0.0,0.0,0.0,0.0,0,0,0,0,0,0,0,0,0,0,0,0,0.0,0.0
Hwang Hee-Chan,https://www.instagram.com/hwangheechan/,0,29.0,12.0,11.0,13.0,0.0,0.0,20.0,0,0.0,10.0,10.0,8.0,3.0,0.0,0.0,0.0,0.0,0.0,0.0,0.0,0.0,0.0,3.0,530,18.28,4.0,11.0,0,0.0,0.0,6.0,0.0,31.0,15.0,2.0,8.0,2.0,2.0,0.41,1.0,0.0,45.0,18.0,40%,8.0,0.0,0.0,0.0,0.0,0.0,0.0,0.0,0.0,0,0,0,0,0,0,0,0,0,0,0,0,0.0,0.0
Hwang Ui-Jo,0,0,0.0,0.0,0.0,0.0,0.0,0.0,0.0,0,0.0,0.0,0.0,0.0,0.0,0.0,0.0,0.0,0.0,0.0,0.0,0.0,0.0,0.0,0.0,0,0.0,0.0,0.0,0,0.0,0.0,0.0,0.0,0.0,0.0,0.0,0.0,0.0,0.0,0.0,0.0,0.0,0.0,0.0,0%,0.0,0.0,0.0,0.0,0.0,0.0,0.0,0.0,0.0,0,0,0,0,0,0,0,0,0,0,0,0,0.0,0.0
Pierre-Emile Højbjerg,0,0,36.0,0.0,20.0,11.0,0.0,0.0,32.0,56%,0.0,8.0,19.0,27.0,12.0,0.0,121.0,69.0,72.0,12.0,8.0,13.0,0.0,1.0,0.0,"1,383",38.42,3.0,14.0,7%,2.0,75.0,4.0,0.0,20.0,0.0,0.0,0.0,0.0,1.0,0.0,0.0,0.0,19.0,6.0,32%,0.0,0.0,0.0,0.0,0.0,0.0,0.0,0.0,0.0,0,0,0,0,0,0,0,0,0,0,0,0,0.0,0.0
Rasmus Højlund,https://www.instagram.com/rasmus.hoejlund/,0,30.0,10.0,14.0,10.0,0.0,0.0,11.0,0,0.0,5.0,1.0,19.0,12.0,0.0,0.0,0.0,0.0,0.0,0.0,0.0,0.0,0.0,2.0,391,13.03,0.0,6.0,0,0.0,0.0,2.0,0.0,20.0,15.0,0.0,4.0,5.0,0.0,0.33,0.0,0.0,38.0,21.0,55%,13.0,0.0,0.0,0.0,0.0,0.0,0.0,0.0,0.0,0,0,0,0,0,0,0,0,0,0,0,0,0.0,0.0
Bradley Ibrahim,0,0,0.0,0.0,0.0,0.0,0.0,0.0,0.0,0%,0.0,0.0,0.0,0.0,0.0,0.0,0.0,0.0,0.0,0.0,0.0,0.0,0.0,0.0,0.0,0,0.0,0.0,0.0,0%,0.0,0.0,0.0,0.0,0.0,0.0,0.0,0.0,0.0,0.0,0.0,0.0,0.0,0.0,0.0,0%,0.0,0.0,0.0,0.0,0.0,0.0,0.0,0.0,0.0,0,0,0,0,0,0,0,0,0,0,0,0,0.0,0.0
Igor Julio,0,0,24.0,0.0,6.0,8.0,2.0,26.0,25.0,72%,0.0,2.0,14.0,45.0,18.0,1.0,105.0,71.0,56.0,16.0,26.0,14.0,0.0,0.0,0.0,"1,417",59.04,1.0,1.0,0%,2.0,23.0,4.0,0.0,21.0,0.0,0.0,0.0,0.0,0.0,0.0,0.0,0.0,0.0,0.0,0,0.0,0.0,0.0,0.0,0.0,0.0,0.0,0.0,0.0,0,0,0,0,0,0,0,0,0,0,0,0,0.0,0.0
Danny Imray,0,0,0.0,0.0,0.0,0.0,0.0,0.0,0.0,0%,0.0,0.0,0.0,0.0,0.0,0.0,0.0,0.0,0.0,0.0,0.0,0.0,0.0,0.0,0.0,0,0.0,0.0,0.0,0%,0.0,0.0,0.0,0.0,0.0,0.0,0.0,0.0,0.0,0.0,0.0,0.0,0.0,0.0,0.0,0,0.0,0.0,0.0,0.0,0.0,0.0,0.0,0.0,0.0,0,0,0,0,0,0,0,0,0,0,0,0,0.0,0.0
Tim Iroegbunam,0,0,9.0,0.0,4.0,4.0,0.0,0.0,7.0,71%,0.0,0.0,2.0,2.0,1.0,0.0,15.0,14.0,19.0,3.0,2.0,0.0,0.0,0.0,0.0,55,6.11,0.0,0.0,0%,0.0,0.0,0.0,0.0,9.0,0.0,0.0,0.0,0.0,0.0,0.0,0.0,0.0,0.0,0.0,0%,0.0,0.0,0.0,0.0,0.0,0.0,0.0,0.0,0.0,0,0,0,0,0,0,0,0,0,0,0,0,0.0,0.0
Andy Irving,0,0,0.0,0.0,0.0,0.0,0.0,0.0,0.0,0%,0.0,0.0,0.0,0.0,0.0,0.0,0.0,0.0,0.0,0.0,0.0,0.0,0.0,0.0,0.0,0,0.0,0.0,0.0,0%,0.0,0.0,0.0,0.0,0.0,0.0,0.0,0.0,0.0,0.0,0.0,0.0,0.0,0.0,0.0,0%,0.0,0.0,0.0,0.0,0.0,0.0,0.0,0.0,0.0,0,0,0,0,0,0,0,0,0,0,0,0,0.0,0.0
Alexander Isak,https://www.instagram.com/alex_isak/,0,30.0,21.0,14.0,13.0,0.0,0.0,5.0,0,0.0,14.0,6.0,12.0,5.0,0.0,0.0,0.0,0.0,0.0,0.0,0.0,0.0,0.0,2.0,474,15.8,5.0,10.0,0,0.0,0.0,1.0,0.0,14.0,17.0,1.0,19.0,1.0,2.0,0.7,5.0,0.0,78.0,43.0,55%,21.0,0.0,0.0,0.0,0.0,0.0,0.0,0.0,0.0,0,0,0,0,0,0,0,0,0,0,0,0,0.0,0.0
Harry Isted,0,0,0.0,0.0,0.0,0.0,0.0,0.0,0.0,0,0.0,0.0,0.0,0.0,0.0,0.0,0.0,0.0,0.0,0.0,0.0,0.0,0.0,0.0,0.0,0,0.0,0.0,0,0,0.0,0.0,0.0,0.0,0.0,0.0,0.0,0.0,0.0,0.0,0.0,0.0,0.0,0.0,0.0,0,0.0,0.0,0.0,0.0,0.0,0.0,0.0,0.0,0.0,0,0,0,0,0,0,0,0,0,0,0,0,0.0,0.0
Ivan Cavaleiro,0,0,0.0,0.0,0.0,0.0,0.0,0.0,0.0,0,0.0,0.0,0.0,0.0,0.0,0.0,0.0,0.0,0.0,0.0,0.0,0.0,0.0,0.0,0.0,0,0.0,0.0,0.0,0,0.0,0.0,0.0,0.0,0.0,0.0,0.0,0.0,0.0,0.0,0.0,0.0,0.0,0.0,0.0,0%,0.0,0.0,0.0,0.0,0.0,0.0,0.0,0.0,0.0,0,0,0,0,0,0,0,0,0,0,0,0,0.0,0.0
Ben Jackson,0,0,0.0,0.0,0.0,0.0,0.0,0.0,0.0,0%,0.0,0.0,0.0,0.0,0.0,0.0,0.0,0.0,0.0,0.0,0.0,0.0,0.0,0.0,0.0,0,0.0,0.0,0.0,0%,0.0,0.0,0.0,0.0,0.0,0.0,0.0,0.0,0.0,0.0,0.0,0.0,0.0,0.0,0.0,0,0.0,0.0,0.0,0.0,0.0,0.0,0.0,0.0,0.0,0,0,0,0,0,0,0,0,0,0,0,0,0.0,0.0
Reece James,https://twitter.com/reecejames_24,https://www.instagram.com/reecejames/,10.0,0.0,3.0,4.0,0.0,11.0,14.0,64%,0.0,2.0,3.0,7.0,5.0,0.0,28.0,36.0,21.0,9.0,8.0,5.0,0.0,0.0,2.0,267,26.7,7.0,28.0,25%,4.0,14.0,0.0,2.0,4.0,2.0,0.0,0.0,0.0,0.0,0.0,0.0,0.0,0.0,0.0,0,0.0,0.0,0.0,0.0,0.0,0.0,0.0,0.0,0.0,0,0,0,0,0,0,0,0,0,0,0,0,0.0,0.0
Jamie Miley,0,0,0.0,0.0,0.0,0.0,0.0,0.0,0.0,0%,0.0,0.0,0.0,0.0,0.0,0.0,0.0,0.0,0.0,0.0,0.0,0.0,0.0,0.0,0.0,0,0.0,0.0,0.0,0%,0.0,0.0,0.0,0.0,0.0,0.0,0.0,0.0,0.0,0.0,0.0,0.0,0.0,0.0,0.0,0%,0.0,0.0,0.0,0.0,0.0,0.0,0.0,0.0,0.0,0,0,0,0,0,0,0,0,0,0,0,0,0.0,0.0
Vitaly Janelt,https://www.instagram.com/janeltvitaly/,0,38.0,1.0,10.0,19.0,0.0,0.0,63.0,60%,0.0,8.0,36.0,57.0,17.0,0.0,189.0,133.0,100.0,8.0,34.0,27.0,0.0,1.0,3.0,"1,306",34.37,5.0,59.0,34%,4.0,60.0,8.0,0.0,27.0,3.0,0.0,0.0,1.0,1.0,0.03,0.0,0.0,21.0,7.0,33%,2.0,0.0,0.0,0.0,0.0,0.0,0.0,0.0,0.0,0,0,0,0,0,0,0,0,0,0,0,0,0.0,0.0
Pontus Jansson,0,0,0.0,0.0,0.0,0.0,0.0,0.0,0.0,0%,0.0,0.0,0.0,0.0,0.0,0.0,0.0,0.0,0.0,0.0,0.0,0.0,0.0,0.0,0.0,0,0.0,0.0,0.0,0%,0.0,0.0,0.0,0.0,0.0,0.0,0.0,0.0,0.0,0.0,0.0,0.0,0.0,0.0,0.0,0,0.0,0.0,0.0,0.0,0.0,0.0,0.0,0.0,0.0,0,0,0,0,0,0,0,0,0,0,0,0,0.0,0.0
Vítezslav Jaros,0,0,0.0,0.0,0.0,0.0,0.0,0.0,0.0,0,0.0,0.0,0.0,0.0,0.0,0.0,0.0,0.0,0.0,0.0,0.0,0.0,0.0,0.0,0.0,0,0.0,0.0,0,0,0.0,0.0,0.0,0.0,0.0,0.0,0.0,0.0,0.0,0.0,0.0,0.0,0.0,0.0,0.0,0,0.0,0.0,0.0,0.0,0.0,0.0,0.0,0.0,0.0,0,0,0,0,0,0,0,0,0,0,0,0,0.0,0.0
Daniel Jebbison,0,0,1.0,0.0,0.0,1.0,0.0,0.0,0.0,0,0.0,0.0,0.0,0.0,0.0,0.0,0.0,0.0,0.0,0.0,0.0,0.0,0.0,0.0,0.0,3,3.0,0.0,0.0,0,0.0,0.0,0.0,0.0,0.0,0.0,0.0,0.0,0.0,0.0,0.0,0.0,0.0,0.0,0.0,0%,0.0,0.0,0.0,0.0,0.0,0.0,0.0,0.0,0.0,0,0,0,0,0,0,0,0,0,0,0,0,0.0,0.0
Mathias Jensen,https://www.instagram.com/mathjensen/,0,32.0,3.0,9.0,15.0,0.0,0.0,54.0,59%,0.0,3.0,23.0,24.0,8.0,0.0,123.0,96.0,148.0,18.0,6.0,11.0,0.0,0.0,3.0,972,30.38,9.0,113.0,38%,8.0,82.0,5.0,0.0,28.0,2.0,0.0,2.0,1.0,0.0,0.09,0.0,1.0,14.0,7.0,50%,0.0,0.0,0.0,0.0,0.0,0.0,0.0,0.0,0.0,0,0,0,0,0,0,0,0,0,0,0,0,0.0,0.0
Raúl Jiménez,https://www.facebook.com/RaulJimenezOficial/,https://twitter.com/Raul_Jimenez9,24.0,7.0,8.0,10.0,0.0,0.0,18.0,0,0.0,10.0,4.0,13.0,10.0,0.0,0.0,0.0,0.0,0.0,0.0,0.0,0.0,0.0,0.0,373,15.54,3.0,7.0,0,0.0,0.0,3.0,1.0,17.0,12.0,2.0,5.0,0.0,2.0,0.29,0.0,0.0,41.0,17.0,41%,4.0,0.0,0.0,0.0,0.0,0.0,0.0,0.0,0.0,0,0,0,0,0,0,0,0,0,0,0,0,0.0,0.0
João Cancelo,https://www.facebook.com/cancelooficial/,https://www.instagram.com/jpcancelo/?hl=en,0.0,0.0,0.0,0.0,0.0,0.0,0.0,0%,0.0,0.0,0.0,0.0,0.0,0.0,0.0,0.0,0.0,0.0,0.0,0.0,0.0,0.0,0.0,0,0.0,0.0,0.0,0%,0.0,0.0,0.0,0.0,0.0,0.0,0.0,0.0,0.0,0.0,0.0,0.0,0.0,0.0,0.0,0,0.0,0.0,0.0,0.0,0.0,0.0,0.0,0.0,0.0,0,0,0,0,0,0,0,0,0,0,0,0,0.0,0.0
João Félix,0,0,0.0,0.0,0.0,0.0,0.0,0.0,0.0,0,0.0,0.0,0.0,0.0,0.0,0.0,0.0,0.0,0.0,0.0,0.0,0.0,0.0,0.0,0.0,0,0.0,0.0,0.0,0,0.0,0.0,0.0,0.0,0.0,0.0,0.0,0.0,0.0,0.0,0.0,0.0,0.0,0.0,0.0,0%,0.0,0.0,0.0,0.0,0.0,0.0,0.0,0.0,0.0,0,0,0,0,0,0,0,0,0,0,0,0,0.0,0.0
João Gomes,0,0,34.0,2.0,13.0,15.0,0.0,0.0,128.0,58%,0.0,11.0,18.0,29.0,16.0,0.0,183.0,211.0,211.0,26.0,19.0,26.0,0.0,0.0,1.0,"1,237",36.38,2.0,25.0,48%,7.0,31.0,11.0,0.0,66.0,1.0,1.0,1.0,0.0,2.0,0.06,0.0,0.0,26.0,8.0,31%,1.0,0.0,0.0,0.0,0.0,0.0,0.0,0.0,0.0,0,0,0,0,0,0,0,0,0,0,0,0,0.0,0.0
João Moutinho,0,0,0.0,0.0,0.0,0.0,0.0,0.0,0.0,0%,0.0,0.0,0.0,0.0,0.0,0.0,0.0,0.0,0.0,0.0,0.0,0.0,0.0,0.0,0.0,0,0.0,0.0,0.0,0%,0.0,0.0,0.0,0.0,0.0,0.0,0.0,0.0,0.0,0.0,0.0,0.0,0.0,0.0,0.0,0%,0.0,0.0,0.0,0.0,0.0,0.0,0.0,0.0,0.0,0,0,0,0,0,0,0,0,0,0,0,0,0.0,0.0
João Palhinha,0,0,33.0,4.0,9.0,16.0,0.0,0.0,152.0,49%,0.0,12.0,46.0,54.0,22.0,0.0,195.0,259.0,166.0,11.0,41.0,31.0,0.0,0.0,1.0,"1,321",40.03,1.0,5.0,20%,6.0,80.0,13.0,0.0,52.0,2.0,2.0,2.0,0.0,1.0,0.12,0.0,0.0,45.0,14.0,31%,4.0,0.0,0.0,0.0,0.0,0.0,0.0,0.0,0.0,0,0,0,0,0,0,0,0,0,0,0,0,0.0,0.0
João Pedro,https://www.instagram.com/joaaopedro.oficial/,0,31.0,9.0,10.0,11.0,0.0,0.0,31.0,0,0.0,30.0,11.0,25.0,17.0,0.0,0.0,0.0,0.0,0.0,0.0,0.0,0.0,0.0,3.0,774,24.97,9.0,29.0,0,0.0,0.0,2.0,0.0,19.0,11.0,3.0,6.0,0.0,1.0,0.29,4.0,0.0,75.0,26.0,35%,9.0,0.0,0.0,0.0,0.0,0.0,0.0,0.0,0.0,0,0,0,0,0,0,0,0,0,0,0,0,0.0,0.0
João Virgínia,0,0,0.0,0.0,0.0,0.0,0.0,0.0,0.0,0,0.0,0.0,0.0,0.0,0.0,0.0,0.0,0.0,0.0,0.0,0.0,0.0,0.0,0.0,0.0,0,0.0,0.0,0,0,0.0,0.0,0.0,0.0,0.0,0.0,0.0,0.0,0.0,0.0,0.0,0.0,0.0,0.0,0.0,0,0.0,0.0,0.0,0.0,0.0,0.0,0.0,0.0,0.0,0,0,0,0,0,0,0,0,0,0,0,0,0.0,0.0
Joelinton,https://www.instagram.com/joelinton34/,0,20.0,2.0,9.0,9.0,0.0,0.0,39.0,0,0.0,4.0,19.0,10.0,9.0,0.0,0.0,0.0,0.0,0.0,0.0,0.0,0.0,0.0,1.0,616,30.8,5.0,2.0,0,0.0,0.0,6.0,0.0,28.0,0.0,0.0,2.0,0.0,1.0,0.1,0.0,0.0,19.0,9.0,47%,3.0,0.0,0.0,0.0,0.0,0.0,0.0,0.0,0.0,0,0,0,0,0,0,0,0,0,0,0,0,0.0,0.0
Kyle John,0,0,0.0,0.0,0.0,0.0,0.0,0.0,0.0,0%,0.0,0.0,0.0,0.0,0.0,0.0,0.0,0.0,0.0,0.0,0.0,0.0,0.0,0.0,0.0,0,0.0,0.0,0.0,0%,0.0,0.0,0.0,0.0,0.0,0.0,0.0,0.0,0.0,0.0,0.0,0.0,0.0,0.0,0.0,0,0.0,0.0,0.0,0.0,0.0,0.0,0.0,0.0,0.0,0,0,0,0,0,0,0,0,0,0,0,0,0.0,0.0
Joe Johnson,0,0,2.0,0.0,0.0,2.0,0.0,5.0,0.0,0%,0.0,0.0,0.0,0.0,0.0,0.0,3.0,0.0,4.0,0.0,0.0,1.0,0.0,0.0,0.0,34,17.0,0.0,0.0,0%,0.0,5.0,1.0,0.0,1.0,0.0,0.0,0.0,0.0,0.0,0.0,0.0,0.0,0.0,0.0,0,0.0,0.0,0.0,0.0,0.0,0.0,0.0,0.0,0.0,0,0,0,0,0,0,0,0,0,0,0,0,0.0,0.0
Curtis Jones,https://twitter.com/curtisjr_10?lang=en,https://www.instagram.com/curtisjr/,23.0,1.0,13.0,4.0,0.0,0.0,27.0,52%,0.0,7.0,7.0,7.0,2.0,0.0,72.0,63.0,84.0,15.0,7.0,12.0,0.0,0.0,1.0,750,32.61,0.0,4.0,25%,4.0,12.0,3.0,1.0,16.0,5.0,0.0,1.0,0.0,0.0,0.04,0.0,0.0,19.0,6.0,32%,1.0,0.0,0.0,0.0,0.0,0.0,0.0,0.0,0.0,0,0,0,0,0,0,0,0,0,0,0,0,0.0,0.0
Jorginho,https://www.instagram.com/jorginhofrello/?hl=en,0,24.0,0.0,18.0,2.0,0.0,0.0,24.0,42%,0.0,2.0,12.0,7.0,2.0,0.0,49.0,48.0,35.0,2.0,7.0,7.0,0.0,1.0,2.0,773,32.21,2.0,3.0,33%,5.0,38.0,1.0,0.0,9.0,0.0,0.0,0.0,0.0,0.0,0.0,0.0,0.0,4.0,0.0,0%,0.0,0.0,0.0,0.0,0.0,0.0,0.0,0.0,0.0,0,0,0,0,0,0,0,0,0,0,0,0,0.0,0.0
José Sá,https://www.instagram.com/josesaoficial/,0,35.0,0.0,12.0,16.0,4.0,58.0,0.0,0,0.0,0.0,0.0,0.0,0.0,0.0,0.0,0.0,0.0,0.0,0.0,0.0,0.0,3.0,1.0,904,25.83,0.0,0,0,0.0,108.0,1.0,0.0,0.0,0.0,0.0,0.0,0.0,0.0,0.0,0.0,0.0,0.0,0.0,0,0.0,134.0,0.0,9.0,37.0,6.0,15.0,190.0,253.0,0,0,0,0,0,0,0,0,0,0,0,0,0.0,0.0
Marc Jurado,0,0,0.0,0.0,0.0,0.0,0.0,0.0,0.0,0%,0.0,0.0,0.0,0.0,0.0,0.0,0.0,0.0,0.0,0.0,0.0,0.0,0.0,0.0,0.0,0,0.0,0.0,0.0,0%,0.0,0.0,0.0,0.0,0.0,0.0,0.0,0.0,0.0,0.0,0.0,0.0,0.0,0.0,0.0,0,0.0,0.0,0.0,0.0,0.0,0.0,0.0,0.0,0.0,0,0,0,0,0,0,0,0,0,0,0,0,0.0,0.0
Issa Kaboré,0,0,24.0,0.0,3.0,16.0,0.0,39.0,52.0,54%,0.0,2.0,16.0,46.0,16.0,1.0,102.0,117.0,92.0,18.0,18.0,20.0,1.0,1.0,2.0,540,22.5,5.0,66.0,21%,1.0,16.0,7.0,0.0,27.0,2.0,0.0,0.0,0.0,0.0,0.0,0.0,0.0,0.0,0.0,0,0.0,0.0,0.0,0.0,0.0,0.0,0.0,0.0,0.0,0,0,0,0,0,0,0,0,0,0,0,0,0.0,0.0
Sasa Kalajdzic,https://www.instagram.com/sasakalajdzic/,0,11.0,2.0,3.0,5.0,0.0,0.0,6.0,0,0.0,0.0,1.0,6.0,5.0,0.0,0.0,0.0,0.0,0.0,0.0,0.0,0.0,0.0,0.0,59,5.36,2.0,1.0,0,0.0,0.0,1.0,0.0,6.0,2.0,0.0,1.0,0.0,0.0,0.18,0.0,0.0,4.0,2.0,50%,1.0,0.0,0.0,0.0,0.0,0.0,0.0,0.0,0.0,0,0,0,0,0,0,0,0,0,0,0,0,0.0,0.0
Boubacar Kamara,https://twitter.com/boubaKamara_4,https://www.instagram.com/bouba_darkoss/,20.0,0.0,13.0,5.0,0.0,0.0,43.0,67%,0.0,1.0,21.0,15.0,7.0,0.0,97.0,105.0,108.0,14.0,20.0,25.0,0.0,0.0,1.0,"1,024",51.2,1.0,2.0,0%,6.0,41.0,7.0,1.0,35.0,0.0,0.0,0.0,0.0,0.0,0.0,0.0,0.0,5.0,1.0,20%,0.0,0.0,0.0,0.0,0.0,0.0,0.0,0.0,0.0,0,0,0,0,0,0,0,0,0,0,0,0,0.0,0.0
Willy Kambwala,0,0,8.0,0.0,2.0,4.0,0.0,10.0,3.0,33%,0.0,0.0,4.0,12.0,7.0,0.0,12.0,11.0,11.0,0.0,6.0,2.0,0.0,1.0,0.0,191,23.88,0.0,0.0,0%,0.0,5.0,1.0,0.0,4.0,0.0,0.0,0.0,0.0,0.0,0.0,0.0,0.0,0.0,0.0,0,0.0,0.0,0.0,0.0,0.0,0.0,0.0,0.0,0.0,0,0,0,0,0,0,0,0,0,0,0,0,0.0,0.0
Thomas Kaminski,0,0,38.0,0.0,6.0,24.0,2.0,85.0,0.0,0,0.0,0.0,0.0,0.0,0.0,0.0,0.0,0.0,0.0,0.0,0.0,0.0,0.0,1.0,0.0,"1,310",34.47,0.0,0,0,0.0,312.0,3.0,0.0,0.0,0.0,0.0,0.0,0.0,0.0,0.0,0.0,0.0,0.0,0.0,0,0.0,145.0,0.0,8.0,15.0,5.0,32.0,150.0,341.0,0,0,0,0,0,0,0,0,0,0,0,0,0.0,0.0
N'Golo Kanté,0,0,0.0,0.0,0.0,0.0,0.0,0.0,0.0,0%,0.0,0.0,0.0,0.0,0.0,0.0,0.0,0.0,0.0,0.0,0.0,0.0,0.0,0.0,0.0,0,0.0,0.0,0.0,0%,0.0,0.0,0.0,0.0,0.0,0.0,0.0,0.0,0.0,0.0,0.0,0.0,0.0,0.0,0.0,0%,0.0,0.0,0.0,0.0,0.0,0.0,0.0,0.0,0.0,0,0,0,0,0,0,0,0,0,0,0,0,0.0,0.0
Michal Karbownik,0,0,0.0,0.0,0.0,0.0,0.0,0.0,0.0,0%,0.0,0.0,0.0,0.0,0.0,0.0,0.0,0.0,0.0,0.0,0.0,0.0,0.0,0.0,0.0,0,0.0,0.0,0.0,0%,0.0,0.0,0.0,0.0,0.0,0.0,0.0,0.0,0.0,0.0,0.0,0.0,0.0,0.0,0.0,0,0.0,0.0,0.0,0.0,0.0,0.0,0.0,0.0,0.0,0,0,0,0,0,0,0,0,0,0,0,0,0.0,0.0
Loris Karius,0,0,1.0,0.0,0.0,1.0,0.0,4.0,0.0,0,0.0,0.0,0.0,0.0,0.0,0.0,0.0,0.0,0.0,0.0,0.0,0.0,0.0,0.0,0.0,31,31.0,0.0,0,0,0.0,3.0,0.0,0.0,0.0,0.0,0.0,0.0,0.0,0.0,0.0,0.0,0.0,0.0,0.0,0,0.0,4.0,0.0,0.0,1.0,0.0,2.0,5.0,9.0,0,0,0,0,0,0,0,0,0,0,0,0,0.0,0.0
Leigh Kavanagh,0,0,0.0,0.0,0.0,0.0,0.0,0.0,0.0,0%,0.0,0.0,0.0,0.0,0.0,0.0,0.0,0.0,0.0,0.0,0.0,0.0,0.0,0.0,0.0,0,0.0,0.0,0.0,0%,0.0,0.0,0.0,0.0,0.0,0.0,0.0,0.0,0.0,0.0,0.0,0.0,0.0,0.0,0.0,0,0.0,0.0,0.0,0.0,0.0,0.0,0.0,0.0,0.0,0,0,0,0,0,0,0,0,0,0,0,0,0.0,0.0
Hayao Kawabe,0,0,0.0,0.0,0.0,0.0,0.0,0.0,0.0,0%,0.0,0.0,0.0,0.0,0.0,0.0,0.0,0.0,0.0,0.0,0.0,0.0,0.0,0.0,0.0,0,0.0,0.0,0.0,0%,0.0,0.0,0.0,0.0,0.0,0.0,0.0,0.0,0.0,0.0,0.0,0.0,0.0,0.0,0.0,0%,0.0,0.0,0.0,0.0,0.0,0.0,0.0,0.0,0.0,0,0,0,0,0,0,0,0,0,0,0,0,0.0,0.0
Neeskens Kebano,0,0,0.0,0.0,0.0,0.0,0.0,0.0,0.0,0%,0.0,0.0,0.0,0.0,0.0,0.0,0.0,0.0,0.0,0.0,0.0,0.0,0.0,0.0,0.0,0,0.0,0.0,0.0,0%,0.0,0.0,0.0,0.0,0.0,0.0,0.0,0.0,0.0,0.0,0.0,0.0,0.0,0.0,0.0,0%,0.0,0.0,0.0,0.0,0.0,0.0,0.0,0.0,0.0,0,0,0,0,0,0,0,0,0,0,0,0,0.0,0.0
Josh Keeley,0,0,0.0,0.0,0.0,0.0,0.0,0.0,0.0,0,0.0,0.0,0.0,0.0,0.0,0.0,0.0,0.0,0.0,0.0,0.0,0.0,0.0,0.0,0.0,0,0.0,0.0,0,0,0.0,0.0,0.0,0.0,0.0,0.0,0.0,0.0,0.0,0.0,0.0,0.0,0.0,0.0,0.0,0,0.0,0.0,0.0,0.0,0.0,0.0,0.0,0.0,0.0,0,0,0,0,0,0,0,0,0,0,0,0,0.0,0.0
Thilo Kehrer,0,0,4.0,0.0,2.0,1.0,0.0,1.0,1.0,100%,0.0,0.0,0.0,0.0,0.0,0.0,0.0,2.0,4.0,0.0,1.0,2.0,0.0,0.0,0.0,7,1.75,0.0,0.0,0%,0.0,0.0,2.0,0.0,2.0,0.0,0.0,0.0,0.0,0.0,0.0,0.0,0.0,0.0,0.0,0,0.0,0.0,0.0,0.0,0.0,0.0,0.0,0.0,0.0,0,0,0,0,0,0,0,0,0,0,0,0,0.0,0.0
Naby Keïta,0,0,0.0,0.0,0.0,0.0,0.0,0.0,0.0,0%,0.0,0.0,0.0,0.0,0.0,0.0,0.0,0.0,0.0,0.0,0.0,0.0,0.0,0.0,0.0,0,0.0,0.0,0.0,0%,0.0,0.0,0.0,0.0,0.0,0.0,0.0,0.0,0.0,0.0,0.0,0.0,0.0,0.0,0.0,0%,0.0,0.0,0.0,0.0,0.0,0.0,0.0,0.0,0.0,0,0,0,0,0,0,0,0,0,0,0,0,0.0,0.0
Caoimhín Kelleher,https://www.instagram.com/caoimhinkelleher98/?hl=en,0,10.0,0.0,8.0,0.0,2.0,11.0,0.0,0,0.0,0.0,0.0,0.0,0.0,0.0,0.0,0.0,0.0,0.0,0.0,0.0,0.0,1.0,0.0,387,38.7,0.0,0,0,0.0,44.0,0.0,0.0,0.0,0.0,0.0,0.0,0.0,0.0,0.0,0.0,0.0,0.0,0.0,0,0.0,28.0,0.0,3.0,4.0,1.0,4.0,52.0,28.0,0,0,0,0,0,0,0,0,0,0,0,0,0.0,0.0
Lloyd Kelly,https://twitter.com/lloydkelly4,https://www.instagram.com/lloydkelly_/,23.0,0.0,7.0,11.0,4.0,32.0,24.0,79%,0.0,0.0,13.0,59.0,26.0,0.0,121.0,67.0,52.0,2.0,28.0,18.0,0.0,0.0,1.0,772,33.57,2.0,21.0,24%,1.0,55.0,2.0,0.0,17.0,0.0,0.0,0.0,0.0,0.0,0.0,0.0,0.0,0.0,0.0,0,0.0,0.0,0.0,0.0,0.0,0.0,0.0,0.0,0.0,0,0,0,0,0,0,0,0,0,0,0,0,0.0,0.0
Omari Kellyman,0,0,2.0,0.0,0.0,2.0,0.0,0.0,1.0,0%,0.0,1.0,0.0,0.0,0.0,0.0,2.0,1.0,2.0,0.0,0.0,1.0,0.0,0.0,0.0,7,3.5,0.0,0.0,0%,0.0,0.0,0.0,0.0,0.0,0.0,0.0,0.0,0.0,0.0,0.0,0.0,0.0,1.0,0.0,0%,0.0,0.0,0.0,0.0,0.0,0.0,0.0,0.0,0.0,0,0,0,0,0,0,0,0,0,0,0,0,0.0,0.0
Kepa,https://www.facebook.com/KepaArrizabalagaOficial/,https://twitter.com/kepa_46,109.0,0.0,50.0,35.0,0.0,0.0,0.0,0,0.0,0.0,0.0,0.0,0.0,0.0,0.0,0.0,0.0,0.0,0.0,0.0,0.0,0.0,0.0,0,0.0,0.0,0,0,0.0,0.0,0.0,0.0,0.0,0.0,0.0,0.0,0.0,0.0,0.0,0.0,0.0,0.0,0.0,0,0.0,0.0,0.0,0.0,0.0,0.0,0.0,0.0,0.0,0,0,0,0,0,0,0,0,0,0,0,0,0.0,0.0
Milos Kerkez,0,0,28.0,0.0,8.0,12.0,2.0,37.0,47.0,55%,0.0,5.0,20.0,56.0,23.0,0.0,93.0,98.0,88.0,12.0,18.0,32.0,1.0,1.0,1.0,627,22.39,3.0,55.0,20%,1.0,22.0,4.0,1.0,25.0,1.0,0.0,0.0,0.0,1.0,0.0,0.0,0.0,0.0,0.0,0,0.0,0.0,0.0,0.0,0.0,0.0,0.0,0.0,0.0,0,0,0,0,0,0,0,0,0,0,0,0,0.0,0.0
Kaine Kesler-Hayden,0,0,3.0,0.0,2.0,1.0,0.0,0.0,0.0,0%,0.0,0.0,0.0,0.0,0.0,0.0,0.0,0.0,1.0,0.0,0.0,1.0,0.0,0.0,0.0,0,0.0,0.0,0.0,0%,0.0,0.0,0.0,0.0,0.0,0.0,0.0,0.0,0.0,0.0,0.0,0.0,0.0,0.0,0.0,0,0.0,0.0,0.0,0.0,0.0,0.0,0.0,0.0,0.0,0,0,0,0,0,0,0,0,0,0,0,0,0.0,0.0
Aaron Keto-Diyawa,0,0,0.0,0.0,0.0,0.0,0.0,0.0,0.0,0%,0.0,0.0,0.0,0.0,0.0,0.0,0.0,0.0,0.0,0.0,0.0,0.0,0.0,0.0,0.0,0,0.0,0.0,0.0,0%,0.0,0.0,0.0,0.0,0.0,0.0,0.0,0.0,0.0,0.0,0.0,0.0,0.0,0.0,0.0,0,0.0,0.0,0.0,0.0,0.0,0.0,0.0,0.0,0.0,0,0,0,0,0,0,0,0,0,0,0,0,0.0,0.0
Reda Khadra,0,0,0.0,0.0,0.0,0.0,0.0,0.0,0.0,0%,0.0,0.0,0.0,0.0,0.0,0.0,0.0,0.0,0.0,0.0,0.0,0.0,0.0,0.0,0.0,0,0.0,0.0,0.0,0%,0.0,0.0,0.0,0.0,0.0,0.0,0.0,0.0,0.0,0.0,0.0,0.0,0.0,0.0,0.0,0%,0.0,0.0,0.0,0.0,0.0,0.0,0.0,0.0,0.0,0,0,0,0,0,0,0,0,0,0,0,0,0.0,0.0
Gavin Kilkenny,0,0,0.0,0.0,0.0,0.0,0.0,0.0,0.0,0%,0.0,0.0,0.0,0.0,0.0,0.0,0.0,0.0,0.0,0.0,0.0,0.0,0.0,0.0,0.0,0,0.0,0.0,0.0,0%,0.0,0.0,0.0,0.0,0.0,0.0,0.0,0.0,0.0,0.0,0.0,0.0,0.0,0.0,0.0,0%,0.0,0.0,0.0,0.0,0.0,0.0,0.0,0.0,0.0,0,0,0,0,0,0,0,0,0,0,0,0,0.0,0.0
Maximilian Kilman,https://www.instagram.com/maximiliankilman/,0,38.0,2.0,13.0,18.0,5.0,65.0,47.0,45%,0.0,2.0,39.0,179.0,101.0,3.0,177.0,161.0,94.0,10.0,89.0,36.0,0.0,0.0,0.0,"2,286",60.16,4.0,6.0,17%,2.0,144.0,7.0,0.0,38.0,2.0,0.0,0.0,2.0,0.0,0.0,0.0,0.0,0.0,0.0,0,0.0,0.0,0.0,0.0,0.0,0.0,0.0,0.0,0.0,0,0,0,0,0,0,0,0,0,0,0,0,0.0,0.0
Kim Ji-Soo,0,0,0.0,0.0,0.0,0.0,0.0,0.0,0.0,0%,0.0,0.0,0.0,0.0,0.0,0.0,0.0,0.0,0.0,0.0,0.0,0.0,0.0,0.0,0.0,0,0.0,0.0,0.0,0%,0.0,0.0,0.0,0.0,0.0,0.0,0.0,0.0,0.0,0.0,0.0,0.0,0.0,0.0,0.0,0,0.0,0.0,0.0,0.0,0.0,0.0,0.0,0.0,0.0,0,0,0,0,0,0,0,0,0,0,0,0,0.0,0.0
Josh King,0,0,0.0,0.0,0.0,0.0,0.0,0.0,0.0,0%,0.0,0.0,0.0,0.0,0.0,0.0,0.0,0.0,0.0,0.0,0.0,0.0,0.0,0.0,0.0,0,0.0,0.0,0.0,0%,0.0,0.0,0.0,0.0,0.0,0.0,0.0,0.0,0.0,0.0,0.0,0.0,0.0,0.0,0.0,0%,0.0,0.0,0.0,0.0,0.0,0.0,0.0,0.0,0.0,0,0,0,0,0,0,0,0,0,0,0,0,0.0,0.0
Max Kinsey,0,0,0.0,0.0,0.0,0.0,0.0,0.0,0.0,0%,0.0,0.0,0.0,0.0,0.0,0.0,0.0,0.0,0.0,0.0,0.0,0.0,0.0,0.0,0.0,0,0.0,0.0,0.0,0%,0.0,0.0,0.0,0.0,0.0,0.0,0.0,0.0,0.0,0.0,0.0,0.0,0.0,0.0,0.0,0,0.0,0.0,0.0,0.0,0.0,0.0,0.0,0.0,0.0,0,0,0,0,0,0,0,0,0,0,0,0,0.0,0.0
Jakub Kiwior,https://www.instagram.com/j.kiwior/?hl=en,0,20.0,1.0,17.0,1.0,5.0,8.0,20.0,60%,0.0,2.0,8.0,24.0,13.0,0.0,35.0,40.0,29.0,2.0,16.0,11.0,0.0,0.0,3.0,544,27.2,1.0,12.0,25%,1.0,21.0,1.0,0.0,10.0,0.0,1.0,0.0,0.0,0.0,0.0,0.0,0.0,0.0,0.0,0,0.0,0.0,0.0,0.0,0.0,0.0,0.0,0.0,0.0,0,0,0,0,0,0,0,0,0,0,0,0,0.0,0.0
Justin Kluivert,0,0,32.0,7.0,10.0,13.0,0.0,0.0,28.0,0,0.0,22.0,8.0,10.0,3.0,0.0,0.0,0.0,0.0,0.0,0.0,0.0,0.0,0.0,1.0,381,11.91,1.0,29.0,0,0.0,0.0,5.0,0.0,52.0,5.0,0.0,5.0,2.0,1.0,0.22,0.0,0.0,56.0,20.0,36%,7.0,0.0,0.0,0.0,0.0,0.0,0.0,0.0,0.0,0,0,0,0,0,0,0,0,0,0,0,0,0.0,0.0
Ben Knight,0,0,0.0,0.0,0.0,0.0,0.0,0.0,0.0,0,0.0,0.0,0.0,0.0,0.0,0.0,0.0,0.0,0.0,0.0,0.0,0.0,0.0,0.0,0.0,0,0.0,0.0,0.0,0,0.0,0.0,0.0,0.0,0.0,0.0,0.0,0.0,0.0,0.0,0.0,0.0,0.0,0.0,0.0,0%,0.0,0.0,0.0,0.0,0.0,0.0,0.0,0.0,0.0,0,0,0,0,0,0,0,0,0,0,0,0,0.0,0.0
Jacob Knightbridge,0,0,0.0,0.0,0.0,0.0,0.0,0.0,0.0,0,0.0,0.0,0.0,0.0,0.0,0.0,0.0,0.0,0.0,0.0,0.0,0.0,0.0,0.0,0.0,0,0.0,0.0,0,0,0.0,0.0,0.0,0.0,0.0,0.0,0.0,0.0,0.0,0.0,0.0,0.0,0.0,0.0,0.0,0,0.0,0.0,0.0,0.0,0.0,0.0,0.0,0.0,0.0,0,0,0,0,0,0,0,0,0,0,0,0,0.0,0.0
Anthony Knockaert,0,0,0.0,0.0,0.0,0.0,0.0,0.0,0.0,0%,0.0,0.0,0.0,0.0,0.0,0.0,0.0,0.0,0.0,0.0,0.0,0.0,0.0,0.0,0.0,0,0.0,0.0,0.0,0%,0.0,0.0,0.0,0.0,0.0,0.0,0.0,0.0,0.0,0.0,0.0,0.0,0.0,0.0,0.0,0%,0.0,0.0,0.0,0.0,0.0,0.0,0.0,0.0,0.0,0,0,0,0,0,0,0,0,0,0,0,0,0.0,0.0
Luca Koleosho,0,0,15.0,1.0,2.0,12.0,0.0,0.0,7.0,0,0.0,6.0,2.0,0.0,0.0,0.0,0.0,0.0,0.0,0.0,0.0,0.0,0.0,0.0,1.0,246,16.4,2.0,23.0,0,0.0,0.0,0.0,0.0,18.0,8.0,0.0,1.0,0.0,1.0,0.07,0.0,0.0,23.0,5.0,22%,3.0,0.0,0.0,0.0,0.0,0.0,0.0,0.0,0.0,0,0,0,0,0,0,0,0,0,0,0,0,0.0,0.0
Yunus Konak,0,0,0.0,0.0,0.0,0.0,0.0,0.0,0.0,0%,0.0,0.0,0.0,0.0,0.0,0.0,0.0,0.0,0.0,0.0,0.0,0.0,0.0,0.0,0.0,0,0.0,0.0,0.0,0%,0.0,0.0,0.0,0.0,0.0,0.0,0.0,0.0,0.0,0.0,0.0,0.0,0.0,0.0,0.0,0%,0.0,0.0,0.0,0.0,0.0,0.0,0.0,0.0,0.0,0,0,0,0,0,0,0,0,0,0,0,0,0.0,0.0
Ibrahima Konaté,https://www.facebook.com/IbrahimaKonateOfficial,https://twitter.com/IbrahimaKonate_,22.0,0.0,13.0,4.0,5.0,18.0,36.0,61%,1.0,1.0,20.0,51.0,31.0,0.0,97.0,132.0,68.0,6.0,77.0,31.0,0.0,1.0,0.0,"1,449",65.86,1.0,1.0,0%,5.0,47.0,3.0,1.0,25.0,0.0,0.0,0.0,0.0,0.0,0.0,0.0,0.0,0.0,0.0,0,0.0,0.0,0.0,0.0,0.0,0.0,0.0,0.0,0.0,0,0,0,0,0,0,0,0,0,0,0,0,0.0,0.0
Terence Kongolo,0,0,0.0,0.0,0.0,0.0,0.0,0.0,0.0,0%,0.0,0.0,0.0,0.0,0.0,0.0,0.0,0.0,0.0,0.0,0.0,0.0,0.0,0.0,0.0,0,0.0,0.0,0.0,0%,0.0,0.0,0.0,0.0,0.0,0.0,0.0,0.0,0.0,0.0,0.0,0.0,0.0,0.0,0.0,0,0.0,0.0,0.0,0.0,0.0,0.0,0.0,0.0,0.0,0,0,0,0,0,0,0,0,0,0,0,0,0.0,0.0
Kalidou Koulibaly,0,0,0.0,0.0,0.0,0.0,0.0,0.0,0.0,0%,0.0,0.0,0.0,0.0,0.0,0.0,0.0,0.0,0.0,0.0,0.0,0.0,0.0,0.0,0.0,0,0.0,0.0,0.0,0%,0.0,0.0,0.0,0.0,0.0,0.0,0.0,0.0,0.0,0.0,0.0,0.0,0.0,0.0,0.0,0,0.0,0.0,0.0,0.0,0.0,0.0,0.0,0.0,0.0,0,0,0,0,0,0,0,0,0,0,0,0,0.0,0.0
Lewis Koumas,0,0,0.0,0.0,0.0,0.0,0.0,0.0,0.0,0,0.0,0.0,0.0,0.0,0.0,0.0,0.0,0.0,0.0,0.0,0.0,0.0,0.0,0.0,0.0,0,0.0,0.0,0.0,0,0.0,0.0,0.0,0.0,0.0,0.0,0.0,0.0,0.0,0.0,0.0,0.0,0.0,0.0,0.0,0%,0.0,0.0,0.0,0.0,0.0,0.0,0.0,0.0,0.0,0,0,0,0,0,0,0,0,0,0,0,0,0.0,0.0
Cheikhou Kouyaté,0,0,12.0,0.0,4.0,4.0,0.0,0.0,8.0,63%,0.0,0.0,2.0,9.0,6.0,0.0,14.0,21.0,21.0,1.0,10.0,10.0,0.0,0.0,0.0,73,6.08,0.0,0.0,0%,0.0,0.0,2.0,0.0,6.0,0.0,0.0,0.0,0.0,0.0,0.0,0.0,0.0,5.0,1.0,20%,1.0,0.0,0.0,0.0,0.0,0.0,0.0,0.0,0.0,0,0,0,0,0,0,0,0,0,0,0,0,0.0,0.0
Mateo Kovacic,https://twitter.com/mateokovacic8,https://www.instagram.com/mateokovacic8/?hl=en,30.0,1.0,23.0,3.0,0.0,0.0,36.0,69%,0.0,11.0,10.0,10.0,4.0,0.0,72.0,75.0,62.0,20.0,4.0,4.0,0.0,0.0,0.0,"1,523",50.77,3.0,0.0,0%,4.0,20.0,4.0,0.0,17.0,0.0,0.0,1.0,0.0,0.0,0.03,0.0,0.0,22.0,5.0,23%,1.0,0.0,0.0,0.0,0.0,0.0,0.0,0.0,0.0,0,0,0,0,0,0,0,0,0,0,0,0,0.0,0.0
Matej Kovár,0,0,0.0,0.0,0.0,0.0,0.0,0.0,0.0,0,0.0,0.0,0.0,0.0,0.0,0.0,0.0,0.0,0.0,0.0,0.0,0.0,0.0,0.0,0.0,0,0.0,0.0,0,0,0.0,0.0,0.0,0.0,0.0,0.0,0.0,0.0,0.0,0.0,0.0,0.0,0.0,0.0,0.0,0,0.0,0.0,0.0,0.0,0.0,0.0,0.0,0.0,0.0,0,0,0,0,0,0,0,0,0,0,0,0,0.0,0.0
Kacper Kozlowski,0,0,0.0,0.0,0.0,0.0,0.0,0.0,0.0,0%,0.0,0.0,0.0,0.0,0.0,0.0,0.0,0.0,0.0,0.0,0.0,0.0,0.0,0.0,0.0,0,0.0,0.0,0.0,0%,0.0,0.0,0.0,0.0,0.0,0.0,0.0,0.0,0.0,0.0,0.0,0.0,0.0,0.0,0.0,0%,0.0,0.0,0.0,0.0,0.0,0.0,0.0,0.0,0.0,0,0,0,0,0,0,0,0,0,0,0,0,0.0,0.0
Emil Krafth,https://www.instagram.com/emilkrafth/,0,17.0,0.0,9.0,6.0,2.0,15.0,21.0,67%,0.0,2.0,9.0,18.0,10.0,0.0,44.0,44.0,43.0,3.0,13.0,15.0,0.0,0.0,0.0,509,29.94,2.0,17.0,47%,0.0,6.0,2.0,0.0,10.0,0.0,0.0,0.0,0.0,1.0,0.0,0.0,0.0,0.0,0.0,0,0.0,0.0,0.0,0.0,0.0,0.0,0.0,0.0,0.0,0,0,0,0,0,0,0,0,0,0,0,0,0.0,0.0
Mohammed Kudus,0,0,33.0,8.0,12.0,14.0,0.0,0.0,65.0,72%,0.0,24.0,11.0,8.0,0.0,0.0,212.0,279.0,252.0,124.0,15.0,29.0,0.0,0.0,6.0,773,23.42,5.0,94.0,22%,3.0,44.0,6.0,0.0,39.0,16.0,0.0,4.0,4.0,2.0,0.24,0.0,0.0,67.0,17.0,25%,4.0,0.0,0.0,0.0,0.0,0.0,0.0,0.0,0.0,0,0,0,0,0,0,0,0,0,0,0,0,0.0,0.0
Dejan Kulusevski,https://www.instagram.com/dejan.k10/,0,36.0,8.0,19.0,12.0,0.0,0.0,62.0,53%,0.0,26.0,18.0,1.0,1.0,0.0,133.0,152.0,240.0,54.0,7.0,15.0,0.0,0.0,3.0,"1,132",31.44,14.0,89.0,25%,12.0,16.0,7.0,0.0,54.0,10.0,1.0,3.0,4.0,1.0,0.22,0.0,0.0,57.0,24.0,42%,4.0,0.0,0.0,0.0,0.0,0.0,0.0,0.0,0.0,0,0,0,0,0,0,0,0,0,0,0,0,0.0,0.0
Garang Kuol,0,0,0.0,0.0,0.0,0.0,0.0,0.0,0.0,0,0.0,0.0,0.0,0.0,0.0,0.0,0.0,0.0,0.0,0.0,0.0,0.0,0.0,0.0,0.0,0,0.0,0.0,0.0,0,0.0,0.0,0.0,0.0,0.0,0.0,0.0,0.0,0.0,0.0,0.0,0.0,0.0,0.0,0.0,0%,0.0,0.0,0.0,0.0,0.0,0.0,0.0,0.0,0.0,0,0,0,0,0,0,0,0,0,0,0,0,0.0,0.0
Layvin Kurzawa,0,0,0.0,0.0,0.0,0.0,0.0,0.0,0.0,0%,0.0,0.0,0.0,0.0,0.0,0.0,0.0,0.0,0.0,0.0,0.0,0.0,0.0,0.0,0.0,0,0.0,0.0,0.0,0%,0.0,0.0,0.0,0.0,0.0,0.0,0.0,0.0,0.0,0.0,0.0,0.0,0.0,0.0,0.0,0,0.0,0.0,0.0,0.0,0.0,0.0,0.0,0.0,0.0,0,0,0,0,0,0,0,0,0,0,0,0,0.0,0.0
Levi Laing,0,0,0.0,0.0,0.0,0.0,0.0,0.0,0.0,0%,0.0,0.0,0.0,0.0,0.0,0.0,0.0,0.0,0.0,0.0,0.0,0.0,0.0,0.0,0.0,0,0.0,0.0,0.0,0%,0.0,0.0,0.0,0.0,0.0,0.0,0.0,0.0,0.0,0.0,0.0,0.0,0.0,0.0,0.0,0,0.0,0.0,0.0,0.0,0.0,0.0,0.0,0.0,0.0,0,0,0,0,0,0,0,0,0,0,0,0,0.0,0.0
Tariq Lamptey,https://twitter.com/TariqLamptey,https://www.instagram.com/tariq_lamptey/,19.0,0.0,7.0,8.0,0.0,20.0,21.0,67%,0.0,4.0,6.0,5.0,3.0,1.0,32.0,49.0,38.0,6.0,4.0,9.0,0.0,0.0,3.0,371,19.53,1.0,31.0,29%,0.0,7.0,3.0,0.0,11.0,3.0,0.0,0.0,0.0,0.0,0.0,0.0,0.0,0.0,0.0,0,0.0,0.0,0.0,0.0,0.0,0.0,0.0,0.0,0.0,0,0,0,0,0,0,0,0,0,0,0,0,0.0,0.0
Will Lankshear,0,0,0.0,0.0,0.0,0.0,0.0,0.0,0.0,0,0.0,0.0,0.0,0.0,0.0,0.0,0.0,0.0,0.0,0.0,0.0,0.0,0.0,0.0,0.0,0,0.0,0.0,0.0,0,0.0,0.0,0.0,0.0,0.0,0.0,0.0,0.0,0.0,0.0,0.0,0.0,0.0,0.0,0.0,0%,0.0,0.0,0.0,0.0,0.0,0.0,0.0,0.0,0.0,0,0,0,0,0,0,0,0,0,0,0,0,0.0,0.0
Manuel Lanzini,0,0,0.0,0.0,0.0,0.0,0.0,0.0,0.0,0%,0.0,0.0,0.0,0.0,0.0,0.0,0.0,0.0,0.0,0.0,0.0,0.0,0.0,0.0,0.0,0,0.0,0.0,0.0,0%,0.0,0.0,0.0,0.0,0.0,0.0,0.0,0.0,0.0,0.0,0.0,0.0,0.0,0.0,0.0,0%,0.0,0.0,0.0,0.0,0.0,0.0,0.0,0.0,0.0,0,0,0,0,0,0,0,0,0,0,0,0,0.0,0.0
Aymeric Laporte,0,0,1.0,0.0,1.0,0.0,0.0,0.0,0.0,0%,0.0,0.0,0.0,1.0,1.0,0.0,2.0,0.0,0.0,0.0,0.0,0.0,0.0,0.0,0.0,11,11.0,0.0,0.0,0%,0.0,0.0,0.0,0.0,0.0,0.0,0.0,0.0,0.0,0.0,0.0,0.0,0.0,0.0,0.0,0,0.0,0.0,0.0,0.0,0.0,0.0,0.0,0.0,0.0,0,0,0,0,0,0,0,0,0,0,0,0,0.0,0.0
Yasser Larouci,0,0,11.0,0.0,0.0,9.0,0.0,11.0,17.0,53%,0.0,2.0,7.0,20.0,10.0,0.0,34.0,33.0,25.0,10.0,1.0,4.0,0.0,0.0,0.0,165,15.0,1.0,6.0,0%,0.0,2.0,1.0,0.0,5.0,1.0,0.0,0.0,0.0,0.0,0.0,0.0,0.0,0.0,0.0,0,0.0,0.0,0.0,0.0,0.0,0.0,0.0,0.0,0.0,0,0,0,0,0,0,0,0,0,0,0,0,0.0,0.0
Richie Laryea,0,0,0.0,0.0,0.0,0.0,0.0,0.0,0.0,0%,0.0,0.0,0.0,0.0,0.0,0.0,0.0,0.0,0.0,0.0,0.0,0.0,0.0,0.0,0.0,0,0.0,0.0,0.0,0%,0.0,0.0,0.0,0.0,0.0,0.0,0.0,0.0,0.0,0.0,0.0,0.0,0.0,0.0,0.0,0,0.0,0.0,0.0,0.0,0.0,0.0,0.0,0.0,0.0,0,0,0,0,0,0,0,0,0,0,0,0,0.0,0.0
Roméo Lavia,https://www.instagram.com/lavizzy6/,0,1.0,0.0,1.0,0.0,0.0,0.0,1.0,0%,0.0,0.0,0.0,1.0,0.0,0.0,0.0,2.0,1.0,0.0,0.0,0.0,0.0,0.0,0.0,27,27.0,0.0,0.0,0%,0.0,0.0,0.0,0.0,1.0,0.0,0.0,0.0,0.0,0.0,0.0,0.0,0.0,0.0,0.0,0%,0.0,0.0,0.0,0.0,0.0,0.0,0.0,0.0,0.0,0,0,0,0,0,0,0,0,0,0,0,0,0.0,0.0
Dexter Lembikisa,0,0,0.0,0.0,0.0,0.0,0.0,0.0,0.0,0%,0.0,0.0,0.0,0.0,0.0,0.0,0.0,0.0,0.0,0.0,0.0,0.0,0.0,0.0,0.0,0,0.0,0.0,0.0,0%,0.0,0.0,0.0,0.0,0.0,0.0,0.0,0.0,0.0,0.0,0.0,0.0,0.0,0.0,0.0,0,0.0,0.0,0.0,0.0,0.0,0.0,0.0,0.0,0.0,0,0,0,0,0,0,0,0,0,0,0,0,0.0,0.0
Clément Lenglet,0,0,14.0,0.0,5.0,6.0,2.0,27.0,13.0,69%,0.0,3.0,7.0,47.0,27.0,0.0,37.0,43.0,25.0,3.0,15.0,11.0,0.0,0.0,1.0,910,65.0,1.0,3.0,0%,0.0,51.0,3.0,0.0,3.0,0.0,0.0,0.0,0.0,0.0,0.0,0.0,0.0,0.0,0.0,0,0.0,0.0,0.0,0.0,0.0,0.0,0.0,0.0,0.0,0,0,0,0,0,0,0,0,0,0,0,0,0.0,0.0
Bernd Leno,https://www.facebook.com/bernd.leno.official,https://twitter.com/Bernd_Leno,38.0,0.0,13.0,17.0,10.0,61.0,0.0,0,0.0,0.0,0.0,0.0,0.0,0.0,0.0,0.0,0.0,0.0,0.0,0.0,1.0,1.0,0.0,"1,406",37.0,0.0,0,0,0.0,176.0,3.0,0.0,0.0,0.0,0.0,0.0,0.0,0.0,0.0,0.0,0.0,0.0,0.0,0,0.0,134.0,0.0,18.0,16.0,8.0,19.0,167.0,201.0,0,0,0,0,0,0,0,0,0,0,0,0,0.0,0.0
Marc Leonard,0,0,0.0,0.0,0.0,0.0,0.0,0.0,0.0,0%,0.0,0.0,0.0,0.0,0.0,0.0,0.0,0.0,0.0,0.0,0.0,0.0,0.0,0.0,0.0,0,0.0,0.0,0.0,0%,0.0,0.0,0.0,0.0,0.0,0.0,0.0,0.0,0.0,0.0,0.0,0.0,0.0,0.0,0.0,0%,0.0,0.0,0.0,0.0,0.0,0.0,0.0,0.0,0.0,0,0,0,0,0,0,0,0,0,0,0,0,0.0,0.0
Jefferson Lerma,https://twitter.com/jeffersonlerma,https://www.instagram.com/jeffersonlerma/,28.0,1.0,8.0,14.0,0.0,0.0,42.0,60%,0.0,5.0,36.0,64.0,37.0,0.0,174.0,147.0,116.0,11.0,69.0,36.0,0.0,0.0,1.0,"1,225",43.75,3.0,14.0,21%,8.0,40.0,8.0,0.0,43.0,4.0,0.0,1.0,0.0,3.0,0.04,0.0,0.0,34.0,9.0,26%,2.0,0.0,0.0,0.0,0.0,0.0,0.0,0.0,0.0,0,0,0,0,0,0,0,0,0,0,0,0,0.0,0.0
Marcel Lewis,0,0,0.0,0.0,0.0,0.0,0.0,0.0,0.0,0%,0.0,0.0,0.0,0.0,0.0,0.0,0.0,0.0,0.0,0.0,0.0,0.0,0.0,0.0,0.0,0,0.0,0.0,0.0,0%,0.0,0.0,0.0,0.0,0.0,0.0,0.0,0.0,0.0,0.0,0.0,0.0,0.0,0.0,0.0,0%,0.0,0.0,0.0,0.0,0.0,0.0,0.0,0.0,0.0,0,0,0,0,0,0,0,0,0,0,0,0,0.0,0.0
Lewis Miley,0,0,17.0,1.0,6.0,9.0,0.0,0.0,33.0,64%,0.0,7.0,8.0,16.0,5.0,0.0,78.0,58.0,52.0,8.0,11.0,12.0,0.0,0.0,3.0,524,30.82,3.0,11.0,18%,4.0,18.0,1.0,0.0,5.0,2.0,0.0,1.0,0.0,0.0,0.06,0.0,0.0,13.0,3.0,23%,1.0,0.0,0.0,0.0,0.0,0.0,0.0,0.0,0.0,0,0,0,0,0,0,0,0,0,0,0,0,0.0,0.0
Keane Lewis-Potter,https://www.instagram.com/keane.lewispotter/,0,30.0,3.0,7.0,16.0,0.0,0.0,17.0,0,0.0,10.0,7.0,20.0,9.0,0.0,0.0,0.0,0.0,0.0,0.0,0.0,0.0,0.0,1.0,358,11.93,3.0,50.0,0,0.0,0.0,0.0,0.0,9.0,3.0,1.0,1.0,1.0,2.0,0.1,0.0,0.0,43.0,22.0,51%,12.0,0.0,0.0,0.0,0.0,0.0,0.0,0.0,0.0,0,0,0,0,0,0,0,0,0,0,0,0,0.0,0.0
Myles Lewis-Skelly,0,0,0.0,0.0,0.0,0.0,0.0,0.0,0.0,0%,0.0,0.0,0.0,0.0,0.0,0.0,0.0,0.0,0.0,0.0,0.0,0.0,0.0,0.0,0.0,0,0.0,0.0,0.0,0%,0.0,0.0,0.0,0.0,0.0,0.0,0.0,0.0,0.0,0.0,0.0,0.0,0.0,0.0,0.0,0%,0.0,0.0,0.0,0.0,0.0,0.0,0.0,0.0,0.0,0,0,0,0,0,0,0,0,0,0,0,0,0.0,0.0
Victor Lindelöf,https://twitter.com/vlindelof?s=20,https://www.instagram.com/victorlindelof/?hl=en,19.0,1.0,12.0,6.0,4.0,16.0,15.0,67%,0.0,0.0,12.0,38.0,24.0,0.0,75.0,35.0,50.0,1.0,17.0,26.0,0.0,0.0,1.0,876,46.11,0.0,1.0,0%,2.0,26.0,2.0,0.0,15.0,3.0,0.0,1.0,0.0,0.0,0.0,0.0,0.0,0.0,0.0,0,0.0,0.0,0.0,0.0,0.0,0.0,0.0,0.0,0.0,0,0,0,0,0,0,0,0,0,0,0,0,0.0,0.0
Lisandro Martínez,https://www.instagram.com/lisandromartinezzz/,0,11.0,0.0,6.0,3.0,0.0,12.0,12.0,67%,0.0,0.0,5.0,23.0,8.0,1.0,33.0,21.0,22.0,2.0,4.0,5.0,1.0,0.0,1.0,442,40.18,0.0,2.0,0%,1.0,10.0,3.0,0.0,6.0,0.0,0.0,0.0,0.0,0.0,0.0,0.0,0.0,0.0,0.0,0,0.0,0.0,0.0,0.0,0.0,0.0,0.0,0.0,0.0,0,0,0,0,0,0,0,0,0,0,0,0,0.0,0.0
Tino Livramento,https://www.instagram.com/tinolivramento/,0,26.0,1.0,14.0,9.0,1.0,27.0,23.0,57%,0.0,2.0,25.0,37.0,17.0,1.0,85.0,80.0,48.0,17.0,12.0,8.0,0.0,0.0,0.0,675,25.96,1.0,26.0,19%,0.0,13.0,1.0,0.0,3.0,1.0,0.0,1.0,0.0,0.0,0.0,0.0,0.0,0.0,0.0,0,0.0,0.0,0.0,0.0,0.0,0.0,0.0,0.0,0.0,0,0,0,0,0,0,0,0,0,0,0,0,0.0,0.0
Hugo Lloris,0,0,0.0,0.0,0.0,0.0,0.0,0.0,0.0,0,0.0,0.0,0.0,0.0,0.0,0.0,0.0,0.0,0.0,0.0,0.0,0.0,0.0,0.0,0.0,0,0.0,0.0,0,0,0.0,0.0,0.0,0.0,0.0,0.0,0.0,0.0,0.0,0.0,0.0,0.0,0.0,0.0,0.0,0,0.0,0.0,0.0,0.0,0.0,0.0,0.0,0.0,0.0,0,0,0,0,0,0,0,0,0,0,0,0,0.0,0.0
Giovani Lo Celso,https://twitter.com/LoCelsoGiovani,https://www.instagram.com/locelsogiovani/,22.0,2.0,9.0,11.0,0.0,0.0,22.0,59%,0.0,4.0,5.0,2.0,1.0,0.0,46.0,57.0,32.0,8.0,1.0,5.0,0.0,0.0,2.0,483,21.95,1.0,13.0,38%,2.0,18.0,2.0,0.0,12.0,1.0,0.0,0.0,2.0,1.0,0.09,0.0,0.0,13.0,6.0,46%,0.0,0.0,0.0,0.0,0.0,0.0,0.0,0.0,0.0,0,0,0,0,0,0,0,0,0,0,0,0,0.0,0.0
Tom Lockyer,0,0,14.0,1.0,2.0,9.0,0.0,23.0,25.0,64%,1.0,1.0,23.0,66.0,31.0,0.0,89.0,70.0,42.0,4.0,31.0,17.0,1.0,0.0,1.0,418,29.86,1.0,1.0,0%,1.0,45.0,4.0,0.0,15.0,0.0,0.0,0.0,1.0,0.0,0.0,0.0,0.0,0.0,0.0,0,0.0,0.0,0.0,0.0,0.0,0.0,0.0,0.0,0.0,0,0,0,0,0,0,0,0,0,0,0,0,0.0,0.0
Andy Lonergan,0,0,0.0,0.0,0.0,0.0,0.0,0.0,0.0,0,0.0,0.0,0.0,0.0,0.0,0.0,0.0,0.0,0.0,0.0,0.0,0.0,0.0,0.0,0.0,0,0.0,0.0,0,0,0.0,0.0,0.0,0.0,0.0,0.0,0.0,0.0,0.0,0.0,0.0,0.0,0.0,0.0,0.0,0,0.0,0.0,0.0,0.0,0.0,0.0,0.0,0.0,0.0,0,0,0,0,0,0,0,0,0,0,0,0,0.0,0.0
Sean Longstaff,https://www.instagram.com/seanlongstaff97/,0,35.0,6.0,16.0,13.0,0.0,0.0,54.0,56%,0.0,14.0,17.0,22.0,16.0,0.0,120.0,117.0,130.0,11.0,19.0,22.0,0.0,0.0,2.0,"1,209",34.54,5.0,25.0,32%,8.0,44.0,7.0,0.0,24.0,2.0,0.0,5.0,1.0,0.0,0.17,0.0,0.0,41.0,15.0,37%,7.0,0.0,0.0,0.0,0.0,0.0,0.0,0.0,0.0,0,0,0,0,0,0,0,0,0,0,0,0,0.0,0.0
Jamal Lowe,0,0,0.0,0.0,0.0,0.0,0.0,0.0,0.0,0,0.0,0.0,0.0,0.0,0.0,0.0,0.0,0.0,0.0,0.0,0.0,0.0,0.0,0.0,0.0,0,0.0,0.0,0.0,0,0.0,0.0,0.0,0.0,0.0,0.0,0.0,0.0,0.0,0.0,0.0,0.0,0.0,0.0,0.0,0%,0.0,0.0,0.0,0.0,0.0,0.0,0.0,0.0,0.0,0,0,0,0,0,0,0,0,0,0,0,0,0.0,0.0
Lucas Moura,0,0,0.0,0.0,0.0,0.0,0.0,0.0,0.0,0,0.0,0.0,0.0,0.0,0.0,0.0,0.0,0.0,0.0,0.0,0.0,0.0,0.0,0.0,0.0,0,0.0,0.0,0.0,0,0.0,0.0,0.0,0.0,0.0,0.0,0.0,0.0,0.0,0.0,0.0,0.0,0.0,0.0,0.0,0%,0.0,0.0,0.0,0.0,0.0,0.0,0.0,0.0,0.0,0,0,0,0,0,0,0,0,0,0,0,0,0.0,0.0
Lucas Paquetá,https://www.instagram.com/lucaspaqueta/,0,31.0,4.0,14.0,10.0,0.0,0.0,71.0,68%,0.0,5.0,21.0,25.0,20.0,0.0,194.0,237.0,239.0,41.0,61.0,60.0,0.0,0.0,6.0,"1,411",45.52,12.0,35.0,29%,30.0,70.0,10.0,0.0,47.0,5.0,0.0,0.0,4.0,2.0,0.13,2.0,0.0,42.0,11.0,26%,3.0,0.0,0.0,0.0,0.0,0.0,0.0,0.0,0.0,0,0,0,0,0,0,0,0,0,0,0,0,0.0,0.0
Luizão,0,0,0.0,0.0,0.0,0.0,0.0,0.0,0.0,0%,0.0,0.0,0.0,0.0,0.0,0.0,0.0,0.0,0.0,0.0,0.0,0.0,0.0,0.0,0.0,0,0.0,0.0,0.0,0%,0.0,0.0,0.0,0.0,0.0,0.0,0.0,0.0,0.0,0.0,0.0,0.0,0.0,0.0,0.0,0,0.0,0.0,0.0,0.0,0.0,0.0,0.0,0.0,0.0,0,0,0,0,0,0,0,0,0,0,0,0,0.0,0.0
Jayden Luker,0,0,0.0,0.0,0.0,0.0,0.0,0.0,0.0,0%,0.0,0.0,0.0,0.0,0.0,0.0,0.0,0.0,0.0,0.0,0.0,0.0,0.0,0.0,0.0,0,0.0,0.0,0.0,0%,0.0,0.0,0.0,0.0,0.0,0.0,0.0,0.0,0.0,0.0,0.0,0.0,0.0,0.0,0.0,0%,0.0,0.0,0.0,0.0,0.0,0.0,0.0,0.0,0.0,0,0,0,0,0,0,0,0,0,0,0,0,0.0,0.0
Sasa Lukic,0,0,24.0,1.0,7.0,12.0,0.0,0.0,33.0,58%,0.0,5.0,16.0,18.0,9.0,0.0,65.0,58.0,69.0,5.0,11.0,8.0,0.0,0.0,0.0,489,20.38,0.0,4.0,0%,4.0,11.0,3.0,0.0,27.0,0.0,0.0,0.0,1.0,0.0,0.04,0.0,0.0,13.0,3.0,23%,2.0,0.0,0.0,0.0,0.0,0.0,0.0,0.0,0.0,0,0,0,0,0,0,0,0,0,0,0,0,0.0,0.0
Lyle Taylor,0,0,0.0,0.0,0.0,0.0,0.0,0.0,0.0,0,0.0,0.0,0.0,0.0,0.0,0.0,0.0,0.0,0.0,0.0,0.0,0.0,0.0,0.0,0.0,0,0.0,0.0,0.0,0,0.0,0.0,0.0,0.0,0.0,0.0,0.0,0.0,0.0,0.0,0.0,0.0,0.0,0.0,0.0,0%,0.0,0.0,0.0,0.0,0.0,0.0,0.0,0.0,0.0,0,0,0,0,0,0,0,0,0,0,0,0,0.0,0.0
Ian Maatsen,0,0,12.0,0.0,6.0,4.0,0.0,5.0,3.0,67%,0.0,3.0,3.0,9.0,5.0,0.0,11.0,7.0,25.0,0.0,3.0,5.0,0.0,0.0,0.0,119,9.92,0.0,8.0,25%,1.0,2.0,1.0,0.0,5.0,0.0,0.0,0.0,0.0,1.0,0.0,0.0,0.0,0.0,0.0,0,0.0,0.0,0.0,0.0,0.0,0.0,0.0,0.0,0.0,0,0,0,0,0,0,0,0,0,0,0,0,0.0,0.0
Alexis Mac Allister,https://twitter.com/alemacallister,https://www.instagram.com/alemacallister/?hl=en,33.0,5.0,21.0,4.0,0.0,0.0,99.0,56%,0.0,19.0,35.0,25.0,15.0,0.0,195.0,195.0,193.0,18.0,31.0,29.0,0.0,1.0,5.0,"1,927",58.39,3.0,32.0,31%,14.0,61.0,7.0,1.0,53.0,0.0,1.0,4.0,0.0,1.0,0.15,1.0,0.0,44.0,9.0,20%,2.0,0.0,0.0,0.0,0.0,0.0,0.0,0.0,0.0,0,0,0,0,0,0,0,0,0,0,0,0,0.0,0.0
Noni Madueke,https://www.instagram.com/nonzinoo10/?hl=en,0,23.0,5.0,12.0,7.0,0.0,0.0,16.0,0,0.0,10.0,4.0,12.0,7.0,0.0,0.0,0.0,0.0,0.0,0.0,0.0,0.0,0.0,2.0,454,19.74,2.0,22.0,0,0.0,0.0,2.0,0.0,8.0,3.0,1.0,1.0,3.0,1.0,0.22,1.0,0.0,32.0,13.0,41%,0.0,0.0,0.0,0.0,0.0,0.0,0.0,0.0,0.0,0,0,0,0,0,0,0,0,0,0,0,0,0.0,0.0
Paris Maghoma,https://www.instagram.com/maghomaa/,0,0.0,0.0,0.0,0.0,0.0,0.0,0.0,0%,0.0,0.0,0.0,0.0,0.0,0.0,0.0,0.0,0.0,0.0,0.0,0.0,0.0,0.0,0.0,0,0.0,0.0,0.0,0%,0.0,0.0,0.0,0.0,0.0,0.0,0.0,0.0,0.0,0.0,0.0,0.0,0.0,0.0,0.0,0%,0.0,0.0,0.0,0.0,0.0,0.0,0.0,0.0,0.0,0,0,0,0,0,0,0,0,0,0,0,0,0.0,0.0
Mahmoud Dahoud,0,0,9.0,0.0,5.0,0.0,0.0,0.0,9.0,44%,0.0,2.0,1.0,4.0,1.0,0.0,26.0,13.0,25.0,2.0,0.0,5.0,0.0,0.0,1.0,325,36.11,2.0,3.0,33%,1.0,10.0,1.0,1.0,6.0,0.0,0.0,0.0,0.0,0.0,0.0,0.0,0.0,6.0,1.0,17%,0.0,0.0,0.0,0.0,0.0,0.0,0.0,0.0,0.0,0,0,0,0,0,0,0,0,0,0,0,0,0.0,0.0
Riyad Mahrez,0,0,0.0,0.0,0.0,0.0,0.0,0.0,0.0,0,0.0,0.0,0.0,0.0,0.0,0.0,0.0,0.0,0.0,0.0,0.0,0.0,0.0,0.0,0.0,0,0.0,0.0,0.0,0,0.0,0.0,0.0,0.0,0.0,0.0,0.0,0.0,0.0,0.0,0.0,0.0,0.0,0.0,0.0,0%,0.0,0.0,0.0,0.0,0.0,0.0,0.0,0.0,0.0,0,0,0,0,0,0,0,0,0,0,0,0,0.0,0.0
Kobbie Mainoo,0,0,24.0,3.0,10.0,8.0,0.0,0.0,47.0,57%,0.0,3.0,22.0,27.0,15.0,0.0,96.0,120.0,109.0,31.0,19.0,26.0,0.0,1.0,1.0,862,35.92,0.0,6.0,17%,8.0,21.0,3.0,0.0,15.0,0.0,0.0,3.0,0.0,0.0,0.13,0.0,0.0,11.0,5.0,45%,0.0,0.0,0.0,0.0,0.0,0.0,0.0,0.0,0.0,0,0,0,0,0,0,0,0,0,0,0,0,0.0,0.0
Tyrell Malacia,https://www.instagram.com/tyrellmalacia/,0,0.0,0.0,0.0,0.0,0.0,0.0,0.0,0%,0.0,0.0,0.0,0.0,0.0,0.0,0.0,0.0,0.0,0.0,0.0,0.0,0.0,0.0,0.0,0,0.0,0.0,0.0,0%,0.0,0.0,0.0,0.0,0.0,0.0,0.0,0.0,0.0,0.0,0.0,0.0,0.0,0.0,0.0,0,0.0,0.0,0.0,0.0,0.0,0.0,0.0,0.0,0.0,0,0,0,0,0,0,0,0,0,0,0,0,0.0,0.0
Orel Mangala,0,0,20.0,1.0,4.0,11.0,0.0,0.0,27.0,48%,0.0,1.0,26.0,28.0,11.0,0.0,74.0,70.0,72.0,13.0,10.0,4.0,0.0,0.0,0.0,642,32.1,0.0,2.0,50%,1.0,23.0,6.0,0.0,23.0,0.0,0.0,1.0,0.0,0.0,0.05,0.0,0.0,10.0,1.0,10%,1.0,0.0,0.0,0.0,0.0,0.0,0.0,0.0,0.0,0,0,0,0,0,0,0,0,0,0,0,0,0.0,0.0
Javier Manquillo,0,0,0.0,0.0,0.0,0.0,0.0,0.0,0.0,0%,0.0,0.0,0.0,0.0,0.0,0.0,0.0,0.0,0.0,0.0,0.0,0.0,0.0,0.0,0.0,0,0.0,0.0,0.0,0%,0.0,0.0,0.0,0.0,0.0,0.0,0.0,0.0,0.0,0.0,0.0,0.0,0.0,0.0,0.0,0,0.0,0.0,0.0,0.0,0.0,0.0,0.0,0.0,0.0,0,0,0,0,0,0,0,0,0,0,0,0,0.0,0.0
Manuel Benson,0,0,8.0,0.0,0.0,7.0,0.0,0.0,3.0,0,0.0,0.0,0.0,0.0,0.0,0.0,0.0,0.0,0.0,0.0,0.0,0.0,0.0,0.0,0.0,47,5.88,0.0,9.0,0,0.0,0.0,0.0,0.0,1.0,0.0,0.0,0.0,0.0,0.0,0.0,0.0,0.0,4.0,2.0,50%,0.0,0.0,0.0,0.0,0.0,0.0,0.0,0.0,0.0,0,0,0,0,0,0,0,0,0,0,0,0,0.0,0.0
Marcelo Pitaluga,https://www.instagram.com/mpitaluga/,0,0.0,0.0,0.0,0.0,0.0,0.0,0.0,0,0.0,0.0,0.0,0.0,0.0,0.0,0.0,0.0,0.0,0.0,0.0,0.0,0.0,0.0,0.0,0,0.0,0.0,0,0,0.0,0.0,0.0,0.0,0.0,0.0,0.0,0.0,0.0,0.0,0.0,0.0,0.0,0.0,0.0,0,0.0,0.0,0.0,0.0,0.0,0.0,0.0,0.0,0.0,0,0,0,0,0,0,0,0,0,0,0,0,0.0,0.0
Emiliano Marcondes,0,0,0.0,0.0,0.0,0.0,0.0,0.0,0.0,0%,0.0,0.0,0.0,0.0,0.0,0.0,0.0,0.0,0.0,0.0,0.0,0.0,0.0,0.0,0.0,0,0.0,0.0,0.0,0%,0.0,0.0,0.0,0.0,0.0,0.0,0.0,0.0,0.0,0.0,0.0,0.0,0.0,0.0,0.0,0%,0.0,0.0,0.0,0.0,0.0,0.0,0.0,0.0,0.0,0,0,0,0,0,0,0,0,0,0,0,0,0.0,0.0
Mario Lemina,https://www.instagram.com/lemsm13/?hl=en,0,35.0,4.0,11.0,17.0,0.0,0.0,90.0,64%,0.0,14.0,41.0,56.0,28.0,0.0,199.0,174.0,146.0,25.0,35.0,42.0,0.0,0.0,1.0,"1,439",41.11,3.0,15.0,27%,8.0,59.0,10.0,1.0,43.0,8.0,3.0,1.0,0.0,1.0,0.11,0.0,0.0,48.0,18.0,38%,4.0,0.0,0.0,0.0,0.0,0.0,0.0,0.0,0.0,0,0,0,0,0,0,0,0,0,0,0,0,0.0,0.0
Finley Marjoram,0,0,0.0,0.0,0.0,0.0,0.0,0.0,0.0,0%,0.0,0.0,0.0,0.0,0.0,0.0,0.0,0.0,0.0,0.0,0.0,0.0,0.0,0.0,0.0,0,0.0,0.0,0.0,0%,0.0,0.0,0.0,0.0,0.0,0.0,0.0,0.0,0.0,0.0,0.0,0.0,0.0,0.0,0.0,0,0.0,0.0,0.0,0.0,0.0,0.0,0.0,0.0,0.0,0,0,0,0,0,0,0,0,0,0,0,0,0.0,0.0
Marquinhos,0,0,0.0,0.0,0.0,0.0,0.0,0.0,0.0,0,0.0,0.0,0.0,0.0,0.0,0.0,0.0,0.0,0.0,0.0,0.0,0.0,0.0,0.0,0.0,0,0.0,0.0,0.0,0,0.0,0.0,0.0,0.0,0.0,0.0,0.0,0.0,0.0,0.0,0.0,0.0,0.0,0.0,0.0,0%,0.0,0.0,0.0,0.0,0.0,0.0,0.0,0.0,0.0,0,0,0,0,0,0,0,0,0,0,0,0,0.0,0.0
Filip Marschall,0,0,0.0,0.0,0.0,0.0,0.0,0.0,0.0,0,0.0,0.0,0.0,0.0,0.0,0.0,0.0,0.0,0.0,0.0,0.0,0.0,0.0,0.0,0.0,0,0.0,0.0,0,0,0.0,0.0,0.0,0.0,0.0,0.0,0.0,0.0,0.0,0.0,0.0,0.0,0.0,0.0,0.0,0,0.0,0.0,0.0,0.0,0.0,0.0,0.0,0.0,0.0,0,0,0,0,0,0,0,0,0,0,0,0,0.0,0.0
Zach Marsh,0,0,0.0,0.0,0.0,0.0,0.0,0.0,0.0,0,0.0,0.0,0.0,0.0,0.0,0.0,0.0,0.0,0.0,0.0,0.0,0.0,0.0,0.0,0.0,0,0.0,0.0,0.0,0,0.0,0.0,0.0,0.0,0.0,0.0,0.0,0.0,0.0,0.0,0.0,0.0,0.0,0.0,0.0,0%,0.0,0.0,0.0,0.0,0.0,0.0,0.0,0.0,0.0,0,0,0,0,0,0,0,0,0,0,0,0,0.0,0.0
Callum Marshall,0,0,0.0,0.0,0.0,0.0,0.0,0.0,0.0,0,0.0,0.0,0.0,0.0,0.0,0.0,0.0,0.0,0.0,0.0,0.0,0.0,0.0,0.0,0.0,0,0.0,0.0,0.0,0,0.0,0.0,0.0,0.0,0.0,0.0,0.0,0.0,0.0,0.0,0.0,0.0,0.0,0.0,0.0,0%,0.0,0.0,0.0,0.0,0.0,0.0,0.0,0.0,0.0,0,0,0,0,0,0,0,0,0,0,0,0,0.0,0.0
Anthony Martial,0,0,13.0,1.0,6.0,7.0,0.0,0.0,4.0,0,0.0,1.0,0.0,3.0,2.0,0.0,0.0,0.0,0.0,0.0,0.0,0.0,0.0,0.0,0.0,137,10.54,0.0,0.0,0,0.0,0.0,0.0,0.0,3.0,3.0,0.0,1.0,0.0,0.0,0.08,0.0,0.0,6.0,4.0,67%,0.0,0.0,0.0,0.0,0.0,0.0,0.0,0.0,0.0,0,0,0,0,0,0,0,0,0,0,0,0,0.0,0.0
Han-Noah Massengo,0,0,3.0,0.0,0.0,2.0,0.0,0.0,1.0,100%,0.0,0.0,0.0,0.0,0.0,0.0,1.0,1.0,1.0,0.0,0.0,1.0,0.0,0.0,0.0,9,3.0,0.0,2.0,0%,0.0,0.0,0.0,0.0,0.0,0.0,0.0,0.0,0.0,0.0,0.0,0.0,0.0,0.0,0.0,0,0.0,0.0,0.0,0.0,0.0,0.0,0.0,0.0,0.0,0,0,0,0,0,0,0,0,0,0,0,0,0.0,0.0
Arthur Masuaku,0,0,0.0,0.0,0.0,0.0,0.0,0.0,0.0,0%,0.0,0.0,0.0,0.0,0.0,0.0,0.0,0.0,0.0,0.0,0.0,0.0,0.0,0.0,0.0,0,0.0,0.0,0.0,0%,0.0,0.0,0.0,0.0,0.0,0.0,0.0,0.0,0.0,0.0,0.0,0.0,0.0,0.0,0.0,0,0.0,0.0,0.0,0.0,0.0,0.0,0.0,0.0,0.0,0,0,0,0,0,0,0,0,0,0,0,0,0.0,0.0
Mateo Mejia,0,0,0.0,0.0,0.0,0.0,0.0,0.0,0.0,0,0.0,0.0,0.0,0.0,0.0,0.0,0.0,0.0,0.0,0.0,0.0,0.0,0.0,0.0,0.0,0,0.0,0.0,0.0,0,0.0,0.0,0.0,0.0,0.0,0.0,0.0,0.0,0.0,0.0,0.0,0.0,0.0,0.0,0.0,0%,0.0,0.0,0.0,0.0,0.0,0.0,0.0,0.0,0.0,0,0,0,0,0,0,0,0,0,0,0,0,0.0,0.0
Jean-Philippe Mateta,https://twitter.com/Matetajphilippe,https://www.instagram.com/iammateta/,35.0,16.0,11.0,14.0,0.0,0.0,22.0,0,0.0,7.0,4.0,14.0,11.0,0.0,0.0,0.0,0.0,0.0,0.0,0.0,0.0,0.0,5.0,413,11.8,5.0,20.0,0,0.0,0.0,3.0,0.0,35.0,24.0,1.0,12.0,3.0,0.0,0.46,2.0,0.0,46.0,29.0,63%,7.0,0.0,0.0,0.0,0.0,0.0,0.0,0.0,0.0,0,0,0,0,0,0,0,0,0,0,0,0,0.0,0.0
Matheus Cunha,https://www.instagram.com/cunha/?hl=en,0,32.0,12.0,10.0,15.0,0.0,0.0,30.0,0,0.0,15.0,13.0,20.0,10.0,0.0,0.0,0.0,0.0,0.0,0.0,0.0,0.0,0.0,7.0,786,24.56,7.0,24.0,0,0.0,0.0,9.0,0.0,31.0,4.0,2.0,9.0,1.0,3.0,0.38,1.0,0.0,73.0,38.0,52%,6.0,0.0,0.0,0.0,0.0,0.0,0.0,0.0,0.0,0,0,0,0,0,0,0,0,0,0,0,0,0.0,0.0
Matheus França,0,0,10.0,0.0,2.0,7.0,0.0,0.0,3.0,0,0.0,2.0,1.0,1.0,0.0,0.0,0.0,0.0,0.0,0.0,0.0,0.0,0.0,0.0,1.0,65,6.5,1.0,14.0,0,0.0,0.0,1.0,0.0,6.0,2.0,0.0,0.0,0.0,0.0,0.0,0.0,0.0,8.0,2.0,25%,0.0,0.0,0.0,0.0,0.0,0.0,0.0,0.0,0.0,0,0,0,0,0,0,0,0,0,0,0,0,0.0,0.0
Matheus Nunes,https://www.instagram.com/matheusnunes73/,0,53.0,1.0,25.0,21.0,0.0,0.0,80.0,60%,0.0,12.0,23.0,41.0,21.0,0.0,194.0,245.0,232.0,64.0,29.0,9.0,0.0,1.0,3.0,"1,496",28.23,4.0,65.0,25%,7.0,85.0,2.0,2.0,46.0,7.0,0.0,1.0,0.0,2.0,0.02,0.0,0.0,38.0,13.0,34%,5.0,0.0,0.0,0.0,0.0,0.0,0.0,0.0,0.0,0,0,0,0,0,0,0,0,0,0,0,0,0.0,0.0
Roshaun Mathurin,0,0,0.0,0.0,0.0,0.0,0.0,0.0,0.0,0,0.0,0.0,0.0,0.0,0.0,0.0,0.0,0.0,0.0,0.0,0.0,0.0,0.0,0.0,0.0,0,0.0,0.0,0.0,0,0.0,0.0,0.0,0.0,0.0,0.0,0.0,0.0,0.0,0.0,0.0,0.0,0.0,0.0,0.0,0%,0.0,0.0,0.0,0.0,0.0,0.0,0.0,0.0,0.0,0,0,0,0,0,0,0,0,0,0,0,0,0.0,0.0
Joël Matip,0,0,10.0,0.0,7.0,1.0,2.0,9.0,12.0,50%,0.0,1.0,9.0,41.0,26.0,0.0,58.0,43.0,27.0,0.0,28.0,10.0,1.0,0.0,0.0,563,56.3,0.0,0.0,0%,0.0,16.0,2.0,0.0,7.0,1.0,0.0,0.0,0.0,0.0,0.0,0.0,0.0,0.0,0.0,0,0.0,0.0,0.0,0.0,0.0,0.0,0.0,0.0,0.0,0,0,0,0,0,0,0,0,0,0,0,0,0.0,0.0
Alex Matos,0,0,1.0,0.0,1.0,0.0,0.0,0.0,0.0,0,0.0,0.0,0.0,0.0,0.0,0.0,0.0,0.0,0.0,0.0,0.0,0.0,0.0,0.0,0.0,0,0.0,0.0,0.0,0,0.0,0.0,0.0,0.0,0.0,0.0,0.0,0.0,0.0,0.0,0.0,0.0,0.0,0.0,0.0,0%,0.0,0.0,0.0,0.0,0.0,0.0,0.0,0.0,0.0,0,0,0,0,0,0,0,0,0,0,0,0,0.0,0.0
Matthew Craig,0,0,0.0,0.0,0.0,0.0,0.0,0.0,0.0,0%,0.0,0.0,0.0,0.0,0.0,0.0,0.0,0.0,0.0,0.0,0.0,0.0,0.0,0.0,0.0,0,0.0,0.0,0.0,0%,0.0,0.0,0.0,0.0,0.0,0.0,0.0,0.0,0.0,0.0,0.0,0.0,0.0,0.0,0.0,0%,0.0,0.0,0.0,0.0,0.0,0.0,0.0,0.0,0.0,0,0,0,0,0,0,0,0,0,0,0,0,0.0,0.0
Remi Matthews,https://twitter.com/Remi_matthews,0,1.0,0.0,0.0,1.0,0.0,1.0,0.0,0,0.0,0.0,0.0,0.0,0.0,0.0,0.0,0.0,0.0,0.0,0.0,0.0,0.0,0.0,0.0,5,5.0,0.0,0,0,0.0,0.0,0.0,0.0,0.0,0.0,0.0,0.0,0.0,0.0,0.0,0.0,0.0,0.0,0.0,0,0.0,0.0,0.0,0.0,1.0,0.0,0.0,0.0,1.0,0,0,0,0,0,0,0,0,0,0,0,0,0.0,0.0
Matty Longstaff,0,0,0.0,0.0,0.0,0.0,0.0,0.0,0.0,0%,0.0,0.0,0.0,0.0,0.0,0.0,0.0,0.0,0.0,0.0,0.0,0.0,0.0,0.0,0.0,0,0.0,0.0,0.0,0%,0.0,0.0,0.0,0.0,0.0,0.0,0.0,0.0,0.0,0.0,0.0,0.0,0.0,0.0,0.0,0%,0.0,0.0,0.0,0.0,0.0,0.0,0.0,0.0,0.0,0,0,0,0,0,0,0,0,0,0,0,0,0.0,0.0
Neal Maupay,https://www.facebook.com/nealmaupay7,https://twitter.com/nealmaupay18,31.0,6.0,8.0,19.0,0.0,0.0,10.0,0,0.0,12.0,2.0,4.0,3.0,0.0,0.0,0.0,0.0,0.0,0.0,0.0,0.0,0.0,3.0,398,12.84,5.0,8.0,0,0.0,0.0,8.0,0.0,20.0,6.0,1.0,3.0,2.0,1.0,0.19,0.0,0.0,42.0,20.0,48%,7.0,0.0,0.0,0.0,0.0,0.0,0.0,0.0,0.0,0,0,0,0,0,0,0,0,0,0,0,0,0.0,0.0
Mauro Bandeira,0,0,0.0,0.0,0.0,0.0,0.0,0.0,0.0,0%,0.0,0.0,0.0,0.0,0.0,0.0,0.0,0.0,0.0,0.0,0.0,0.0,0.0,0.0,0.0,0,0.0,0.0,0.0,0%,0.0,0.0,0.0,0.0,0.0,0.0,0.0,0.0,0.0,0.0,0.0,0.0,0.0,0.0,0.0,0%,0.0,0.0,0.0,0.0,0.0,0.0,0.0,0.0,0.0,0,0,0,0,0,0,0,0,0,0,0,0,0.0,0.0
Konstantinos Mavropanos,https://www.instagram.com/dinos_mavropanos/,0,19.0,1.0,6.0,6.0,3.0,27.0,28.0,57%,2.0,1.0,23.0,78.0,31.0,0.0,70.0,84.0,44.0,2.0,44.0,24.0,2.0,2.0,0.0,627,33.0,0.0,1.0,0%,1.0,40.0,2.0,0.0,15.0,0.0,1.0,0.0,0.0,0.0,0.0,0.0,0.0,0.0,0.0,0,0.0,0.0,0.0,0.0,0.0,0.0,0.0,0.0,0.0,0,0,0,0,0,0,0,0,0,0,0,0,0.0,0.0
Adrian Mazilu,0,0,0.0,0.0,0.0,0.0,0.0,0.0,0.0,0,0.0,0.0,0.0,0.0,0.0,0.0,0.0,0.0,0.0,0.0,0.0,0.0,0.0,0.0,0.0,0,0.0,0.0,0.0,0,0.0,0.0,0.0,0.0,0.0,0.0,0.0,0.0,0.0,0.0,0.0,0.0,0.0,0.0,0.0,0%,0.0,0.0,0.0,0.0,0.0,0.0,0.0,0.0,0.0,0,0,0,0,0,0,0,0,0,0,0,0,0.0,0.0
Kevin Mbabu,0,0,0.0,0.0,0.0,0.0,0.0,0.0,0.0,0%,0.0,0.0,0.0,0.0,0.0,0.0,0.0,0.0,0.0,0.0,0.0,0.0,0.0,0.0,0.0,0,0.0,0.0,0.0,0%,0.0,0.0,0.0,0.0,0.0,0.0,0.0,0.0,0.0,0.0,0.0,0.0,0.0,0.0,0.0,0,0.0,0.0,0.0,0.0,0.0,0.0,0.0,0.0,0.0,0,0,0,0,0,0,0,0,0,0,0,0,0.0,0.0
Loïc Mbe Soh,0,0,0.0,0.0,0.0,0.0,0.0,0.0,0.0,0%,0.0,0.0,0.0,0.0,0.0,0.0,0.0,0.0,0.0,0.0,0.0,0.0,0.0,0.0,0.0,0,0.0,0.0,0.0,0%,0.0,0.0,0.0,0.0,0.0,0.0,0.0,0.0,0.0,0.0,0.0,0.0,0.0,0.0,0.0,0,0.0,0.0,0.0,0.0,0.0,0.0,0.0,0.0,0.0,0,0,0,0,0,0,0,0,0,0,0,0,0.0,0.0
Bryan Mbeumo,https://www.instagram.com/bryan_.m19/,0,25.0,9.0,8.0,9.0,0.0,0.0,15.0,67%,0.0,11.0,7.0,12.0,8.0,0.0,93.0,106.0,160.0,26.0,23.0,45.0,0.0,0.0,6.0,650,26.0,6.0,92.0,32%,15.0,17.0,2.0,0.0,22.0,3.0,0.0,1.0,8.0,3.0,0.36,3.0,0.0,53.0,20.0,38%,9.0,0.0,0.0,0.0,0.0,0.0,0.0,0.0,0.0,0,0,0,0,0,0,0,0,0,0,0,0,0.0,0.0
Sean McAllister,0,0,0.0,0.0,0.0,0.0,0.0,0.0,0.0,0%,0.0,0.0,0.0,0.0,0.0,0.0,0.0,0.0,0.0,0.0,0.0,0.0,0.0,0.0,0.0,0,0.0,0.0,0.0,0%,0.0,0.0,0.0,0.0,0.0,0.0,0.0,0.0,0.0,0.0,0.0,0.0,0.0,0.0,0.0,0%,0.0,0.0,0.0,0.0,0.0,0.0,0.0,0.0,0.0,0,0,0,0,0,0,0,0,0,0,0,0,0.0,0.0
James McArthur,0,0,0.0,0.0,0.0,0.0,0.0,0.0,0.0,0%,0.0,0.0,0.0,0.0,0.0,0.0,0.0,0.0,0.0,0.0,0.0,0.0,0.0,0.0,0.0,0,0.0,0.0,0.0,0%,0.0,0.0,0.0,0.0,0.0,0.0,0.0,0.0,0.0,0.0,0.0,0.0,0.0,0.0,0.0,0%,0.0,0.0,0.0,0.0,0.0,0.0,0.0,0.0,0.0,0,0,0,0,0,0,0,0,0,0,0,0,0.0,0.0
John McAtee,0,0,0.0,0.0,0.0,0.0,0.0,0.0,0.0,0,0.0,0.0,0.0,0.0,0.0,0.0,0.0,0.0,0.0,0.0,0.0,0.0,0.0,0.0,0.0,0,0.0,0.0,0.0,0,0.0,0.0,0.0,0.0,0.0,0.0,0.0,0.0,0.0,0.0,0.0,0.0,0.0,0.0,0.0,0%,0.0,0.0,0.0,0.0,0.0,0.0,0.0,0.0,0.0,0,0,0,0,0,0,0,0,0,0,0,0,0.0,0.0
Oliver McBurnie,0,0,21.0,6.0,0.0,15.0,0.0,0.0,17.0,0,0.0,6.0,5.0,28.0,26.0,0.0,0.0,0.0,0.0,0.0,0.0,0.0,0.0,0.0,3.0,398,18.95,3.0,5.0,0,0.0,0.0,3.0,2.0,19.0,4.0,1.0,4.0,1.0,2.0,0.29,2.0,0.0,33.0,17.0,52%,7.0,0.0,0.0,0.0,0.0,0.0,0.0,0.0,0.0,0,0,0,0,0,0,0,0,0,0,0,0,0.0,0.0
James McConnell,0,0,3.0,0.0,3.0,0.0,0.0,0.0,0.0,0%,0.0,0.0,1.0,0.0,0.0,0.0,0.0,1.0,1.0,0.0,0.0,0.0,0.0,0.0,0.0,6,2.0,0.0,0.0,0%,0.0,1.0,0.0,0.0,1.0,0.0,0.0,0.0,0.0,0.0,0.0,0.0,0.0,0.0,0.0,0%,0.0,0.0,0.0,0.0,0.0,0.0,0.0,0.0,0.0,0,0,0,0,0,0,0,0,0,0,0,0,0.0,0.0
Delano McCoy-Splatt,0,0,0.0,0.0,0.0,0.0,0.0,0.0,0.0,0%,0.0,0.0,0.0,0.0,0.0,0.0,0.0,0.0,0.0,0.0,0.0,0.0,0.0,0.0,0.0,0,0.0,0.0,0.0,0%,0.0,0.0,0.0,0.0,0.0,0.0,0.0,0.0,0.0,0.0,0.0,0.0,0.0,0.0,0.0,0%,0.0,0.0,0.0,0.0,0.0,0.0,0.0,0.0,0.0,0,0,0,0,0,0,0,0,0,0,0,0,0.0,0.0
Jamie McDonnell,0,0,0.0,0.0,0.0,0.0,0.0,0.0,0.0,0%,0.0,0.0,0.0,0.0,0.0,0.0,0.0,0.0,0.0,0.0,0.0,0.0,0.0,0.0,0.0,0,0.0,0.0,0.0,0%,0.0,0.0,0.0,0.0,0.0,0.0,0.0,0.0,0.0,0.0,0.0,0.0,0.0,0.0,0.0,0%,0.0,0.0,0.0,0.0,0.0,0.0,0.0,0.0,0.0,0,0,0,0,0,0,0,0,0,0,0,0,0.0,0.0
Callum McFarlane,0,0,0.0,0.0,0.0,0.0,0.0,0.0,0.0,0,0.0,0.0,0.0,0.0,0.0,0.0,0.0,0.0,0.0,0.0,0.0,0.0,0.0,0.0,0.0,0,0.0,0.0,0.0,0,0.0,0.0,0.0,0.0,0.0,0.0,0.0,0.0,0.0,0.0,0.0,0.0,0.0,0.0,0.0,0%,0.0,0.0,0.0,0.0,0.0,0.0,0.0,0.0,0.0,0,0,0,0,0,0,0,0,0,0,0,0,0.0,0.0
Tom McGill,0,0,0.0,0.0,0.0,0.0,0.0,0.0,0.0,0,0.0,0.0,0.0,0.0,0.0,0.0,0.0,0.0,0.0,0.0,0.0,0.0,0.0,0.0,0.0,0,0.0,0.0,0,0,0.0,0.0,0.0,0.0,0.0,0.0,0.0,0.0,0.0,0.0,0.0,0.0,0.0,0.0,0.0,0,0.0,0.0,0.0,0.0,0.0,0.0,0.0,0.0,0.0,0,0,0,0,0,0,0,0,0,0,0,0,0.0,0.0
John McGinn,https://twitter.com/jmcginn7,https://www.instagram.com/johnmcginn7/,35.0,6.0,19.0,9.0,0.0,0.0,59.0,59%,0.0,11.0,21.0,18.0,9.0,0.0,161.0,191.0,191.0,54.0,9.0,19.0,0.0,0.0,4.0,"1,142",32.63,10.0,74.0,34%,15.0,73.0,9.0,1.0,39.0,2.0,0.0,3.0,3.0,0.0,0.17,0.0,1.0,40.0,16.0,40%,3.0,0.0,0.0,0.0,0.0,0.0,0.0,0.0,0.0,0,0,0,0,0,0,0,0,0,0,0,0,0.0,0.0
Callan McKenna,0,0,0.0,0.0,0.0,0.0,0.0,0.0,0.0,0,0.0,0.0,0.0,0.0,0.0,0.0,0.0,0.0,0.0,0.0,0.0,0.0,0.0,0.0,0.0,0,0.0,0.0,0,0,0.0,0.0,0.0,0.0,0.0,0.0,0.0,0.0,0.0,0.0,0.0,0.0,0.0,0.0,0.0,0,0.0,0.0,0.0,0.0,0.0,0.0,0.0,0.0,0.0,0,0,0,0,0,0,0,0,0,0,0,0,0.0,0.0
Luke McNally,0,0,0.0,0.0,0.0,0.0,0.0,0.0,0.0,0%,0.0,0.0,0.0,0.0,0.0,0.0,0.0,0.0,0.0,0.0,0.0,0.0,0.0,0.0,0.0,0,0.0,0.0,0.0,0%,0.0,0.0,0.0,0.0,0.0,0.0,0.0,0.0,0.0,0.0,0.0,0.0,0.0,0.0,0.0,0,0.0,0.0,0.0,0.0,0.0,0.0,0.0,0.0,0.0,0,0,0,0,0,0,0,0,0,0,0,0,0.0,0.0
Dwight McNeil,https://twitter.com/dwightmcneil,https://www.instagram.com/dwightmc99/?hl=en,35.0,3.0,13.0,13.0,0.0,0.0,44.0,0,0.0,20.0,22.0,27.0,15.0,0.0,0.0,0.0,0.0,0.0,0.0,0.0,0.0,0.0,6.0,"1,001",28.6,17.0,229.0,0,0.0,0.0,2.0,0.0,18.0,4.0,0.0,0.0,3.0,3.0,0.09,0.0,0.0,57.0,15.0,26%,3.0,0.0,0.0,0.0,0.0,0.0,0.0,0.0,0.0,0,0,0,0,0,0,0,0,0,0,0,0,0.0,0.0
Charlie McNeill,0,0,0.0,0.0,0.0,0.0,0.0,0.0,0.0,0,0.0,0.0,0.0,0.0,0.0,0.0,0.0,0.0,0.0,0.0,0.0,0.0,0.0,0.0,0.0,0,0.0,0.0,0.0,0,0.0,0.0,0.0,0.0,0.0,0.0,0.0,0.0,0.0,0.0,0.0,0.0,0.0,0.0,0.0,0%,0.0,0.0,0.0,0.0,0.0,0.0,0.0,0.0,0.0,0,0,0,0,0,0,0,0,0,0,0,0,0.0,0.0
Hannibal Mejbri,0,0,5.0,1.0,3.0,1.0,0.0,0.0,3.0,100%,0.0,0.0,0.0,0.0,0.0,0.0,10.0,13.0,16.0,2.0,2.0,4.0,0.0,0.0,0.0,37,7.4,0.0,1.0,0%,2.0,2.0,1.0,0.0,5.0,1.0,0.0,1.0,0.0,0.0,0.2,0.0,0.0,1.0,1.0,100%,0.0,0.0,0.0,0.0,0.0,0.0,0.0,0.0,0.0,0,0,0,0,0,0,0,0,0,0,0,0,0.0,0.0
Édouard Mendy,0,0,0.0,0.0,0.0,0.0,0.0,0.0,0.0,0,0.0,0.0,0.0,0.0,0.0,0.0,0.0,0.0,0.0,0.0,0.0,0.0,0.0,0.0,0.0,0,0.0,0.0,0,0,0.0,0.0,0.0,0.0,0.0,0.0,0.0,0.0,0.0,0.0,0.0,0.0,0.0,0.0,0.0,0,0.0,0.0,0.0,0.0,0.0,0.0,0.0,0.0,0.0,0,0,0,0,0,0,0,0,0,0,0,0,0.0,0.0
Teden Mengi,0,0,30.0,1.0,5.0,18.0,1.0,59.0,54.0,41%,1.0,0.0,57.0,136.0,67.0,2.0,126.0,128.0,95.0,7.0,60.0,43.0,0.0,0.0,0.0,925,30.83,0.0,2.0,0%,1.0,70.0,3.0,0.0,35.0,1.0,0.0,1.0,0.0,0.0,0.0,0.0,0.0,0.0,0.0,0,0.0,0.0,0.0,0.0,0.0,0.0,0.0,0.0,0.0,0,0,0,0,0,0,0,0,0,0,0,0,0.0,0.0
Max Merrick,0,0,0.0,0.0,0.0,0.0,0.0,0.0,0.0,0,0.0,0.0,0.0,0.0,0.0,0.0,0.0,0.0,0.0,0.0,0.0,0.0,0.0,0.0,0.0,0,0.0,0.0,0,0,0.0,0.0,0.0,0.0,0.0,0.0,0.0,0.0,0.0,0.0,0.0,0.0,0.0,0.0,0.0,0,0.0,0.0,0.0,0.0,0.0,0.0,0.0,0.0,0.0,0,0,0,0,0,0,0,0,0,0,0,0,0.0,0.0
Jenson Metcalfe,0,0,0.0,0.0,0.0,0.0,0.0,0.0,0.0,0%,0.0,0.0,0.0,0.0,0.0,0.0,0.0,0.0,0.0,0.0,0.0,0.0,0.0,0.0,0.0,0,0.0,0.0,0.0,0%,0.0,0.0,0.0,0.0,0.0,0.0,0.0,0.0,0.0,0.0,0.0,0.0,0.0,0.0,0.0,0%,0.0,0.0,0.0,0.0,0.0,0.0,0.0,0.0,0.0,0,0,0,0,0,0,0,0,0,0,0,0,0.0,0.0
Alex Mighten,0,0,0.0,0.0,0.0,0.0,0.0,0.0,0.0,0,0.0,0.0,0.0,0.0,0.0,0.0,0.0,0.0,0.0,0.0,0.0,0.0,0.0,0.0,0.0,0,0.0,0.0,0.0,0,0.0,0.0,0.0,0.0,0.0,0.0,0.0,0.0,0.0,0.0,0.0,0.0,0.0,0.0,0.0,0%,0.0,0.0,0.0,0.0,0.0,0.0,0.0,0.0,0.0,0,0,0,0,0,0,0,0,0,0,0,0,0.0,0.0
Luka Milivojevic,0,0,0.0,0.0,0.0,0.0,0.0,0.0,0.0,0%,0.0,0.0,0.0,0.0,0.0,0.0,0.0,0.0,0.0,0.0,0.0,0.0,0.0,0.0,0.0,0,0.0,0.0,0.0,0%,0.0,0.0,0.0,0.0,0.0,0.0,0.0,0.0,0.0,0.0,0.0,0.0,0.0,0.0,0.0,0%,0.0,0.0,0.0,0.0,0.0,0.0,0.0,0.0,0.0,0,0,0,0,0,0,0,0,0,0,0,0,0.0,0.0
Stanley Mills,0,0,0.0,0.0,0.0,0.0,0.0,0.0,0.0,0%,0.0,0.0,0.0,0.0,0.0,0.0,0.0,0.0,0.0,0.0,0.0,0.0,0.0,0.0,0.0,0,0.0,0.0,0.0,0%,0.0,0.0,0.0,0.0,0.0,0.0,0.0,0.0,0.0,0.0,0.0,0.0,0.0,0.0,0.0,0%,0.0,0.0,0.0,0.0,0.0,0.0,0.0,0.0,0.0,0,0,0,0,0,0,0,0,0,0,0,0,0.0,0.0
Yerry Mina,0,0,0.0,0.0,0.0,0.0,0.0,0.0,0.0,0%,0.0,0.0,0.0,0.0,0.0,0.0,0.0,0.0,0.0,0.0,0.0,0.0,0.0,0.0,0.0,0,0.0,0.0,0.0,0%,0.0,0.0,0.0,0.0,0.0,0.0,0.0,0.0,0.0,0.0,0.0,0.0,0.0,0.0,0.0,0,0.0,0.0,0.0,0.0,0.0,0.0,0.0,0.0,0.0,0,0,0,0,0,0,0,0,0,0,0,0,0.0,0.0
Yankuba Minteh,0,0,0.0,0.0,0.0,0.0,0.0,0.0,0.0,0,0.0,0.0,0.0,0.0,0.0,0.0,0.0,0.0,0.0,0.0,0.0,0.0,0.0,0.0,0.0,0,0.0,0.0,0.0,0,0.0,0.0,0.0,0.0,0.0,0.0,0.0,0.0,0.0,0.0,0.0,0.0,0.0,0.0,0.0,0%,0.0,0.0,0.0,0.0,0.0,0.0,0.0,0.0,0.0,0,0,0,0,0,0,0,0,0,0,0,0,0.0,0.0
Tyrick Mitchell,https://twitter.com/MitchellTyrick,0,37.0,2.0,13.0,14.0,10.0,55.0,105.0,57%,1.0,4.0,25.0,87.0,30.0,2.0,208.0,160.0,108.0,18.0,21.0,26.0,0.0,0.0,3.0,"1,205",32.57,5.0,69.0,25%,1.0,35.0,6.0,0.0,22.0,1.0,0.0,0.0,2.0,0.0,0.0,0.0,0.0,0.0,0.0,0,0.0,0.0,0.0,0.0,0.0,0.0,0.0,0.0,0.0,0,0,0,0,0,0,0,0,0,0,0,0,0.0,0.0
Kaoru Mitoma,0,0,19.0,3.0,7.0,6.0,0.0,0.0,13.0,0,0.0,8.0,5.0,11.0,4.0,0.0,0.0,0.0,0.0,0.0,0.0,0.0,0.0,0.0,4.0,597,31.42,6.0,44.0,0,0.0,0.0,4.0,0.0,14.0,7.0,1.0,2.0,0.0,0.0,0.16,0.0,0.0,34.0,15.0,44%,6.0,0.0,0.0,0.0,0.0,0.0,0.0,0.0,0.0,0,0,0,0,0,0,0,0,0,0,0,0,0.0,0.0
Aleksandar Mitrovic,0,0,1.0,0.0,1.0,0.0,0.0,0.0,0.0,0,0.0,1.0,0.0,0.0,0.0,0.0,0.0,0.0,0.0,0.0,0.0,0.0,0.0,0.0,0.0,8,8.0,0.0,0.0,0,0.0,0.0,0.0,0.0,0.0,0.0,0.0,0.0,0.0,0.0,0.0,0.0,0.0,2.0,1.0,50%,0.0,0.0,0.0,0.0,0.0,0.0,0.0,0.0,0.0,0,0,0,0,0,0,0,0,0,0,0,0,0.0,0.0
Jakub Moder,0,0,17.0,0.0,6.0,6.0,0.0,0.0,19.0,53%,0.0,4.0,2.0,12.0,5.0,0.0,40.0,33.0,33.0,6.0,3.0,5.0,0.0,0.0,0.0,289,17.0,2.0,6.0,0%,1.0,3.0,2.0,0.0,8.0,2.0,0.0,0.0,0.0,0.0,0.0,0.0,0.0,11.0,3.0,27%,1.0,0.0,0.0,0.0,0.0,0.0,0.0,0.0,0.0,0,0,0,0,0,0,0,0,0,0,0,0,0.0,0.0
Mohamed Elneny,0,0,3.0,0.0,3.0,0.0,0.0,0.0,0.0,0%,0.0,0.0,1.0,0.0,0.0,0.0,2.0,1.0,3.0,0.0,1.0,1.0,0.0,0.0,0.0,40,13.33,0.0,0.0,0%,0.0,0.0,0.0,0.0,1.0,0.0,0.0,0.0,0.0,0.0,0.0,0.0,0.0,2.0,1.0,50%,0.0,0.0,0.0,0.0,0.0,0.0,0.0,0.0,0.0,0,0,0,0,0,0,0,0,0,0,0,0,0.0,0.0
Mohamed Salah,https://www.facebook.com/momosalah/,https://twitter.com/MoSalah?s=20,32.0,18.0,19.0,3.0,0.0,0.0,17.0,0,0.0,24.0,2.0,1.0,1.0,0.0,0.0,0.0,0.0,0.0,0.0,0.0,0.0,0.0,10.0,935,29.22,22.0,41.0,0,0.0,0.0,2.0,0.0,12.0,17.0,2.0,2.0,14.0,2.0,0.56,5.0,0.0,114.0,56.0,49%,17.0,0.0,0.0,0.0,0.0,0.0,0.0,0.0,0.0,0,0,0,0,0,0,0,0,0,0,0,0,0.0,0.0
Moisés Caicedo,https://www.instagram.com/moises_caicedo55/,0,35.0,1.0,18.0,10.0,0.0,0.0,91.0,51%,0.0,5.0,37.0,33.0,16.0,0.0,200.0,196.0,153.0,26.0,31.0,32.0,0.0,1.0,3.0,"2,097",59.91,4.0,10.0,0%,12.0,88.0,11.0,0.0,50.0,0.0,0.0,1.0,0.0,0.0,0.03,0.0,0.0,13.0,4.0,31%,0.0,0.0,0.0,0.0,0.0,0.0,0.0,0.0,0.0,0,0,0,0,0,0,0,0,0,0,0,0,0.0,0.0
Gonzalo Montiel,0,0,14.0,0.0,5.0,6.0,0.0,11.0,22.0,86%,0.0,2.0,9.0,30.0,20.0,0.0,42.0,36.0,30.0,1.0,12.0,9.0,0.0,1.0,2.0,318,22.71,4.0,16.0,6%,1.0,14.0,5.0,0.0,6.0,2.0,0.0,0.0,0.0,0.0,0.0,0.0,0.0,0.0,0.0,0,0.0,0.0,0.0,0.0,0.0,0.0,0.0,0.0,0.0,0,0,0,0,0,0,0,0,0,0,0,0,0.0,0.0
Kieffer Moore,0,0,8.0,1.0,2.0,5.0,0.0,0.0,0.0,0,0.0,1.0,0.0,0.0,0.0,0.0,0.0,0.0,0.0,0.0,0.0,0.0,0.0,0.0,0.0,40,5.0,1.0,2.0,0,0.0,0.0,0.0,0.0,5.0,0.0,1.0,0.0,0.0,0.0,0.13,0.0,0.0,6.0,2.0,33%,2.0,0.0,0.0,0.0,0.0,0.0,0.0,0.0,0.0,0,0,0,0,0,0,0,0,0,0,0,0,0.0,0.0
Andrew Moran,https://www.instagram.com/andrewmorann/,0,0.0,0.0,0.0,0.0,0.0,0.0,0.0,0%,0.0,0.0,0.0,0.0,0.0,0.0,0.0,0.0,0.0,0.0,0.0,0.0,0.0,0.0,0.0,0,0.0,0.0,0.0,0%,0.0,0.0,0.0,0.0,0.0,0.0,0.0,0.0,0.0,0.0,0.0,0.0,0.0,0.0,0.0,0%,0.0,0.0,0.0,0.0,0.0,0.0,0.0,0.0,0.0,0,0,0,0,0,0,0,0,0,0,0,0,0.0,0.0
Álex Moreno,https://www.instagram.com/alexmoreno/?hl=en,0,21.0,2.0,10.0,6.0,2.0,20.0,18.0,67%,0.0,1.0,13.0,33.0,18.0,0.0,40.0,53.0,50.0,15.0,4.0,10.0,1.0,0.0,0.0,407,19.38,1.0,37.0,11%,0.0,13.0,2.0,0.0,11.0,2.0,1.0,0.0,1.0,0.0,0.0,0.0,0.0,0.0,0.0,0,0.0,0.0,0.0,0.0,0.0,0.0,0.0,0.0,0.0,0,0,0,0,0,0,0,0,0,0,0,0,0.0,0.0
Carlton Morris,0,0,38.0,11.0,6.0,24.0,0.0,0.0,15.0,0,0.0,12.0,1.0,53.0,42.0,0.0,0.0,0.0,0.0,0.0,0.0,0.0,0.0,0.0,4.0,718,18.89,5.0,15.0,0,0.0,0.0,4.0,0.0,49.0,9.0,2.0,9.0,0.0,4.0,0.29,5.0,0.0,71.0,31.0,44%,7.0,0.0,0.0,0.0,0.0,0.0,0.0,0.0,0.0,0,0,0,0,0,0,0,0,0,0,0,0,0.0,0.0
Tyler Morton,https://www.instagram.com/tylermorton6/,0,0.0,0.0,0.0,0.0,0.0,0.0,0.0,0%,0.0,0.0,0.0,0.0,0.0,0.0,0.0,0.0,0.0,0.0,0.0,0.0,0.0,0.0,0.0,0,0.0,0.0,0.0,0%,0.0,0.0,0.0,0.0,0.0,0.0,0.0,0.0,0.0,0.0,0.0,0.0,0.0,0.0,0.0,0%,0.0,0.0,0.0,0.0,0.0,0.0,0.0,0.0,0.0,0,0,0,0,0,0,0,0,0,0,0,0,0.0,0.0
Yerson Mosquera,0,0,0.0,0.0,0.0,0.0,0.0,0.0,0.0,0%,0.0,0.0,0.0,0.0,0.0,0.0,0.0,0.0,0.0,0.0,0.0,0.0,0.0,0.0,0.0,0,0.0,0.0,0.0,0%,0.0,0.0,0.0,0.0,0.0,0.0,0.0,0.0,0.0,0.0,0.0,0.0,0.0,0.0,0.0,0,0.0,0.0,0.0,0.0,0.0,0.0,0.0,0.0,0.0,0,0,0,0,0,0,0,0,0,0,0,0,0.0,0.0
Louie Moulden,0,0,0.0,0.0,0.0,0.0,0.0,0.0,0.0,0,0.0,0.0,0.0,0.0,0.0,0.0,0.0,0.0,0.0,0.0,0.0,0.0,0.0,0.0,0.0,0,0.0,0.0,0,0,0.0,0.0,0.0,0.0,0.0,0.0,0.0,0.0,0.0,0.0,0.0,0.0,0.0,0.0,0.0,0,0.0,0.0,0.0,0.0,0.0,0.0,0.0,0.0,0.0,0,0,0,0,0,0,0,0,0,0,0,0,0.0,0.0
Mason Mount,https://www.facebook.com/MasonMountOfficial,https://twitter.com/masonmount_10?s=17,14.0,1.0,5.0,5.0,0.0,0.0,22.0,64%,0.0,3.0,6.0,3.0,1.0,0.0,37.0,41.0,41.0,4.0,6.0,9.0,0.0,0.0,0.0,203,14.5,0.0,14.0,29%,1.0,6.0,2.0,0.0,10.0,0.0,0.0,0.0,1.0,0.0,0.07,0.0,0.0,5.0,1.0,20%,0.0,0.0,0.0,0.0,0.0,0.0,0.0,0.0,0.0,0,0,0,0,0,0,0,0,0,0,0,0,0.0,0.0
Pelly Ruddock Mpanzu,0,0,27.0,0.0,5.0,18.0,0.0,0.0,13.0,38%,0.0,4.0,9.0,16.0,10.0,0.0,54.0,48.0,54.0,9.0,12.0,19.0,0.0,2.0,0.0,343,12.7,1.0,11.0,27%,0.0,16.0,1.0,0.0,9.0,0.0,0.0,0.0,0.0,0.0,0.0,0.0,0.0,11.0,1.0,9%,1.0,0.0,0.0,0.0,0.0,0.0,0.0,0.0,0.0,0,0,0,0,0,0,0,0,0,0,0,0,0.0,0.0
Fabian Mrozek,0,0,0.0,0.0,0.0,0.0,0.0,0.0,0.0,0,0.0,0.0,0.0,0.0,0.0,0.0,0.0,0.0,0.0,0.0,0.0,0.0,0.0,0.0,0.0,0,0.0,0.0,0,0,0.0,0.0,0.0,0.0,0.0,0.0,0.0,0.0,0.0,0.0,0.0,0.0,0.0,0.0,0.0,0,0.0,0.0,0.0,0.0,0.0,0.0,0.0,0.0,0.0,0,0,0,0,0,0,0,0,0,0,0,0,0.0,0.0
Divin Mubama,0,0,5.0,0.0,2.0,1.0,0.0,0.0,0.0,0,0.0,1.0,0.0,0.0,0.0,0.0,0.0,0.0,0.0,0.0,0.0,0.0,0.0,0.0,0.0,22,4.4,0.0,0.0,0,0.0,0.0,0.0,0.0,1.0,0.0,0.0,0.0,0.0,0.0,0.0,0.0,0.0,1.0,0.0,0%,0.0,0.0,0.0,0.0,0.0,0.0,0.0,0.0,0.0,0,0,0,0,0,0,0,0,0,0,0,0,0.0,0.0
Mykhailo Mudryk,https://www.instagram.com/mmudryk10/,0,31.0,5.0,13.0,10.0,0.0,0.0,21.0,57%,0.0,7.0,9.0,6.0,3.0,0.0,50.0,94.0,110.0,39.0,7.0,14.0,0.0,0.0,2.0,477,15.39,6.0,78.0,19%,5.0,14.0,5.0,0.0,22.0,1.0,0.0,3.0,2.0,1.0,0.16,0.0,0.0,35.0,12.0,34%,4.0,0.0,0.0,0.0,0.0,0.0,0.0,0.0,0.0,0,0,0,0,0,0,0,0,0,0,0,0,0.0,0.0
Marqes Muir,0,0,0.0,0.0,0.0,0.0,0.0,0.0,0.0,0%,0.0,0.0,0.0,0.0,0.0,0.0,0.0,0.0,0.0,0.0,0.0,0.0,0.0,0.0,0.0,0,0.0,0.0,0.0,0%,0.0,0.0,0.0,0.0,0.0,0.0,0.0,0.0,0.0,0.0,0.0,0.0,0.0,0.0,0.0,0,0.0,0.0,0.0,0.0,0.0,0.0,0.0,0.0,0.0,0,0,0,0,0,0,0,0,0,0,0,0,0.0,0.0
Romaine Mundle,0,0,0.0,0.0,0.0,0.0,0.0,0.0,0.0,0%,0.0,0.0,0.0,0.0,0.0,0.0,0.0,0.0,0.0,0.0,0.0,0.0,0.0,0.0,0.0,0,0.0,0.0,0.0,0%,0.0,0.0,0.0,0.0,0.0,0.0,0.0,0.0,0.0,0.0,0.0,0.0,0.0,0.0,0.0,0%,0.0,0.0,0.0,0.0,0.0,0.0,0.0,0.0,0.0,0,0,0,0,0,0,0,0,0,0,0,0,0.0,0.0
Daniel Muñoz,0,0,16.0,0.0,7.0,5.0,4.0,22.0,55.0,64%,1.0,3.0,24.0,34.0,14.0,0.0,76.0,102.0,95.0,13.0,26.0,28.0,0.0,0.0,4.0,566,35.38,5.0,11.0,9%,0.0,9.0,4.0,0.0,30.0,8.0,0.0,0.0,0.0,0.0,0.0,0.0,0.0,0.0,0.0,0,0.0,0.0,0.0,0.0,0.0,0.0,0.0,0.0,0.0,0,0,0,0,0,0,0,0,0,0,0,0,0.0,0.0
Finley Munroe,0,0,1.0,0.0,0.0,1.0,0.0,0.0,0.0,0%,0.0,0.0,0.0,0.0,0.0,0.0,0.0,0.0,0.0,0.0,0.0,0.0,0.0,0.0,0.0,1,1.0,0.0,0.0,0%,0.0,0.0,0.0,0.0,0.0,0.0,0.0,0.0,0.0,0.0,0.0,0.0,0.0,0.0,0.0,0,0.0,0.0,0.0,0.0,0.0,0.0,0.0,0.0,0.0,0,0,0,0,0,0,0,0,0,0,0,0,0.0,0.0
Arijanet Muric,https://www.instagram.com/aromuric49/?hl=en,0,10.0,0.0,2.0,4.0,0.0,16.0,0.0,0,0.0,0.0,0.0,0.0,0.0,0.0,0.0,0.0,0.0,0.0,0.0,0.0,1.0,2.0,0.0,526,52.6,0.0,0,0,0.0,106.0,0.0,0.0,0.0,0.0,0.0,0.0,0.0,0.0,0.0,0.0,0.0,0.0,0.0,0,0.0,64.0,1.0,4.0,19.0,0.0,17.0,54.0,33.0,0,0,0,0,0,0,0,0,0,0,0,0,0.0,0.0
Murillo,0,0,32.0,0.0,7.0,17.0,3.0,56.0,50.0,62%,3.0,1.0,37.0,185.0,78.0,3.0,146.0,115.0,121.0,20.0,38.0,40.0,1.0,0.0,2.0,"1,444",45.13,2.0,4.0,25%,6.0,117.0,5.0,0.0,38.0,0.0,0.0,0.0,0.0,1.0,0.0,0.0,0.0,0.0,0.0,0,0.0,0.0,0.0,0.0,0.0,0.0,0.0,0.0,0.0,0,0,0,0,0,0,0,0,0,0,0,0,0.0,0.0
Harrison Murray-Campbell,0,0,0.0,0.0,0.0,0.0,0.0,0.0,0.0,0%,0.0,0.0,0.0,0.0,0.0,0.0,0.0,0.0,0.0,0.0,0.0,0.0,0.0,0.0,0.0,0,0.0,0.0,0.0,0%,0.0,0.0,0.0,0.0,0.0,0.0,0.0,0.0,0.0,0.0,0.0,0.0,0.0,0.0,0.0,0,0.0,0.0,0.0,0.0,0.0,0.0,0.0,0.0,0.0,0,0,0,0,0,0,0,0,0,0,0,0,0.0,0.0
Mateusz Musialowski,0,0,0.0,0.0,0.0,0.0,0.0,0.0,0.0,0,0.0,0.0,0.0,0.0,0.0,0.0,0.0,0.0,0.0,0.0,0.0,0.0,0.0,0.0,0.0,0,0.0,0.0,0.0,0,0.0,0.0,0.0,0.0,0.0,0.0,0.0,0.0,0.0,0.0,0.0,0.0,0.0,0.0,0.0,0%,0.0,0.0,0.0,0.0,0.0,0.0,0.0,0.0,0.0,0,0,0,0,0,0,0,0,0,0,0,0,0.0,0.0
Admiral Muskwe,0,0,0.0,0.0,0.0,0.0,0.0,0.0,0.0,0,0.0,0.0,0.0,0.0,0.0,0.0,0.0,0.0,0.0,0.0,0.0,0.0,0.0,0.0,0.0,0,0.0,0.0,0.0,0,0.0,0.0,0.0,0.0,0.0,0.0,0.0,0.0,0.0,0.0,0.0,0.0,0.0,0.0,0.0,0%,0.0,0.0,0.0,0.0,0.0,0.0,0.0,0.0,0.0,0,0,0,0,0,0,0,0,0,0,0,0,0.0,0.0
Vitalii Mykolenko,https://www.instagram.com/mikola_16/,0,28.0,2.0,10.0,11.0,9.0,37.0,69.0,55%,0.0,11.0,36.0,82.0,37.0,1.0,142.0,126.0,97.0,18.0,30.0,27.0,0.0,0.0,0.0,882,31.5,2.0,56.0,23%,2.0,54.0,1.0,0.0,23.0,1.0,1.0,1.0,0.0,2.0,0.0,0.0,0.0,0.0,0.0,0,0.0,0.0,0.0,0.0,0.0,0.0,0.0,0.0,0.0,0,0,0,0,0,0,0,0,0,0,0,0,0.0,0.0
Marvelous Nakamba,0,0,13.0,0.0,1.0,9.0,0.0,0.0,40.0,60%,0.0,1.0,11.0,11.0,4.0,0.0,90.0,56.0,57.0,3.0,4.0,7.0,0.0,0.0,0.0,415,31.92,0.0,4.0,25%,0.0,19.0,5.0,0.0,24.0,0.0,0.0,0.0,0.0,0.0,0.0,0.0,0.0,5.0,0.0,0%,0.0,0.0,0.0,0.0,0.0,0.0,0.0,0.0,0.0,0,0,0,0,0,0,0,0,0,0,0,0,0.0,0.0
Amara Nallo,0,0,0.0,0.0,0.0,0.0,0.0,0.0,0.0,0%,0.0,0.0,0.0,0.0,0.0,0.0,0.0,0.0,0.0,0.0,0.0,0.0,0.0,0.0,0.0,0,0.0,0.0,0.0,0%,0.0,0.0,0.0,0.0,0.0,0.0,0.0,0.0,0.0,0.0,0.0,0.0,0.0,0.0,0.0,0%,0.0,0.0,0.0,0.0,0.0,0.0,0.0,0.0,0.0,0,0,0,0,0,0,0,0,0,0,0,0,0.0,0.0
Keylor Navas,0,0,0.0,0.0,0.0,0.0,0.0,0.0,0.0,0,0.0,0.0,0.0,0.0,0.0,0.0,0.0,0.0,0.0,0.0,0.0,0.0,0.0,0.0,0.0,0,0.0,0.0,0,0,0.0,0.0,0.0,0.0,0.0,0.0,0.0,0.0,0.0,0.0,0.0,0.0,0.0,0.0,0.0,0,0.0,0.0,0.0,0.0,0.0,0.0,0.0,0.0,0.0,0,0,0,0,0,0,0,0,0,0,0,0,0.0,0.0
Iliman Ndiaye,0,0,0.0,0.0,0.0,0.0,0.0,0.0,0.0,0,0.0,0.0,0.0,0.0,0.0,0.0,0.0,0.0,0.0,0.0,0.0,0.0,0.0,0.0,0.0,0,0.0,0.0,0.0,0,0.0,0.0,0.0,0.0,0.0,0.0,0.0,0.0,0.0,0.0,0.0,0.0,0.0,0.0,0.0,0%,0.0,0.0,0.0,0.0,0.0,0.0,0.0,0.0,0.0,0,0,0,0,0,0,0,0,0,0,0,0,0.0,0.0
Michael Ndiweni,0,0,1.0,0.0,1.0,0.0,0.0,0.0,0.0,0,0.0,0.0,0.0,0.0,0.0,0.0,0.0,0.0,0.0,0.0,0.0,0.0,0.0,0.0,0.0,2,2.0,0.0,0.0,0,0.0,0.0,0.0,0.0,0.0,0.0,0.0,0.0,0.0,0.0,0.0,0.0,0.0,0.0,0.0,0%,0.0,0.0,0.0,0.0,0.0,0.0,0.0,0.0,0.0,0,0,0,0,0,0,0,0,0,0,0,0,0.0,0.0
Tanguy Ndombélé,0,0,0.0,0.0,0.0,0.0,0.0,0.0,0.0,0%,0.0,0.0,0.0,0.0,0.0,0.0,0.0,0.0,0.0,0.0,0.0,0.0,0.0,0.0,0.0,0,0.0,0.0,0.0,0%,0.0,0.0,0.0,0.0,0.0,0.0,0.0,0.0,0.0,0.0,0.0,0.0,0.0,0.0,0.0,0%,0.0,0.0,0.0,0.0,0.0,0.0,0.0,0.0,0.0,0,0,0,0,0,0,0,0,0,0,0,0,0.0,0.0
Kosta Nedeljkovic,0,0,0.0,0.0,0.0,0.0,0.0,0.0,0.0,0%,0.0,0.0,0.0,0.0,0.0,0.0,0.0,0.0,0.0,0.0,0.0,0.0,0.0,0.0,0.0,0,0.0,0.0,0.0,0%,0.0,0.0,0.0,0.0,0.0,0.0,0.0,0.0,0.0,0.0,0.0,0.0,0.0,0.0,0.0,0,0.0,0.0,0.0,0.0,0.0,0.0,0.0,0.0,0.0,0,0,0,0,0,0,0,0,0,0,0,0,0.0,0.0
Reiss Nelson,https://www.facebook.com/ReissNelsonOfficial,https://twitter.com/ReissNelson9,15.0,0.0,11.0,3.0,0.0,0.0,9.0,67%,0.0,2.0,1.0,5.0,1.0,0.0,22.0,16.0,22.0,1.0,0.0,5.0,0.0,0.0,0.0,127,8.47,1.0,14.0,21%,0.0,2.0,1.0,0.0,5.0,0.0,0.0,0.0,0.0,0.0,0.0,0.0,0.0,4.0,1.0,25%,0.0,0.0,0.0,0.0,0.0,0.0,0.0,0.0,0.0,0,0,0,0,0,0,0,0,0,0,0,0,0.0,0.0
Nélson Semedo,https://www.facebook.com/OficialNelsonSemedo?__tn__=%3C,https://www.instagram.com/nelsonsemedo50/?hl=en,36.0,0.0,12.0,17.0,4.0,60.0,79.0,61%,0.0,7.0,36.0,78.0,35.0,0.0,188.0,182.0,166.0,51.0,22.0,28.0,0.0,0.0,1.0,"1,516",42.11,2.0,80.0,16%,2.0,48.0,11.0,1.0,48.0,1.0,0.0,0.0,0.0,0.0,0.0,0.0,0.0,0.0,0.0,0,0.0,0.0,0.0,0.0,0.0,0.0,0.0,0.0,0.0,0,0,0,0,0,0,0,0,0,0,0,0,0.0,0.0
Neto,https://www.instagram.com/netomurara/,0,32.0,0.0,10.0,13.0,7.0,55.0,0.0,0,0.0,0.0,0.0,0.0,0.0,0.0,0.0,0.0,0.0,0.0,0.0,0.0,0.0,2.0,0.0,902,28.19,0.0,0,0,0.0,188.0,5.0,0.0,1.0,0.0,0.0,0.0,0.0,0.0,0.0,0.0,0.0,0.0,0.0,0,0.0,115.0,1.0,26.0,20.0,4.0,16.0,154.0,223.0,0,0,0,0,0,0,0,0,0,0,0,0,0.0,0.0
Josh Neufville,0,0,0.0,0.0,0.0,0.0,0.0,0.0,0.0,0,0.0,0.0,0.0,0.0,0.0,0.0,0.0,0.0,0.0,0.0,0.0,0.0,0.0,0.0,0.0,0,0.0,0.0,0.0,0,0.0,0.0,0.0,0.0,0.0,0.0,0.0,0.0,0.0,0.0,0.0,0.0,0.0,0.0,0.0,0%,0.0,0.0,0.0,0.0,0.0,0.0,0.0,0.0,0.0,0,0,0,0,0,0,0,0,0,0,0,0,0.0,0.0
Moussa Niakhaté,0,0,21.0,1.0,6.0,13.0,1.0,35.0,42.0,60%,0.0,2.0,14.0,49.0,23.0,1.0,98.0,64.0,24.0,3.0,16.0,5.0,0.0,0.0,0.0,688,32.76,0.0,11.0,9%,0.0,31.0,3.0,1.0,11.0,0.0,0.0,0.0,0.0,0.0,0.0,0.0,0.0,0.0,0.0,0,0.0,0.0,0.0,0.0,0.0,0.0,0.0,0.0,0.0,0,0,0,0,0,0,0,0,0,0,0,0,0.0,0.0
Eddie Nketiah,https://www.facebook.com/EddieNketiahOfficial,https://twitter.com/EddieNketiah9,27.0,5.0,18.0,5.0,0.0,0.0,12.0,0,0.0,8.0,4.0,4.0,4.0,0.0,0.0,0.0,0.0,0.0,0.0,0.0,0.0,0.0,2.0,209,7.74,2.0,5.0,0,0.0,0.0,3.0,0.0,24.0,8.0,0.0,5.0,0.0,2.0,0.19,0.0,0.0,38.0,12.0,32%,4.0,0.0,0.0,0.0,0.0,0.0,0.0,0.0,0.0,0,0,0,0,0,0,0,0,0,0,0,0,0.0,0.0
Christopher Nkunku,https://www.facebook.com/nkunku.christopher/?locale=en_GB,https://twitter.com/c_nk97,11.0,3.0,7.0,3.0,0.0,0.0,5.0,0,0.0,3.0,2.0,4.0,1.0,0.0,0.0,0.0,0.0,0.0,0.0,0.0,0.0,0.0,0.0,177,16.09,0.0,4.0,0,0.0,0.0,0.0,0.0,8.0,3.0,1.0,1.0,1.0,0.0,0.27,0.0,0.0,16.0,9.0,56%,3.0,0.0,0.0,0.0,0.0,0.0,0.0,0.0,0.0,0,0,0,0,0,0,0,0,0,0,0,0,0.0,0.0
Noha Lemina,0,0,0.0,0.0,0.0,0.0,0.0,0.0,0.0,0%,0.0,0.0,0.0,0.0,0.0,0.0,0.0,0.0,0.0,0.0,0.0,0.0,0.0,0.0,0.0,0,0.0,0.0,0.0,0%,0.0,0.0,0.0,0.0,0.0,0.0,0.0,0.0,0.0,0.0,0.0,0.0,0.0,0.0,0.0,0%,0.0,0.0,0.0,0.0,0.0,0.0,0.0,0.0,0.0,0,0,0,0,0,0,0,0,0,0,0,0,0.0,0.0
Rhys Norrington-Davies,0,0,5.0,0.0,1.0,3.0,0.0,6.0,1.0,100%,0.0,0.0,1.0,2.0,1.0,0.0,4.0,4.0,7.0,1.0,1.0,1.0,0.0,0.0,0.0,54,10.8,0.0,2.0,0%,0.0,1.0,1.0,0.0,3.0,1.0,0.0,0.0,0.0,0.0,0.0,0.0,0.0,0.0,0.0,0,0.0,0.0,0.0,0.0,0.0,0.0,0.0,0.0,0.0,0,0,0,0,0,0,0,0,0,0,0,0,0.0,0.0
Oliver Norwood,0,0,27.0,1.0,2.0,19.0,0.0,0.0,41.0,63%,0.0,4.0,21.0,36.0,14.0,0.0,98.0,65.0,63.0,1.0,14.0,17.0,0.0,0.0,0.0,855,31.67,1.0,52.0,31%,2.0,68.0,8.0,0.0,15.0,0.0,0.0,1.0,0.0,0.0,0.04,1.0,0.0,15.0,6.0,40%,0.0,0.0,0.0,0.0,0.0,0.0,0.0,0.0,0.0,0,0,0,0,0,0,0,0,0,0,0,0,0.0,0.0
Darwin Núñez,https://www.instagram.com/darwin_n9/,0,36.0,11.0,23.0,3.0,0.0,0.0,22.0,0,0.0,22.0,3.0,9.0,9.0,0.0,0.0,0.0,0.0,0.0,0.0,0.0,0.0,0.0,8.0,465,12.92,11.0,19.0,0,0.0,0.0,9.0,0.0,28.0,33.0,2.0,7.0,2.0,9.0,0.31,0.0,0.0,108.0,46.0,43%,27.0,0.0,0.0,0.0,0.0,0.0,0.0,0.0,0.0,0,0,0,0,0,0,0,0,0,0,0,0,0.0,0.0
Nuno Tavares,0,0,8.0,0.0,2.0,3.0,1.0,9.0,11.0,64%,0.0,0.0,1.0,15.0,9.0,0.0,33.0,22.0,18.0,6.0,3.0,2.0,0.0,0.0,0.0,218,27.25,0.0,16.0,13%,0.0,5.0,2.0,0.0,8.0,0.0,0.0,0.0,0.0,0.0,0.0,0.0,0.0,0.0,0.0,0,0.0,0.0,0.0,0.0,0.0,0.0,0.0,0.0,0.0,0,0,0,0,0,0,0,0,0,0,0,0,0.0,0.0
Ethan Nwaneri,0,0,1.0,0.0,1.0,0.0,0.0,0.0,0.0,0%,0.0,0.0,0.0,0.0,0.0,0.0,0.0,2.0,1.0,0.0,1.0,0.0,0.0,0.0,0.0,18,18.0,0.0,0.0,0%,0.0,0.0,0.0,0.0,1.0,0.0,0.0,0.0,0.0,0.0,0.0,0.0,0.0,0.0,0.0,0%,0.0,0.0,0.0,0.0,0.0,0.0,0.0,0.0,0.0,0,0,0,0,0,0,0,0,0,0,0,0,0.0,0.0
Trey Nyoni,0,0,0.0,0.0,0.0,0.0,0.0,0.0,0.0,0%,0.0,0.0,0.0,0.0,0.0,0.0,0.0,0.0,0.0,0.0,0.0,0.0,0.0,0.0,0.0,0,0.0,0.0,0.0,0%,0.0,0.0,0.0,0.0,0.0,0.0,0.0,0.0,0.0,0.0,0.0,0.0,0.0,0.0,0.0,0%,0.0,0.0,0.0,0.0,0.0,0.0,0.0,0.0,0.0,0,0,0,0,0,0,0,0,0,0,0,0,0.0,0.0
Christian Nørgaard,https://www.instagram.com/cnoergaard19/,0,31.0,2.0,8.0,17.0,0.0,0.0,81.0,62%,0.0,12.0,54.0,49.0,33.0,0.0,216.0,159.0,159.0,6.0,41.0,47.0,0.0,0.0,1.0,"1,441",46.48,6.0,22.0,27%,8.0,60.0,8.0,0.0,41.0,1.0,2.0,0.0,0.0,0.0,0.06,0.0,0.0,35.0,7.0,20%,3.0,0.0,0.0,0.0,0.0,0.0,0.0,0.0,0.0,0,0,0,0,0,0,0,0,0,0,0,0,0.0,0.0
Jake O'Brien,0,0,0.0,0.0,0.0,0.0,0.0,0.0,0.0,0%,0.0,0.0,0.0,0.0,0.0,0.0,0.0,0.0,0.0,0.0,0.0,0.0,0.0,0.0,0.0,0,0.0,0.0,0.0,0%,0.0,0.0,0.0,0.0,0.0,0.0,0.0,0.0,0.0,0.0,0.0,0.0,0.0,0.0,0.0,0,0.0,0.0,0.0,0.0,0.0,0.0,0.0,0.0,0.0,0,0,0,0,0,0,0,0,0,0,0,0,0.0,0.0
Tommi O'Reilly,0,0,0.0,0.0,0.0,0.0,0.0,0.0,0.0,0%,0.0,0.0,0.0,0.0,0.0,0.0,0.0,0.0,0.0,0.0,0.0,0.0,0.0,0.0,0.0,0,0.0,0.0,0.0,0%,0.0,0.0,0.0,0.0,0.0,0.0,0.0,0.0,0.0,0.0,0.0,0.0,0.0,0.0,0.0,0%,0.0,0.0,0.0,0.0,0.0,0.0,0.0,0.0,0.0,0,0,0,0,0,0,0,0,0,0,0,0,0.0,0.0
Dara O'Shea,0,0,33.0,3.0,4.0,22.0,1.0,71.0,39.0,51%,1.0,3.0,35.0,158.0,87.0,1.0,140.0,182.0,120.0,1.0,127.0,68.0,1.0,0.0,4.0,"1,732",52.48,3.0,11.0,27%,3.0,110.0,5.0,1.0,36.0,1.0,3.0,0.0,0.0,0.0,0.0,0.0,0.0,0.0,0.0,0,0.0,0.0,0.0,0.0,0.0,0.0,0.0,0.0,0.0,0,0,0,0,0,0,0,0,0,0,0,0,0.0,0.0
Michael Obafemi,0,0,2.0,0.0,1.0,1.0,0.0,0.0,0.0,0,0.0,0.0,0.0,0.0,0.0,0.0,0.0,0.0,0.0,0.0,0.0,0.0,0.0,0.0,0.0,5,2.5,0.0,0.0,0,0.0,0.0,0.0,0.0,0.0,0.0,0.0,0.0,0.0,0.0,0.0,0.0,0.0,2.0,0.0,0%,0.0,0.0,0.0,0.0,0.0,0.0,0.0,0.0,0.0,0,0,0,0,0,0,0,0,0,0,0,0,0.0,0.0
Wilson Odobert,0,0,29.0,3.0,3.0,18.0,0.0,0.0,17.0,0,0.0,16.0,6.0,12.0,3.0,0.0,0.0,0.0,0.0,0.0,0.0,0.0,0.0,0.0,2.0,545,18.79,7.0,35.0,0,0.0,0.0,3.0,0.0,9.0,1.0,0.0,2.0,1.0,0.0,0.1,0.0,0.0,49.0,14.0,29%,2.0,0.0,0.0,0.0,0.0,0.0,0.0,0.0,0.0,0,0,0,0,0,0,0,0,0,0,0,0,0.0,0.0
Idris Odutayo,0,0,0.0,0.0,0.0,0.0,0.0,0.0,0.0,0%,0.0,0.0,0.0,0.0,0.0,0.0,0.0,0.0,0.0,0.0,0.0,0.0,0.0,0.0,0.0,0,0.0,0.0,0.0,0%,0.0,0.0,0.0,0.0,0.0,0.0,0.0,0.0,0.0,0.0,0.0,0.0,0.0,0.0,0.0,0,0.0,0.0,0.0,0.0,0.0,0.0,0.0,0.0,0.0,0,0,0,0,0,0,0,0,0,0,0,0,0.0,0.0
Odeluga Offiah,0,0,4.0,0.0,0.0,3.0,0.0,3.0,1.0,0%,0.0,0.0,1.0,0.0,0.0,0.0,4.0,8.0,4.0,4.0,1.0,1.0,0.0,0.0,0.0,67,16.75,0.0,3.0,0%,0.0,0.0,0.0,0.0,2.0,0.0,0.0,0.0,0.0,0.0,0.0,0.0,0.0,0.0,0.0,0,0.0,0.0,0.0,0.0,0.0,0.0,0.0,0.0,0.0,0,0,0,0,0,0,0,0,0,0,0,0,0.0,0.0
Chiedozie Ogbene,0,0,30.0,4.0,5.0,18.0,0.0,0.0,17.0,0,0.0,17.0,7.0,31.0,17.0,0.0,0.0,0.0,0.0,0.0,0.0,0.0,0.0,0.0,1.0,627,20.9,5.0,79.0,0,0.0,0.0,1.0,0.0,8.0,8.0,1.0,3.0,0.0,1.0,0.13,0.0,0.0,35.0,14.0,40%,1.0,0.0,0.0,0.0,0.0,0.0,0.0,0.0,0.0,0,0,0,0,0,0,0,0,0,0,0,0,0.0,0.0
Angelo Ogbonna,0,0,11.0,0.0,6.0,3.0,2.0,14.0,11.0,45%,0.0,0.0,3.0,29.0,14.0,0.0,10.0,27.0,9.0,1.0,12.0,7.0,0.0,0.0,0.0,214,19.45,0.0,0.0,0%,0.0,9.0,1.0,0.0,1.0,0.0,0.0,0.0,0.0,0.0,0.0,0.0,0.0,0.0,0.0,0,0.0,0.0,0.0,0.0,0.0,0.0,0.0,0.0,0.0,0,0,0,0,0,0,0,0,0,0,0,0,0.0,0.0
Habeeb Ogunneye,0,0,0.0,0.0,0.0,0.0,0.0,0.0,0.0,0%,0.0,0.0,0.0,0.0,0.0,0.0,0.0,0.0,0.0,0.0,0.0,0.0,0.0,0.0,0.0,0,0.0,0.0,0.0,0%,0.0,0.0,0.0,0.0,0.0,0.0,0.0,0.0,0.0,0.0,0.0,0.0,0.0,0.0,0.0,0,0.0,0.0,0.0,0.0,0.0,0.0,0.0,0.0,0.0,0,0,0,0,0,0,0,0,0,0,0,0,0.0,0.0
Braian Ojeda,0,0,0.0,0.0,0.0,0.0,0.0,0.0,0.0,0%,0.0,0.0,0.0,0.0,0.0,0.0,0.0,0.0,0.0,0.0,0.0,0.0,0.0,0.0,0.0,0,0.0,0.0,0.0,0%,0.0,0.0,0.0,0.0,0.0,0.0,0.0,0.0,0.0,0.0,0.0,0.0,0.0,0.0,0.0,0%,0.0,0.0,0.0,0.0,0.0,0.0,0.0,0.0,0.0,0,0,0,0,0,0,0,0,0,0,0,0,0.0,0.0
Temple Ojinnaka,0,0,0.0,0.0,0.0,0.0,0.0,0.0,0.0,0%,0.0,0.0,0.0,0.0,0.0,0.0,0.0,0.0,0.0,0.0,0.0,0.0,0.0,0.0,0.0,0,0.0,0.0,0.0,0%,0.0,0.0,0.0,0.0,0.0,0.0,0.0,0.0,0.0,0.0,0.0,0.0,0.0,0.0,0.0,0%,0.0,0.0,0.0,0.0,0.0,0.0,0.0,0.0,0.0,0,0,0,0,0,0,0,0,0,0,0,0,0.0,0.0
Wes Okoduwa,0,0,0.0,0.0,0.0,0.0,0.0,0.0,0.0,0%,0.0,0.0,0.0,0.0,0.0,0.0,0.0,0.0,0.0,0.0,0.0,0.0,0.0,0.0,0.0,0,0.0,0.0,0.0,0%,0.0,0.0,0.0,0.0,0.0,0.0,0.0,0.0,0.0,0.0,0.0,0.0,0.0,0.0,0.0,0,0.0,0.0,0.0,0.0,0.0,0.0,0.0,0.0,0.0,0,0,0,0,0,0,0,0,0,0,0,0,0.0,0.0
Ferdinand Okoh,0,0,0.0,0.0,0.0,0.0,0.0,0.0,0.0,0%,0.0,0.0,0.0,0.0,0.0,0.0,0.0,0.0,0.0,0.0,0.0,0.0,0.0,0.0,0.0,0,0.0,0.0,0.0,0%,0.0,0.0,0.0,0.0,0.0,0.0,0.0,0.0,0.0,0.0,0.0,0.0,0.0,0.0,0.0,0%,0.0,0.0,0.0,0.0,0.0,0.0,0.0,0.0,0.0,0,0,0,0,0,0,0,0,0,0,0,0,0.0,0.0
Arthur Okonkwo,0,0,0.0,0.0,0.0,0.0,0.0,0.0,0.0,0,0.0,0.0,0.0,0.0,0.0,0.0,0.0,0.0,0.0,0.0,0.0,0.0,0.0,0.0,0.0,0,0.0,0.0,0,0,0.0,0.0,0.0,0.0,0.0,0.0,0.0,0.0,0.0,0.0,0.0,0.0,0.0,0.0,0.0,0,0.0,0.0,0.0,0.0,0.0,0.0,0.0,0.0,0.0,0,0,0,0,0,0,0,0,0,0,0,0,0.0,0.0
Ademola Ola-Adebomi,0,0,0.0,0.0,0.0,0.0,0.0,0.0,0.0,0,0.0,0.0,0.0,0.0,0.0,0.0,0.0,0.0,0.0,0.0,0.0,0.0,0.0,0.0,0.0,0,0.0,0.0,0.0,0,0.0,0.0,0.0,0.0,0.0,0.0,0.0,0.0,0.0,0.0,0.0,0.0,0.0,0.0,0.0,0%,0.0,0.0,0.0,0.0,0.0,0.0,0.0,0.0,0.0,0,0,0,0,0,0,0,0,0,0,0,0,0.0,0.0
Michael Olakigbe,0,0,8.0,0.0,1.0,5.0,0.0,0.0,3.0,0%,0.0,1.0,1.0,0.0,0.0,0.0,7.0,9.0,14.0,3.0,1.0,2.0,0.0,0.0,0.0,32,4.0,0.0,7.0,0%,0.0,1.0,0.0,0.0,2.0,1.0,0.0,0.0,0.0,0.0,0.0,0.0,0.0,3.0,1.0,33%,0.0,0.0,0.0,0.0,0.0,0.0,0.0,0.0,0.0,0,0,0,0,0,0,0,0,0,0,0,0,0.0,0.0
Michael Olise,0,0,19.0,10.0,8.0,7.0,0.0,0.0,19.0,53%,0.0,21.0,11.0,9.0,3.0,0.0,68.0,109.0,110.0,40.0,7.0,15.0,0.0,0.0,6.0,609,32.05,9.0,97.0,26%,7.0,25.0,0.0,0.0,13.0,2.0,1.0,0.0,9.0,0.0,0.53,1.0,0.0,57.0,21.0,37%,3.0,0.0,0.0,0.0,0.0,0.0,0.0,0.0,0.0,0,0,0,0,0,0,0,0,0,0,0,0,0.0,0.0
Robin Olsen,https://www.instagram.com/robinolsen25/,0,5.0,0.0,1.0,3.0,0.0,13.0,0.0,0,0.0,0.0,0.0,0.0,0.0,0.0,0.0,0.0,0.0,0.0,0.0,0.0,0.0,0.0,0.0,184,36.8,0.0,0,0,0.0,20.0,0.0,0.0,0.0,0.0,0.0,0.0,0.0,0.0,0.0,0.0,0.0,0.0,0.0,0,0.0,21.0,1.0,1.0,5.0,3.0,0.0,19.0,27.0,0,0,0,0,0,0,0,0,0,0,0,0,0.0,0.0
Andrew Omobamidele,https://twitter.com/AndrewOmobamid1,https://www.instagram.com/a.omobamidele/,11.0,0.0,2.0,7.0,0.0,15.0,10.0,30%,0.0,1.0,13.0,42.0,24.0,1.0,21.0,20.0,19.0,0.0,8.0,10.0,1.0,1.0,0.0,309,28.09,0.0,0.0,0%,0.0,13.0,2.0,0.0,6.0,0.0,0.0,0.0,0.0,0.0,0.0,0.0,0.0,0.0,0.0,0,0.0,0.0,0.0,0.0,0.0,0.0,0.0,0.0,0.0,0,0,0,0,0,0,0,0,0,0,0,0,0.0,0.0
Amadou Onana,https://www.instagram.com/its_onana/,0,30.0,2.0,9.0,15.0,0.0,0.0,71.0,54%,0.0,8.0,21.0,30.0,16.0,0.0,160.0,180.0,93.0,12.0,53.0,19.0,0.0,0.0,0.0,"1,023",34.1,4.0,3.0,33%,6.0,61.0,5.0,0.0,37.0,1.0,2.0,0.0,0.0,0.0,0.07,0.0,0.0,29.0,6.0,21%,1.0,0.0,0.0,0.0,0.0,0.0,0.0,0.0,0.0,0,0,0,0,0,0,0,0,0,0,0,0,0.0,0.0
Ryan Oné,0,0,1.0,0.0,0.0,1.0,0.0,0.0,0.0,0%,0.0,0.0,0.0,0.0,0.0,0.0,1.0,0.0,0.0,0.0,0.0,0.0,0.0,0.0,0.0,1,1.0,0.0,0.0,0%,0.0,0.0,0.0,0.0,0.0,0.0,0.0,0.0,0.0,0.0,0.0,0.0,0.0,0.0,0.0,0%,0.0,0.0,0.0,0.0,0.0,0.0,0.0,0.0,0.0,0,0,0,0,0,0,0,0,0,0,0,0,0.0,0.0
Tyler Onyango,https://www.instagram.com/tyleronyango/,0,1.0,0.0,0.0,1.0,0.0,0.0,0.0,0%,0.0,0.0,0.0,0.0,0.0,0.0,0.0,0.0,0.0,0.0,0.0,0.0,0.0,0.0,0.0,0,0.0,0.0,0.0,0%,0.0,0.0,0.0,0.0,0.0,0.0,0.0,0.0,0.0,0.0,0.0,0.0,0.0,0.0,0.0,0%,0.0,0.0,0.0,0.0,0.0,0.0,0.0,0.0,0.0,0,0,0,0,0,0,0,0,0,0,0,0,0.0,0.0
Fred Onyedinma,0,0,8.0,0.0,1.0,6.0,0.0,0.0,10.0,60%,0.0,1.0,1.0,13.0,7.0,0.0,10.0,26.0,41.0,2.0,8.0,6.0,0.0,0.0,0.0,85,10.63,0.0,13.0,8%,0.0,0.0,1.0,0.0,10.0,0.0,0.0,0.0,0.0,0.0,0.0,0.0,0.0,5.0,2.0,40%,0.0,0.0,0.0,0.0,0.0,0.0,0.0,0.0,0.0,0,0,0,0,0,0,0,0,0,0,0,0,0.0,0.0
Frank Onyeka,https://www.instagram.com/_frankonyeka/,0,26.0,1.0,5.0,14.0,0.0,0.0,37.0,65%,0.0,8.0,23.0,17.0,7.0,0.0,73.0,89.0,86.0,11.0,10.0,23.0,0.0,0.0,2.0,375,14.42,2.0,16.0,31%,2.0,14.0,8.0,0.0,24.0,4.0,0.0,1.0,0.0,0.0,0.04,0.0,0.0,22.0,9.0,41%,2.0,0.0,0.0,0.0,0.0,0.0,0.0,0.0,0.0,0,0,0,0,0,0,0,0,0,0,0,0,0.0,0.0
Lewis Orford,0,0,0.0,0.0,0.0,0.0,0.0,0.0,0.0,0%,0.0,0.0,0.0,0.0,0.0,0.0,0.0,0.0,0.0,0.0,0.0,0.0,0.0,0.0,0.0,0,0.0,0.0,0.0,0%,0.0,0.0,0.0,0.0,0.0,0.0,0.0,0.0,0.0,0.0,0.0,0.0,0.0,0.0,0.0,0%,0.0,0.0,0.0,0.0,0.0,0.0,0.0,0.0,0.0,0,0,0,0,0,0,0,0,0,0,0,0,0.0,0.0
Divock Origi,0,0,20.0,0.0,2.0,12.0,0.0,0.0,6.0,0,0.0,4.0,2.0,2.0,1.0,0.0,0.0,0.0,0.0,0.0,0.0,0.0,0.0,0.0,1.0,131,6.55,5.0,13.0,0,0.0,0.0,1.0,0.0,14.0,5.0,0.0,0.0,0.0,0.0,0.0,0.0,0.0,14.0,4.0,29%,4.0,0.0,0.0,0.0,0.0,0.0,0.0,0.0,0.0,0,0,0,0,0,0,0,0,0,0,0,0,0.0,0.0
Stefan Ortega,https://www.instagram.com/stefan.ortega1/,0,9.0,0.0,7.0,0.0,1.0,7.0,0.0,0,0.0,0.0,0.0,0.0,0.0,0.0,0.0,0.0,0.0,0.0,0.0,0.0,0.0,0.0,0.0,242,26.89,0.0,0,0,0.0,36.0,0.0,0.0,0.0,0.0,0.0,0.0,0.0,0.0,0.0,0.0,0.0,0.0,0.0,0,0.0,20.0,0.0,1.0,6.0,0.0,4.0,24.0,19.0,0,0,0,0,0,0,0,0,0,0,0,0,0.0,0.0
Ben Osborn,0,0,24.0,0.0,2.0,18.0,0.0,0.0,22.0,41%,0.0,3.0,8.0,26.0,13.0,0.0,80.0,44.0,55.0,7.0,6.0,22.0,0.0,0.0,2.0,506,21.08,1.0,47.0,21%,1.0,23.0,3.0,0.0,8.0,1.0,0.0,0.0,0.0,0.0,0.0,0.0,0.0,4.0,0.0,0%,0.0,0.0,0.0,0.0,0.0,0.0,0.0,0.0,0.0,0,0,0,0,0,0,0,0,0,0,0,0,0.0,0.0
Gabriel Osho,0,0,21.0,2.0,4.0,12.0,2.0,47.0,41.0,54%,0.0,1.0,31.0,88.0,41.0,0.0,103.0,98.0,84.0,7.0,37.0,37.0,0.0,0.0,0.0,705,33.57,0.0,3.0,33%,0.0,27.0,3.0,0.0,23.0,1.0,2.0,0.0,0.0,0.0,0.0,0.0,0.0,0.0,0.0,0,0.0,0.0,0.0,0.0,0.0,0.0,0.0,0.0,0.0,0,0,0,0,0,0,0,0,0,0,0,0,0.0,0.0
Detlef Esapa Osong,0,0,0.0,0.0,0.0,0.0,0.0,0.0,0.0,0,0.0,0.0,0.0,0.0,0.0,0.0,0.0,0.0,0.0,0.0,0.0,0.0,0.0,0.0,0.0,0,0.0,0.0,0.0,0,0.0,0.0,0.0,0.0,0.0,0.0,0.0,0.0,0.0,0.0,0.0,0.0,0.0,0.0,0.0,0%,0.0,0.0,0.0,0.0,0.0,0.0,0.0,0.0,0.0,0,0,0,0,0,0,0,0,0,0,0,0,0.0,0.0
William Osula,0,0,21.0,0.0,1.0,17.0,0.0,0.0,2.0,0,0.0,6.0,2.0,9.0,3.0,0.0,0.0,0.0,0.0,0.0,0.0,0.0,0.0,0.0,0.0,90,4.29,1.0,2.0,0,0.0,0.0,4.0,0.0,15.0,6.0,0.0,0.0,0.0,0.0,0.0,0.0,0.0,21.0,8.0,38%,2.0,0.0,0.0,0.0,0.0,0.0,0.0,0.0,0.0,0,0,0,0,0,0,0,0,0,0,0,0,0.0,0.0
Jonny Otto,0,0,1.0,0.0,1.0,0.0,0.0,0.0,0.0,0%,0.0,0.0,0.0,0.0,0.0,0.0,0.0,0.0,1.0,0.0,0.0,0.0,0.0,0.0,0.0,0,0.0,0.0,0.0,0%,0.0,0.0,0.0,0.0,0.0,0.0,0.0,0.0,0.0,0.0,0.0,0.0,0.0,0.0,0.0,0,0.0,0.0,0.0,0.0,0.0,0.0,0.0,0.0,0.0,0,0,0,0,0,0,0,0,0,0,0,0,0.0,0.0
Dango Ouattara,https://www.instagram.com/d.ouattara15/?hl=en,0,30.0,1.0,12.0,12.0,0.0,0.0,45.0,0,0.0,10.0,22.0,33.0,14.0,0.0,0.0,0.0,0.0,0.0,0.0,0.0,0.0,0.0,2.0,448,14.93,1.0,36.0,0,0.0,0.0,3.0,0.0,15.0,4.0,1.0,0.0,0.0,0.0,0.03,0.0,0.0,30.0,7.0,23%,2.0,0.0,0.0,0.0,0.0,0.0,0.0,0.0,0.0,0,0,0,0,0,0,0,0,0,0,0,0,0.0,0.0
Maxi Oyedele,0,0,0.0,0.0,0.0,0.0,0.0,0.0,0.0,0%,0.0,0.0,0.0,0.0,0.0,0.0,0.0,0.0,0.0,0.0,0.0,0.0,0.0,0.0,0.0,0,0.0,0.0,0.0,0%,0.0,0.0,0.0,0.0,0.0,0.0,0.0,0.0,0.0,0.0,0.0,0.0,0.0,0.0,0.0,0%,0.0,0.0,0.0,0.0,0.0,0.0,0.0,0.0,0.0,0,0,0,0,0,0,0,0,0,0,0,0,0.0,0.0
David Ozoh,0,0,9.0,0.0,2.0,4.0,0.0,0.0,10.0,60%,0.0,0.0,0.0,2.0,1.0,0.0,8.0,14.0,14.0,1.0,3.0,5.0,0.0,0.0,0.0,51,5.67,0.0,0.0,0%,0.0,0.0,1.0,0.0,2.0,0.0,0.0,0.0,0.0,0.0,0.0,0.0,0.0,0.0,0.0,0%,0.0,0.0,0.0,0.0,0.0,0.0,0.0,0.0,0.0,0,0,0,0,0,0,0,0,0,0,0,0,0.0,0.0
Cole Palmer,https://www.instagram.com/colepalmer10/,0,34.0,22.0,17.0,9.0,0.0,0.0,23.0,52%,0.0,33.0,20.0,11.0,3.0,0.0,105.0,102.0,128.0,52.0,1.0,4.0,0.0,0.0,11.0,"1,307",38.44,17.0,81.0,20%,27.0,69.0,7.0,0.0,24.0,6.0,2.0,3.0,17.0,1.0,0.65,9.0,0.0,109.0,46.0,42%,7.0,0.0,0.0,0.0,0.0,0.0,0.0,0.0,0.0,0,0,0,0,0,0,0,0,0,0,0,0,0.0,0.0
Jonathan Panzo,0,0,0.0,0.0,0.0,0.0,0.0,0.0,0.0,0%,0.0,0.0,0.0,0.0,0.0,0.0,0.0,0.0,0.0,0.0,0.0,0.0,0.0,0.0,0.0,0,0.0,0.0,0.0,0%,0.0,0.0,0.0,0.0,0.0,0.0,0.0,0.0,0.0,0.0,0.0,0.0,0.0,0.0,0.0,0,0.0,0.0,0.0,0.0,0.0,0.0,0.0,0.0,0.0,0,0,0,0,0,0,0,0,0,0,0,0,0.0,0.0
Stefan Parkes,0,0,0.0,0.0,0.0,0.0,0.0,0.0,0.0,0%,0.0,0.0,0.0,0.0,0.0,0.0,0.0,0.0,0.0,0.0,0.0,0.0,0.0,0.0,0.0,0,0.0,0.0,0.0,0%,0.0,0.0,0.0,0.0,0.0,0.0,0.0,0.0,0.0,0.0,0.0,0.0,0.0,0.0,0.0,0,0.0,0.0,0.0,0.0,0.0,0.0,0.0,0.0,0.0,0,0,0,0,0,0,0,0,0,0,0,0,0.0,0.0
Ben Parkinson,0,0,1.0,0.0,0.0,1.0,0.0,0.0,0.0,0,0.0,0.0,0.0,1.0,1.0,0.0,0.0,0.0,0.0,0.0,0.0,0.0,0.0,0.0,0.0,3,3.0,0.0,0.0,0,0.0,0.0,0.0,0.0,0.0,1.0,0.0,0.0,0.0,0.0,0.0,0.0,0.0,0.0,0.0,0%,0.0,0.0,0.0,0.0,0.0,0.0,0.0,0.0,0.0,0,0,0,0,0,0,0,0,0,0,0,0,0.0,0.0
Troy Parrott,0,0,0.0,0.0,0.0,0.0,0.0,0.0,0.0,0,0.0,0.0,0.0,0.0,0.0,0.0,0.0,0.0,0.0,0.0,0.0,0.0,0.0,0.0,0.0,0,0.0,0.0,0.0,0,0.0,0.0,0.0,0.0,0.0,0.0,0.0,0.0,0.0,0.0,0.0,0.0,0.0,0.0,0.0,0%,0.0,0.0,0.0,0.0,0.0,0.0,0.0,0.0,0.0,0,0,0,0,0,0,0,0,0,0,0,0,0.0,0.0
Thomas Partey,https://www.facebook.com/ThomasPartey5/,https://twitter.com/Thomaspartey22,14.0,0.0,12.0,0.0,0.0,0.0,14.0,79%,0.0,3.0,11.0,8.0,2.0,0.0,56.0,36.0,33.0,9.0,7.0,8.0,0.0,0.0,0.0,621,44.36,0.0,2.0,100%,3.0,25.0,3.0,0.0,10.0,0.0,0.0,0.0,0.0,0.0,0.0,0.0,0.0,8.0,2.0,25%,0.0,0.0,0.0,0.0,0.0,0.0,0.0,0.0,0.0,0,0,0,0,0,0,0,0,0,0,0,0,0.0,0.0
Maksim Paskotsi,0,0,0.0,0.0,0.0,0.0,0.0,0.0,0.0,0%,0.0,0.0,0.0,0.0,0.0,0.0,0.0,0.0,0.0,0.0,0.0,0.0,0.0,0.0,0.0,0,0.0,0.0,0.0,0%,0.0,0.0,0.0,0.0,0.0,0.0,0.0,0.0,0.0,0.0,0.0,0.0,0.0,0.0,0.0,0,0.0,0.0,0.0,0.0,0.0,0.0,0.0,0.0,0.0,0,0,0,0,0,0,0,0,0,0,0,0,0.0,0.0
Travis Patterson,0,0,0.0,0.0,0.0,0.0,0.0,0.0,0.0,0%,0.0,0.0,0.0,0.0,0.0,0.0,0.0,0.0,0.0,0.0,0.0,0.0,0.0,0.0,0.0,0,0.0,0.0,0.0,0%,0.0,0.0,0.0,0.0,0.0,0.0,0.0,0.0,0.0,0.0,0.0,0.0,0.0,0.0,0.0,0%,0.0,0.0,0.0,0.0,0.0,0.0,0.0,0.0,0.0,0,0,0,0,0,0,0,0,0,0,0,0,0.0,0.0
Ben Pearson,0,0,0.0,0.0,0.0,0.0,0.0,0.0,0.0,0%,0.0,0.0,0.0,0.0,0.0,0.0,0.0,0.0,0.0,0.0,0.0,0.0,0.0,0.0,0.0,0,0.0,0.0,0.0,0%,0.0,0.0,0.0,0.0,0.0,0.0,0.0,0.0,0.0,0.0,0.0,0.0,0.0,0.0,0.0,0%,0.0,0.0,0.0,0.0,0.0,0.0,0.0,0.0,0.0,0,0,0,0,0,0,0,0,0,0,0,0,0.0,0.0
Myles Peart-Harris,https://www.instagram.com/mylespeartharris/,0,3.0,0.0,1.0,2.0,0.0,0.0,0.0,0%,0.0,0.0,0.0,1.0,0.0,0.0,0.0,2.0,9.0,0.0,0.0,5.0,0.0,0.0,0.0,7,2.33,0.0,1.0,0%,0.0,0.0,0.0,0.0,2.0,0.0,0.0,0.0,0.0,0.0,0.0,0.0,0.0,0.0,0.0,0%,0.0,0.0,0.0,0.0,0.0,0.0,0.0,0.0,0.0,0,0,0,0,0,0,0,0,0,0,0,0,0.0,0.0
Sydie Peck,0,0,1.0,0.0,1.0,0.0,0.0,0.0,0.0,0%,0.0,0.0,0.0,0.0,0.0,0.0,1.0,0.0,0.0,0.0,0.0,0.0,0.0,0.0,0.0,1,1.0,0.0,0.0,0%,0.0,0.0,0.0,0.0,0.0,0.0,0.0,0.0,0.0,0.0,0.0,0.0,0.0,0.0,0.0,0%,0.0,0.0,0.0,0.0,0.0,0.0,0.0,0.0,0.0,0,0,0,0,0,0,0,0,0,0,0,0,0.0,0.0
Pedro Neto,https://www.instagram.com/pedroneto_30/,0,20.0,2.0,8.0,8.0,0.0,0.0,7.0,0,0.0,8.0,5.0,2.0,0.0,0.0,0.0,0.0,0.0,0.0,0.0,0.0,0.0,0.0,9.0,589,29.45,7.0,115.0,0,0.0,0.0,4.0,0.0,15.0,2.0,0.0,0.0,2.0,3.0,0.1,0.0,0.0,36.0,12.0,33%,2.0,0.0,0.0,0.0,0.0,0.0,0.0,0.0,0.0,0,0,0,0,0,0,0,0,0,0,0,0,0.0,0.0
Facundo Pellistri,https://www.instagram.com/facu_pellistri/,0,9.0,0.0,3.0,5.0,0.0,0.0,5.0,60%,0.0,1.0,1.0,5.0,1.0,0.0,11.0,22.0,18.0,5.0,6.0,4.0,0.0,0.0,1.0,74,8.22,0.0,4.0,0%,0.0,0.0,0.0,0.0,4.0,0.0,0.0,0.0,0.0,0.0,0.0,0.0,0.0,4.0,2.0,50%,0.0,0.0,0.0,0.0,0.0,0.0,0.0,0.0,0.0,0,0,0,0,0,0,0,0,0,0,0,0,0.0,0.0
Nicolas Pépé,0,0,0.0,0.0,0.0,0.0,0.0,0.0,0.0,0,0.0,0.0,0.0,0.0,0.0,0.0,0.0,0.0,0.0,0.0,0.0,0.0,0.0,0.0,0.0,0,0.0,0.0,0.0,0,0.0,0.0,0.0,0.0,0.0,0.0,0.0,0.0,0.0,0.0,0.0,0.0,0.0,0.0,0.0,0%,0.0,0.0,0.0,0.0,0.0,0.0,0.0,0.0,0.0,0,0,0,0,0,0,0,0,0,0,0,0,0.0,0.0
Aribim Pepple,0,0,0.0,0.0,0.0,0.0,0.0,0.0,0.0,0,0.0,0.0,0.0,0.0,0.0,0.0,0.0,0.0,0.0,0.0,0.0,0.0,0.0,0.0,0.0,0,0.0,0.0,0.0,0,0.0,0.0,0.0,0.0,0.0,0.0,0.0,0.0,0.0,0.0,0.0,0.0,0.0,0.0,0.0,0%,0.0,0.0,0.0,0.0,0.0,0.0,0.0,0.0,0.0,0,0,0,0,0,0,0,0,0,0,0,0,0.0,0.0
Dion Pereira,0,0,0.0,0.0,0.0,0.0,0.0,0.0,0.0,0%,0.0,0.0,0.0,0.0,0.0,0.0,0.0,0.0,0.0,0.0,0.0,0.0,0.0,0.0,0.0,0,0.0,0.0,0.0,0%,0.0,0.0,0.0,0.0,0.0,0.0,0.0,0.0,0.0,0.0,0.0,0.0,0.0,0.0,0.0,0%,0.0,0.0,0.0,0.0,0.0,0.0,0.0,0.0,0.0,0,0,0,0,0,0,0,0,0,0,0,0,0.0,0.0
Ivan Perisic,0,0,5.0,0.0,4.0,0.0,0.0,0.0,3.0,0,0.0,1.0,2.0,1.0,1.0,0.0,0.0,0.0,0.0,0.0,0.0,0.0,0.0,0.0,1.0,61,12.2,2.0,13.0,0,0.0,0.0,2.0,0.0,2.0,0.0,0.0,0.0,0.0,0.0,0.0,0.0,0.0,2.0,0.0,0%,0.0,0.0,0.0,0.0,0.0,0.0,0.0,0.0,0.0,0,0,0,0,0,0,0,0,0,0,0,0,0.0,0.0
Máximo Perrone,https://www.instagram.com/maxiperrone16/?hl=en,0,0.0,0.0,0.0,0.0,0.0,0.0,0.0,0%,0.0,0.0,0.0,0.0,0.0,0.0,0.0,0.0,0.0,0.0,0.0,0.0,0.0,0.0,0.0,0,0.0,0.0,0.0,0%,0.0,0.0,0.0,0.0,0.0,0.0,0.0,0.0,0.0,0.0,0.0,0.0,0.0,0.0,0.0,0%,0.0,0.0,0.0,0.0,0.0,0.0,0.0,0.0,0.0,0,0,0,0,0,0,0,0,0,0,0,0,0.0,0.0
Djordje Petrovic,0,0,23.0,0.0,13.0,5.0,5.0,38.0,0.0,0,0.0,0.0,0.0,0.0,0.0,0.0,0.0,0.0,0.0,0.0,0.0,0.0,0.0,2.0,0.0,707,30.74,0.0,0,0,0.0,93.0,2.0,0.0,0.0,0.0,0.0,0.0,0.0,0.0,0.0,0.0,0.0,0.0,0.0,0,0.0,75.0,0.0,8.0,18.0,2.0,14.0,97.0,149.0,0,0,0,0,0,0,0,0,0,0,0,0,0.0,0.0
Casey Pettit,0,0,0.0,0.0,0.0,0.0,0.0,0.0,0.0,0%,0.0,0.0,0.0,0.0,0.0,0.0,0.0,0.0,0.0,0.0,0.0,0.0,0.0,0.0,0.0,0,0.0,0.0,0.0,0%,0.0,0.0,0.0,0.0,0.0,0.0,0.0,0.0,0.0,0.0,0.0,0.0,0.0,0.0,0.0,0%,0.0,0.0,0.0,0.0,0.0,0.0,0.0,0.0,0.0,0,0,0,0,0,0,0,0,0,0,0,0,0.0,0.0
Cameron Peupion,0,0,0.0,0.0,0.0,0.0,0.0,0.0,0.0,0%,0.0,0.0,0.0,0.0,0.0,0.0,0.0,0.0,0.0,0.0,0.0,0.0,0.0,0.0,0.0,0,0.0,0.0,0.0,0%,0.0,0.0,0.0,0.0,0.0,0.0,0.0,0.0,0.0,0.0,0.0,0.0,0.0,0.0,0.0,0%,0.0,0.0,0.0,0.0,0.0,0.0,0.0,0.0,0.0,0,0,0,0,0,0,0,0,0,0,0,0,0.0,0.0
Philippe Coutinho,0,0,2.0,0.0,1.0,1.0,0.0,0.0,0.0,0%,0.0,0.0,0.0,0.0,0.0,0.0,1.0,5.0,2.0,4.0,0.0,0.0,0.0,0.0,0.0,24,12.0,0.0,0.0,0%,0.0,0.0,0.0,0.0,0.0,0.0,0.0,0.0,0.0,0.0,0.0,0.0,0.0,3.0,1.0,33%,0.0,0.0,0.0,0.0,0.0,0.0,0.0,0.0,0.0,0,0,0,0,0,0,0,0,0,0,0,0,0.0,0.0
Killian Phillips,https://www.instagram.com/k.phillips6/,0,0.0,0.0,0.0,0.0,0.0,0.0,0.0,0%,0.0,0.0,0.0,0.0,0.0,0.0,0.0,0.0,0.0,0.0,0.0,0.0,0.0,0.0,0.0,0,0.0,0.0,0.0,0%,0.0,0.0,0.0,0.0,0.0,0.0,0.0,0.0,0.0,0.0,0.0,0.0,0.0,0.0,0.0,0%,0.0,0.0,0.0,0.0,0.0,0.0,0.0,0.0,0.0,0,0,0,0,0,0,0,0,0,0,0,0,0.0,0.0
Jaden Philogene,0,0,1.0,0.0,0.0,1.0,0.0,0.0,0.0,0,0.0,0.0,0.0,0.0,0.0,0.0,0.0,0.0,0.0,0.0,0.0,0.0,0.0,0.0,0.0,4,4.0,0.0,0.0,0,0.0,0.0,0.0,0.0,0.0,0.0,0.0,0.0,0.0,0.0,0.0,0.0,0.0,0.0,0.0,0%,0.0,0.0,0.0,0.0,0.0,0.0,0.0,0.0,0.0,0,0,0,0,0,0,0,0,0,0,0,0,0.0,0.0
Axel Piesold,0,0,0.0,0.0,0.0,0.0,0.0,0.0,0.0,0%,0.0,0.0,0.0,0.0,0.0,0.0,0.0,0.0,0.0,0.0,0.0,0.0,0.0,0.0,0.0,0,0.0,0.0,0.0,0%,0.0,0.0,0.0,0.0,0.0,0.0,0.0,0.0,0.0,0.0,0.0,0.0,0.0,0.0,0.0,0,0.0,0.0,0.0,0.0,0.0,0.0,0.0,0.0,0.0,0,0,0,0,0,0,0,0,0,0,0,0,0.0,0.0
Ethan Pinnock,https://twitter.com/EthanPinnock5,https://www.instagram.com/ethanpinnock_/,29.0,2.0,10.0,14.0,5.0,46.0,35.0,66%,0.0,3.0,43.0,167.0,80.0,0.0,131.0,165.0,73.0,6.0,114.0,51.0,0.0,1.0,0.0,"1,398",48.21,1.0,7.0,0%,0.0,71.0,1.0,0.0,4.0,0.0,2.0,0.0,0.0,0.0,0.0,0.0,0.0,0.0,0.0,0,0.0,0.0,0.0,0.0,0.0,0.0,0.0,0.0,0.0,0,0,0,0,0,0,0,0,0,0,0,0,0.0,0.0
Cameron Plain,0,0,0.0,0.0,0.0,0.0,0.0,0.0,0.0,0,0.0,0.0,0.0,0.0,0.0,0.0,0.0,0.0,0.0,0.0,0.0,0.0,0.0,0.0,0.0,0,0.0,0.0,0,0,0.0,0.0,0.0,0.0,0.0,0.0,0.0,0.0,0.0,0.0,0.0,0.0,0.0,0.0,0.0,0,0.0,0.0,0.0,0.0,0.0,0.0,0.0,0.0,0.0,0,0,0,0,0,0,0,0,0,0,0,0,0.0,0.0
Luke Plange,0,0,0.0,0.0,0.0,0.0,0.0,0.0,0.0,0,0.0,0.0,0.0,0.0,0.0,0.0,0.0,0.0,0.0,0.0,0.0,0.0,0.0,0.0,0.0,0,0.0,0.0,0.0,0,0.0,0.0,0.0,0.0,0.0,0.0,0.0,0.0,0.0,0.0,0.0,0.0,0.0,0.0,0.0,0%,0.0,0.0,0.0,0.0,0.0,0.0,0.0,0.0,0.0,0,0,0,0,0,0,0,0,0,0,0,0,0.0,0.0
Euan Pollock,0,0,0.0,0.0,0.0,0.0,0.0,0.0,0.0,0,0.0,0.0,0.0,0.0,0.0,0.0,0.0,0.0,0.0,0.0,0.0,0.0,0.0,0.0,0.0,0,0.0,0.0,0.0,0,0.0,0.0,0.0,0.0,0.0,0.0,0.0,0.0,0.0,0.0,0.0,0.0,0.0,0.0,0.0,0%,0.0,0.0,0.0,0.0,0.0,0.0,0.0,0.0,0.0,0,0,0,0,0,0,0,0,0,0,0,0,0.0,0.0
Alfie Pond,0,0,0.0,0.0,0.0,0.0,0.0,0.0,0.0,0%,0.0,0.0,0.0,0.0,0.0,0.0,0.0,0.0,0.0,0.0,0.0,0.0,0.0,0.0,0.0,0,0.0,0.0,0.0,0%,0.0,0.0,0.0,0.0,0.0,0.0,0.0,0.0,0.0,0.0,0.0,0.0,0.0,0.0,0.0,0,0.0,0.0,0.0,0.0,0.0,0.0,0.0,0.0,0.0,0,0,0,0,0,0,0,0,0,0,0,0,0.0,0.0
Pedro Porro,0,0,35.0,3.0,19.0,11.0,5.0,54.0,91.0,69%,1.0,15.0,34.0,80.0,32.0,0.0,199.0,159.0,147.0,26.0,17.0,14.0,0.0,1.0,7.0,"1,865",53.29,13.0,198.0,19%,14.0,77.0,3.0,0.0,37.0,1.0,0.0,3.0,0.0,2.0,0.0,0.0,0.0,0.0,0.0,0,0.0,0.0,0.0,0.0,0.0,0.0,0.0,0.0,0.0,0,0,0,0,0,0,0,0,0,0,0,0,0.0,0.0
Dan Potts,0,0,0.0,0.0,0.0,0.0,0.0,0.0,0.0,0%,0.0,0.0,0.0,0.0,0.0,0.0,0.0,0.0,0.0,0.0,0.0,0.0,0.0,0.0,0.0,0,0.0,0.0,0.0,0%,0.0,0.0,0.0,0.0,0.0,0.0,0.0,0.0,0.0,0.0,0.0,0.0,0.0,0.0,0.0,0,0.0,0.0,0.0,0.0,0.0,0.0,0.0,0.0,0.0,0,0,0,0,0,0,0,0,0,0,0,0,0.0,0.0
Josh Powell,0,0,0.0,0.0,0.0,0.0,0.0,0.0,0.0,0%,0.0,0.0,0.0,0.0,0.0,0.0,0.0,0.0,0.0,0.0,0.0,0.0,0.0,0.0,0.0,0,0.0,0.0,0.0,0%,0.0,0.0,0.0,0.0,0.0,0.0,0.0,0.0,0.0,0.0,0.0,0.0,0.0,0.0,0.0,0%,0.0,0.0,0.0,0.0,0.0,0.0,0.0,0.0,0.0,0,0,0,0,0,0,0,0,0,0,0,0,0.0,0.0
Aaron Pressley,0,0,0.0,0.0,0.0,0.0,0.0,0.0,0.0,0,0.0,0.0,0.0,0.0,0.0,0.0,0.0,0.0,0.0,0.0,0.0,0.0,0.0,0.0,0.0,0,0.0,0.0,0.0,0,0.0,0.0,0.0,0.0,0.0,0.0,0.0,0.0,0.0,0.0,0.0,0.0,0.0,0.0,0.0,0%,0.0,0.0,0.0,0.0,0.0,0.0,0.0,0.0,0.0,0,0,0,0,0,0,0,0,0,0,0,0,0.0,0.0
Isaac Price,0,0,0.0,0.0,0.0,0.0,0.0,0.0,0.0,0%,0.0,0.0,0.0,0.0,0.0,0.0,0.0,0.0,0.0,0.0,0.0,0.0,0.0,0.0,0.0,0,0.0,0.0,0.0,0%,0.0,0.0,0.0,0.0,0.0,0.0,0.0,0.0,0.0,0.0,0.0,0.0,0.0,0.0,0.0,0%,0.0,0.0,0.0,0.0,0.0,0.0,0.0,0.0,0.0,0,0,0,0,0,0,0,0,0,0,0,0,0.0,0.0
Sam Proctor,0,0,0.0,0.0,0.0,0.0,0.0,0.0,0.0,0,0.0,0.0,0.0,0.0,0.0,0.0,0.0,0.0,0.0,0.0,0.0,0.0,0.0,0.0,0.0,0,0.0,0.0,0,0,0.0,0.0,0.0,0.0,0.0,0.0,0.0,0.0,0.0,0.0,0.0,0.0,0.0,0.0,0.0,0,0.0,0.0,0.0,0.0,0.0,0.0,0.0,0.0,0.0,0,0,0,0,0,0,0,0,0,0,0,0,0.0,0.0
Christian Pulisic,0,0,0.0,0.0,0.0,0.0,0.0,0.0,0.0,0%,0.0,0.0,0.0,0.0,0.0,0.0,0.0,0.0,0.0,0.0,0.0,0.0,0.0,0.0,0.0,0,0.0,0.0,0.0,0%,0.0,0.0,0.0,0.0,0.0,0.0,0.0,0.0,0.0,0.0,0.0,0.0,0.0,0.0,0.0,0%,0.0,0.0,0.0,0.0,0.0,0.0,0.0,0.0,0.0,0,0,0,0,0,0,0,0,0,0,0,0,0.0,0.0
Logan Pye,0,0,0.0,0.0,0.0,0.0,0.0,0.0,0.0,0%,0.0,0.0,0.0,0.0,0.0,0.0,0.0,0.0,0.0,0.0,0.0,0.0,0.0,0.0,0.0,0,0.0,0.0,0.0,0%,0.0,0.0,0.0,0.0,0.0,0.0,0.0,0.0,0.0,0.0,0.0,0.0,0.0,0.0,0.0,0%,0.0,0.0,0.0,0.0,0.0,0.0,0.0,0.0,0.0,0,0,0,0,0,0,0,0,0,0,0,0,0.0,0.0
Jarell Quansah,0,0,17.0,2.0,12.0,1.0,2.0,15.0,25.0,88%,0.0,0.0,17.0,39.0,20.0,0.0,72.0,76.0,43.0,4.0,45.0,22.0,0.0,1.0,0.0,"1,165",68.53,0.0,0.0,0%,1.0,44.0,1.0,0.0,10.0,0.0,1.0,1.0,0.0,0.0,0.0,0.0,0.0,0.0,0.0,0,0.0,0.0,0.0,0.0,0.0,0.0,0.0,0.0,0.0,0,0,0,0,0,0,0,0,0,0,0,0,0.0,0.0
Andrei Radu,0,0,2.0,0.0,1.0,1.0,0.0,7.0,0.0,0,0.0,0.0,0.0,0.0,0.0,0.0,0.0,0.0,0.0,0.0,0.0,0.0,0.0,0.0,0.0,58,29.0,0.0,0,0,0.0,8.0,0.0,0.0,0.0,0.0,0.0,0.0,0.0,0.0,0.0,0.0,0.0,0.0,0.0,0,0.0,5.0,0.0,1.0,2.0,0.0,2.0,10.0,11.0,0,0,0,0,0,0,0,0,0,0,0,0,0.0,0.0
Jesurun Rak-Sakyi,0,0,6.0,0.0,0.0,4.0,0.0,0.0,4.0,25%,0.0,4.0,3.0,1.0,0.0,0.0,6.0,15.0,11.0,4.0,3.0,1.0,0.0,0.0,0.0,47,7.83,0.0,3.0,0%,0.0,1.0,0.0,0.0,1.0,0.0,0.0,0.0,0.0,0.0,0.0,0.0,0.0,5.0,1.0,20%,0.0,0.0,0.0,0.0,0.0,0.0,0.0,0.0,0.0,0,0,0,0,0,0,0,0,0,0,0,0,0.0,0.0
Calvin Ramsay,0,0,0.0,0.0,0.0,0.0,0.0,0.0,0.0,0%,0.0,0.0,0.0,0.0,0.0,0.0,0.0,0.0,0.0,0.0,0.0,0.0,0.0,0.0,0.0,0,0.0,0.0,0.0,0%,0.0,0.0,0.0,0.0,0.0,0.0,0.0,0.0,0.0,0.0,0.0,0.0,0.0,0.0,0.0,0,0.0,0.0,0.0,0.0,0.0,0.0,0.0,0.0,0.0,0,0,0,0,0,0,0,0,0,0,0,0,0.0,0.0
Aaron Ramsdale,https://twitter.com/AaronRamsdale98,https://www.instagram.com/aaronramsdale,6.0,0.0,5.0,0.0,2.0,5.0,0.0,0,0.0,0.0,0.0,0.0,0.0,0.0,0.0,0.0,0.0,0.0,0.0,0.0,0.0,1.0,0.0,158,26.33,0.0,0,0,0.0,23.0,0.0,0.0,0.0,0.0,0.0,0.0,0.0,0.0,0.0,0.0,0.0,0.0,0.0,0,0.0,9.0,0.0,0.0,7.0,0.0,3.0,30.0,19.0,0,0,0,0,0,0,0,0,0,0,0,0,0.0,0.0
Jacob Ramsey,https://www.instagram.com/jacobramseyy/?hl=en,0,16.0,1.0,11.0,3.0,0.0,0.0,16.0,50%,0.0,4.0,3.0,7.0,2.0,0.0,42.0,41.0,52.0,8.0,5.0,3.0,0.0,0.0,1.0,310,19.38,1.0,11.0,18%,3.0,0.0,2.0,0.0,7.0,0.0,0.0,1.0,0.0,0.0,0.06,0.0,0.0,19.0,5.0,26%,2.0,0.0,0.0,0.0,0.0,0.0,0.0,0.0,0.0,0,0,0,0,0,0,0,0,0,0,0,0,0.0,0.0
Marcus Rashford,https://www.facebook.com/MarcusRashford/,https://twitter.com/MarcusRashford,33.0,7.0,16.0,12.0,0.0,0.0,19.0,0,0.0,23.0,4.0,20.0,13.0,0.0,0.0,0.0,0.0,0.0,0.0,0.0,0.0,0.0,2.0,683,20.7,6.0,35.0,0,0.0,0.0,2.0,0.0,13.0,12.0,0.0,7.0,0.0,2.0,0.21,2.0,0.0,62.0,21.0,34%,7.0,0.0,0.0,0.0,0.0,0.0,0.0,0.0,0.0,0,0,0,0,0,0,0,0,0,0,0,0,0.0,0.0
David Raya,https://twitter.com/daviidraya1,https://www.instagram.com/d.raya1/,32.0,0.0,23.0,5.0,16.0,24.0,0.0,0,0.0,0.0,0.0,0.0,0.0,0.0,0.0,0.0,0.0,0.0,0.0,0.0,0.0,3.0,0.0,906,28.31,0.0,0,0,0.0,143.0,2.0,0.0,0.0,0.0,0.0,0.0,0.0,0.0,0.0,0.0,0.0,0.0,0.0,0,0.0,46.0,1.0,5.0,35.0,4.0,18.0,159.0,96.0,0,0,0,0,0,0,0,0,0,0,0,0,0.0,0.0
Jadan Raymond,0,0,0.0,0.0,0.0,0.0,0.0,0.0,0.0,0%,0.0,0.0,0.0,0.0,0.0,0.0,0.0,0.0,0.0,0.0,0.0,0.0,0.0,0.0,0.0,0,0.0,0.0,0.0,0%,0.0,0.0,0.0,0.0,0.0,0.0,0.0,0.0,0.0,0.0,0.0,0.0,0.0,0.0,0.0,0%,0.0,0.0,0.0,0.0,0.0,0.0,0.0,0.0,0.0,0,0,0,0,0,0,0,0,0,0,0,0,0.0,0.0
Glen Rea,0,0,0.0,0.0,0.0,0.0,0.0,0.0,0.0,0%,0.0,0.0,0.0,0.0,0.0,0.0,0.0,0.0,0.0,0.0,0.0,0.0,0.0,0.0,0.0,0,0.0,0.0,0.0,0%,0.0,0.0,0.0,0.0,0.0,0.0,0.0,0.0,0.0,0.0,0.0,0.0,0.0,0.0,0.0,0%,0.0,0.0,0.0,0.0,0.0,0.0,0.0,0.0,0.0,0,0,0,0,0,0,0,0,0,0,0,0,0.0,0.0
Tim Ream,0,0,18.0,1.0,6.0,8.0,3.0,29.0,20.0,45%,0.0,0.0,25.0,59.0,31.0,1.0,79.0,57.0,40.0,6.0,26.0,19.0,0.0,2.0,0.0,"1,058",58.78,0.0,1.0,0%,0.0,73.0,2.0,1.0,8.0,1.0,0.0,0.0,1.0,0.0,0.0,0.0,0.0,0.0,0.0,0,0.0,0.0,0.0,0.0,0.0,0.0,0.0,0.0,0.0,0,0,0,0,0,0,0,0,0,0,0,0,0.0,0.0
Harrison Reed,https://www.facebook.com/HarrisonReedOfficial,https://twitter.com/HarrisonReed,27.0,0.0,12.0,10.0,0.0,0.0,29.0,62%,0.0,2.0,11.0,22.0,8.0,0.0,72.0,53.0,75.0,5.0,10.0,13.0,0.0,0.0,2.0,722,26.74,2.0,19.0,21%,2.0,21.0,6.0,0.0,26.0,0.0,0.0,0.0,0.0,0.0,0.0,0.0,0.0,9.0,2.0,22%,0.0,0.0,0.0,0.0,0.0,0.0,0.0,0.0,0.0,0,0,0,0,0,0,0,0,0,0,0,0,0.0,0.0
Sergio Reguilón,https://twitter.com/sergio_regui,https://www.instagram.com/sergioregui/,25.0,0.0,8.0,13.0,3.0,28.0,58.0,48%,1.0,6.0,21.0,38.0,15.0,0.0,96.0,119.0,88.0,16.0,20.0,29.0,0.0,1.0,4.0,646,25.84,6.0,101.0,26%,1.0,23.0,7.0,1.0,14.0,4.0,0.0,0.0,0.0,1.0,0.0,0.0,0.0,0.0,0.0,0,0.0,0.0,0.0,0.0,0.0,0.0,0.0,0.0,0.0,0,0,0,0,0,0,0,0,0,0,0,0,0.0,0.0
Renan Lodi,0,0,0.0,0.0,0.0,0.0,0.0,0.0,0.0,0%,0.0,0.0,0.0,0.0,0.0,0.0,0.0,0.0,0.0,0.0,0.0,0.0,0.0,0.0,0.0,0,0.0,0.0,0.0,0%,0.0,0.0,0.0,0.0,0.0,0.0,0.0,0.0,0.0,0.0,0.0,0.0,0.0,0.0,0.0,0,0.0,0.0,0.0,0.0,0.0,0.0,0.0,0.0,0.0,0,0,0,0,0,0,0,0,0,0,0,0,0.0,0.0
Sebastian Revan,0,0,0.0,0.0,0.0,0.0,0.0,0.0,0.0,0%,0.0,0.0,0.0,0.0,0.0,0.0,0.0,0.0,0.0,0.0,0.0,0.0,0.0,0.0,0.0,0,0.0,0.0,0.0,0%,0.0,0.0,0.0,0.0,0.0,0.0,0.0,0.0,0.0,0.0,0.0,0.0,0.0,0.0,0.0,0,0.0,0.0,0.0,0.0,0.0,0.0,0.0,0.0,0.0,0,0,0,0,0,0,0,0,0,0,0,0,0.0,0.0
Giovanni Reyna,0,0,9.0,0.0,1.0,5.0,0.0,0.0,7.0,43%,0.0,1.0,2.0,0.0,0.0,0.0,14.0,19.0,23.0,3.0,7.0,9.0,0.0,0.0,1.0,129,14.33,0.0,8.0,25%,0.0,4.0,0.0,0.0,3.0,0.0,0.0,0.0,0.0,0.0,0.0,0.0,0.0,5.0,2.0,40%,0.0,0.0,0.0,0.0,0.0,0.0,0.0,0.0,0.0,0,0,0,0,0,0,0,0,0,0,0,0,0.0,0.0
Declan Rice,https://twitter.com/_DeclanRice,https://www.instagram.com/declanrice/,38.0,7.0,28.0,5.0,0.0,0.0,83.0,61%,0.0,23.0,44.0,51.0,29.0,0.0,178.0,156.0,143.0,21.0,39.0,46.0,0.0,0.0,8.0,"2,227",58.61,9.0,60.0,35%,2.0,78.0,5.0,0.0,34.0,2.0,2.0,5.0,0.0,2.0,0.18,0.0,0.0,58.0,20.0,34%,2.0,0.0,0.0,0.0,0.0,0.0,0.0,0.0,0.0,0,0,0,0,0,0,0,0,0,0,0,0,0.0,0.0
Dujuan Richards,0,0,0.0,0.0,0.0,0.0,0.0,0.0,0.0,0,0.0,0.0,0.0,0.0,0.0,0.0,0.0,0.0,0.0,0.0,0.0,0.0,0.0,0.0,0.0,0,0.0,0.0,0.0,0,0.0,0.0,0.0,0.0,0.0,0.0,0.0,0.0,0.0,0.0,0.0,0.0,0.0,0.0,0.0,0%,0.0,0.0,0.0,0.0,0.0,0.0,0.0,0.0,0.0,0,0,0,0,0,0,0,0,0,0,0,0,0.0,0.0
Richarlison,https://www.facebook.com/richarlison9/,https://twitter.com/richarlison97?s=20,28.0,11.0,15.0,7.0,0.0,0.0,16.0,0,0.0,15.0,8.0,23.0,16.0,0.0,0.0,0.0,0.0,0.0,0.0,0.0,0.0,0.0,4.0,374,13.36,3.0,14.0,0,0.0,0.0,3.0,0.0,20.0,12.0,3.0,4.0,4.0,1.0,0.39,0.0,0.0,62.0,25.0,40%,7.0,0.0,0.0,0.0,0.0,0.0,0.0,0.0,0.0,0,0,0,0,0,0,0,0,0,0,0,0,0.0,0.0
Jairo Riedewald,0,0,9.0,0.0,6.0,0.0,0.0,0.0,9.0,33%,0.0,0.0,2.0,2.0,1.0,0.0,14.0,15.0,11.0,1.0,3.0,2.0,0.0,0.0,0.0,108,12.0,0.0,3.0,0%,0.0,4.0,0.0,0.0,3.0,0.0,0.0,0.0,0.0,0.0,0.0,0.0,0.0,1.0,0.0,0%,0.0,0.0,0.0,0.0,0.0,0.0,0.0,0.0,0.0,0,0,0,0,0,0,0,0,0,0,0,0,0.0,0.0
Roberto Firmino,0,0,0.0,0.0,0.0,0.0,0.0,0.0,0.0,0,0.0,0.0,0.0,0.0,0.0,0.0,0.0,0.0,0.0,0.0,0.0,0.0,0.0,0.0,0.0,0,0.0,0.0,0.0,0,0.0,0.0,0.0,0.0,0.0,0.0,0.0,0.0,0.0,0.0,0.0,0.0,0.0,0.0,0.0,0%,0.0,0.0,0.0,0.0,0.0,0.0,0.0,0.0,0.0,0,0,0,0,0,0,0,0,0,0,0,0,0.0,0.0
Haydon Roberts,0,0,0.0,0.0,0.0,0.0,0.0,0.0,0.0,0%,0.0,0.0,0.0,0.0,0.0,0.0,0.0,0.0,0.0,0.0,0.0,0.0,0.0,0.0,0.0,0,0.0,0.0,0.0,0%,0.0,0.0,0.0,0.0,0.0,0.0,0.0,0.0,0.0,0.0,0.0,0.0,0.0,0.0,0.0,0,0.0,0.0,0.0,0.0,0.0,0.0,0.0,0.0,0.0,0,0,0,0,0,0,0,0,0,0,0,0,0.0,0.0
Andy Robertson,https://twitter.com/andrewrobertso5,https://www.instagram.com/andyrobertson94/,275.0,3.0,157.0,58.0,78.0,273.0,425.0,64%,4.0,35.0,264.0,475.0,201.0,6.0,0.0,861.0,794.0,170.0,182.0,171.0,0.0,2.0,59.0,"15,868",57.7,80.0,"1,502",22%,15.0,562.0,2.0,0.0,9.0,3.0,0.0,1.0,2.0,0.0,0.0,0.0,0.0,0.0,0.0,0,0.0,0.0,0.0,0.0,0.0,0.0,0.0,0.0,0.0,0,0,0,0,0,0,0,0,0,0,0,0,0.0,0.0
Antonee Robinson,0,0,37.0,0.0,12.0,17.0,7.0,60.0,93.0,62%,0.0,6.0,80.0,109.0,65.0,2.0,227.0,192.0,169.0,37.0,42.0,27.0,2.0,1.0,6.0,"1,629",44.03,6.0,132,23%,1.0,101.0,6.0,0.0,34.0,3.0,0.0,0.0,0.0,0.0,0.0,0.0,0.0,0.0,0.0,0,0.0,0.0,0.0,0.0,0.0,0.0,0.0,0.0,0.0,0,0,0,0,0,0,0,0,0,0,0,0,0.0,0.0
Max Robson,0,0,0.0,0.0,0.0,0.0,0.0,0.0,0.0,0%,0.0,0.0,0.0,0.0,0.0,0.0,0.0,0.0,0.0,0.0,0.0,0.0,0.0,0.0,0.0,0,0.0,0.0,0,0%,0.0,0.0,0.0,0.0,0.0,0.0,0.0,0.0,0.0,0.0,0.0,0.0,0.0,0.0,0.0,0%,0.0,0.0,0.0,0.0,0.0,0.0,0.0,0.0,0.0,0,0,0,0,0,0,0,0,0,0,0,0,0.0,0.0
Kaden Rodney,0,0,0.0,0.0,0.0,0.0,0.0,0.0,0.0,0%,0.0,0.0,0.0,0.0,0.0,0.0,0.0,0.0,0.0,0.0,0.0,0.0,0.0,0.0,0.0,0,0.0,0.0,0,0%,0.0,0.0,0.0,0.0,0.0,0.0,0.0,0.0,0.0,0.0,0.0,0.0,0.0,0.0,0.0,0%,0.0,0.0,0.0,0.0,0.0,0.0,0.0,0.0,0.0,0,0,0,0,0,0,0,0,0,0,0,0,0.0,0.0
Joe Rodon,0,0,0.0,0.0,0.0,0.0,0.0,0.0,0.0,0%,0.0,0.0,0.0,0.0,0.0,0.0,0.0,0.0,0.0,0.0,0.0,0.0,0.0,0.0,0.0,0,0.0,0.0,0,0%,0.0,0.0,0.0,0.0,0.0,0.0,0.0,0.0,0.0,0.0,0.0,0.0,0.0,0.0,0.0,0,0.0,0.0,0.0,0.0,0.0,0.0,0.0,0.0,0.0,0,0,0,0,0,0,0,0,0,0,0,0,0.0,0.0
Rodri,0,0,34.0,8.0,27.0,0.0,0.0,0.0,70.0,61%,0.0,16.0,26.0,40.0,27.0,0.0,235.0,201.0,139.0,42.0,55.0,23.0,0.0,1.0,9.0,"3,633",106.85,8.0,12,0%,15.0,241.0,8.0,1.0,41.0,6.0,0.0,5.0,3.0,0.0,0.24,0.0,0.0,62.0,22.0,35%,2.0,0.0,0.0,0.0,0.0,0.0,0.0,0.0,0.0,0,0,0,0,0,0,0,0,0,0,0,0,0.0,0.0
Rodrigo Muniz,0,0,26.0,9.0,7.0,13.0,0.0,0.0,7.0,0,0.0,17.0,6.0,20.0,19.0,0.0,0.0,0.0,0.0,0.0,0.0,0.0,0.0,0.0,1.0,219,8.42,2.0,2,0,0.0,0.0,1.0,0.0,24.0,4.0,2.0,7.0,0.0,3.0,0.35,0.0,0.0,73.0,27.0,37%,4.0,0.0,0.0,0.0,0.0,0.0,0.0,0.0,0.0,0,0,0,0,0,0,0,0,0,0,0,0,0.0,0.0
Rodrigo Ribeiro,0,0,4.0,0.0,1.0,1.0,0.0,0.0,0.0,0,0.0,0.0,1.0,0.0,0.0,0.0,0.0,0.0,0.0,0.0,0.0,0.0,0.0,0.0,0.0,8,2.0,0.0,0,0,0.0,0.0,0.0,0.0,1.0,0.0,0.0,0.0,0.0,0.0,0.0,0.0,0.0,0.0,0.0,0%,0.0,0.0,0.0,0.0,0.0,0.0,0.0,0.0,0.0,0,0,0,0,0,0,0,0,0,0,0,0,0.0,0.0
Mads Roerslev,https://www.instagram.com/madsroerslev/,0,34.0,1.0,10.0,17.0,4.0,40.0,48.0,65%,1.0,2.0,19.0,61.0,26.0,0.0,82.0,88.0,94.0,11.0,15.0,27.0,0.0,0.0,2.0,605,17.79,3.0,62,39%,1.0,22.0,1.0,0.0,10.0,3.0,0.0,1.0,0.0,0.0,0.0,0.0,0.0,0.0,0.0,0,0.0,0.0,0.0,0.0,0.0,0.0,0.0,0.0,0.0,0,0,0,0,0,0,0,0,0,0,0,0,0.0,0.0
Morgan Rogers,0,0,11.0,3.0,6.0,2.0,0.0,0.0,8.0,0,0.0,3.0,3.0,8.0,6.0,0.0,0.0,0.0,0.0,0.0,0.0,0.0,0.0,0.0,1.0,188,17.09,1.0,2,0,0.0,0.0,3.0,0.0,12.0,0.0,0.0,2.0,1.0,0.0,0.27,0.0,0.0,11.0,5.0,45%,1.0,0.0,0.0,0.0,0.0,0.0,0.0,0.0,0.0,0,0,0,0,0,0,0,0,0,0,0,0,0.0,0.0
Cristian Romero,https://www.instagram.com/cutiromero2/,0,33.0,5.0,19.0,9.0,7.0,42.0,66.0,61%,3.0,4.0,44.0,100.0,57.0,1.0,189.0,182.0,86.0,5.0,90.0,39.0,1.0,0.0,0.0,"2,586",78.36,1.0,3,0%,6.0,60.0,7.0,1.0,31.0,1.0,3.0,2.0,0.0,2.0,0.0,0.0,0.0,0.0,0.0,0,0.0,0.0,0.0,0.0,0.0,0.0,0.0,0.0,0.0,0,0,0,0,0,0,0,0,0,0,0,0,0.0,0.0
Joe Rothwell,0,0,11.0,0.0,4.0,6.0,0.0,0.0,7.0,29%,0.0,1.0,3.0,2.0,0.0,0.0,32.0,16.0,18.0,7.0,0.0,2.0,0.0,0.0,0.0,202,18.36,0.0,12,17%,0.0,3.0,0.0,0.0,4.0,0.0,0.0,0.0,0.0,1.0,0.0,0.0,0.0,2.0,0.0,0%,0.0,0.0,0.0,0.0,0.0,0.0,0.0,0.0,0.0,0,0,0,0,0,0,0,0,0,0,0,0,0.0,0.0
Rúben Dias,https://www.facebook.com/RubenDias03,https://www.instagram.com/rubendias/?hl=en,30.0,0.0,21.0,3.0,9.0,28.0,39.0,51%,0.0,6.0,30.0,75.0,32.0,2.0,108.0,101.0,79.0,0.0,47.0,43.0,1.0,0.0,0.0,"2,608",86.93,1.0,13,31%,2.0,84.0,0.0,0.0,23.0,0.0,0.0,0.0,0.0,1.0,0.0,0.0,0.0,0.0,0.0,0,0.0,0.0,0.0,0.0,0.0,0.0,0.0,0.0,0.0,0,0,0,0,0,0,0,0,0,0,0,0,0.0,0.0
Rúben Neves,0,0,0.0,0.0,0.0,0.0,0.0,0.0,0.0,0%,0.0,0.0,0.0,0.0,0.0,0.0,0.0,0.0,0.0,0.0,0.0,0.0,0.0,0.0,0.0,0,0.0,0.0,0,0%,0.0,0.0,0.0,0.0,0.0,0.0,0.0,0.0,0.0,0.0,0.0,0.0,0.0,0.0,0.0,0%,0.0,0.0,0.0,0.0,0.0,0.0,0.0,0.0,0.0,0,0,0,0,0,0,0,0,0,0,0,0,0.0,0.0
Rúben Vinagre,0,0,0.0,0.0,0.0,0.0,0.0,0.0,0.0,0%,0.0,0.0,0.0,0.0,0.0,0.0,0.0,0.0,0.0,0.0,0.0,0.0,0.0,0.0,0.0,0,0.0,0.0,0,0%,0.0,0.0,0.0,0.0,0.0,0.0,0.0,0.0,0.0,0.0,0.0,0.0,0.0,0.0,0.0,0,0.0,0.0,0.0,0.0,0.0,0.0,0.0,0.0,0.0,0,0,0,0,0,0,0,0,0,0,0,0,0.0,0.0
Rúnar Rúnarsson,0,0,0.0,0.0,0.0,0.0,0.0,0.0,0.0,0,0.0,0.0,0.0,0.0,0.0,0.0,0.0,0.0,0.0,0.0,0.0,0.0,0.0,0.0,0.0,0,0.0,0.0,0,0,0.0,0.0,0.0,0.0,0.0,0.0,0.0,0.0,0.0,0.0,0.0,0.0,0.0,0.0,0.0,0,0.0,0.0,0.0,0.0,0.0,0.0,0.0,0.0,0.0,0,0,0,0,0,0,0,0,0,0,0,0,0.0,0.0
Carl Rushworth,0,0,0.0,0.0,0.0,0.0,0.0,0.0,0.0,0,0.0,0.0,0.0,0.0,0.0,0.0,0.0,0.0,0.0,0.0,0.0,0.0,0.0,0.0,0.0,0,0.0,0.0,0,0,0.0,0.0,0.0,0.0,0.0,0.0,0.0,0.0,0.0,0.0,0.0,0.0,0.0,0.0,0.0,0,0.0,0.0,0.0,0.0,0.0,0.0,0.0,0.0,0.0,0,0,0,0,0,0,0,0,0,0,0,0,0.0,0.0
Marcel Sabitzer,0,0,0.0,0.0,0.0,0.0,0.0,0.0,0.0,0%,0.0,0.0,0.0,0.0,0.0,0.0,0.0,0.0,0.0,0.0,0.0,0.0,0.0,0.0,0.0,0,0.0,0.0,0,0%,0.0,0.0,0.0,0.0,0.0,0.0,0.0,0.0,0.0,0.0,0.0,0.0,0.0,0.0,0.0,0%,0.0,0.0,0.0,0.0,0.0,0.0,0.0,0.0,0.0,0,0,0,0,0,0,0,0,0,0,0,0,0.0,0.0
Sai Sachdev,0,0,0.0,0.0,0.0,0.0,0.0,0.0,0.0,0%,0.0,0.0,0.0,0.0,0.0,0.0,0.0,0.0,0.0,0.0,0.0,0.0,0.0,0.0,0.0,0,0.0,0.0,0,0%,0.0,0.0,0.0,0.0,0.0,0.0,0.0,0.0,0.0,0.0,0.0,0.0,0.0,0.0,0.0,0,0.0,0.0,0.0,0.0,0.0,0.0,0.0,0.0,0.0,0,0,0,0,0,0,0,0,0,0,0,0,0.0,0.0
Dominic Sadi,0,0,1.0,0.0,1.0,0.0,0.0,0.0,0.0,0%,0.0,0.0,0.0,0.0,0.0,0.0,0.0,0.0,1.0,0.0,0.0,1.0,0.0,0.0,0.0,1,1.0,0.0,0,0%,0.0,0.0,0.0,0.0,0.0,0.0,0.0,0.0,0.0,0.0,0.0,0.0,0.0,0.0,0.0,0%,0.0,0.0,0.0,0.0,0.0,0.0,0.0,0.0,0.0,0,0,0,0,0,0,0,0,0,0,0,0,0.0,0.0
Charles Sagoe Jr,0,0,0.0,0.0,0.0,0.0,0.0,0.0,0.0,0,0.0,0.0,0.0,0.0,0.0,0.0,0.0,0.0,0.0,0.0,0.0,0.0,0.0,0.0,0.0,0,0.0,0.0,0,0,0.0,0.0,0.0,0.0,0.0,0.0,0.0,0.0,0.0,0.0,0.0,0.0,0.0,0.0,0.0,0%,0.0,0.0,0.0,0.0,0.0,0.0,0.0,0.0,0.0,0,0,0,0,0,0,0,0,0,0,0,0,0.0,0.0
Allan Saint-Maximin,0,0,0.0,0.0,0.0,0.0,0.0,0.0,0.0,0,0.0,0.0,0.0,0.0,0.0,0.0,0.0,0.0,0.0,0.0,0.0,0.0,0.0,0.0,0.0,0,0.0,0.0,0,0,0.0,0.0,0.0,0.0,0.0,0.0,0.0,0.0,0.0,0.0,0.0,0.0,0.0,0.0,0.0,0%,0.0,0.0,0.0,0.0,0.0,0.0,0.0,0.0,0.0,0,0,0,0,0,0,0,0,0,0,0,0,0.0,0.0
Bukayo Saka,https://www.facebook.com/BukayoSakaOfficial,https://twitter.com/BukayoSaka87,35.0,16.0,25.0,5.0,0.0,0.0,66.0,0,0.0,44.0,15.0,19.0,6.0,0.0,0.0,0.0,0.0,0.0,0.0,0.0,0.0,0.0,9.0,"1,310",37.43,15.0,181,0,0.0,0.0,4.0,0.0,41.0,8.0,1.0,4.0,11.0,3.0,0.46,6.0,0.0,108.0,37.0,34%,11.0,0.0,0.0,0.0,0.0,0.0,0.0,0.0,0.0,0,0,0,0,0,0,0,0,0,0,0,0,0.0,0.0
William Saliba,https://www.instagram.com/w.saliba4/,0,38.0,2.0,28.0,5.0,18.0,29.0,41.0,63%,4.0,4.0,29.0,78.0,46.0,0.0,213.0,139.0,94.0,10.0,72.0,49.0,0.0,0.0,1.0,"2,839",74.71,0.0,3,33%,3.0,68.0,4.0,0.0,22.0,0.0,2.0,0.0,0.0,0.0,0.0,0.0,0.0,0.0,0.0,0,0.0,0.0,0.0,0.0,0.0,0.0,0.0,0.0,0.0,0,0,0,0,0,0,0,0,0,0,0,0,0.0,0.0
Albert Sambi Lokonga,0,0,17.0,1.0,3.0,10.0,0.0,0.0,29.0,62%,0.0,4.0,11.0,14.0,2.0,0.0,64.0,82.0,52.0,11.0,16.0,9.0,0.0,0.0,3.0,740,43.53,2.0,13,8%,5.0,41.0,4.0,0.0,18.0,0.0,1.0,0.0,0.0,0.0,0.06,0.0,0.0,8.0,2.0,25%,0.0,0.0,0.0,0.0,0.0,0.0,0.0,0.0,0.0,0,0,0,0,0,0,0,0,0,0,0,0,0.0,0.0
Imari Samuels,0,0,0.0,0.0,0.0,0.0,0.0,0.0,0.0,0%,0.0,0.0,0.0,0.0,0.0,0.0,0.0,0.0,0.0,0.0,0.0,0.0,0.0,0.0,0.0,0,0.0,0.0,0,0%,0.0,0.0,0.0,0.0,0.0,0.0,0.0,0.0,0.0,0.0,0.0,0.0,0.0,0.0,0.0,0,0.0,0.0,0.0,0.0,0.0,0.0,0.0,0.0,0.0,0,0,0,0,0,0,0,0,0,0,0,0,0.0,0.0
Ishé Samuels-Smith,0,0,0.0,0.0,0.0,0.0,0.0,0.0,0.0,0%,0.0,0.0,0.0,0.0,0.0,0.0,0.0,0.0,0.0,0.0,0.0,0.0,0.0,0.0,0.0,0,0.0,0.0,0,0%,0.0,0.0,0.0,0.0,0.0,0.0,0.0,0.0,0.0,0.0,0.0,0.0,0.0,0.0,0.0,0,0.0,0.0,0.0,0.0,0.0,0.0,0.0,0.0,0.0,0,0,0,0,0,0,0,0,0,0,0,0,0.0,0.0
Robert Sánchez,https://www.instagram.com/robertsanchez_1/,0,16.0,0.0,5.0,7.0,3.0,25.0,0.0,0,0.0,0.0,0.0,0.0,0.0,0.0,0.0,0.0,0.0,0.0,0.0,0.0,0.0,1.0,0.0,520,32.5,0.0,0,0,0.0,85.0,2.0,0.0,0.0,0.0,0.0,0.0,0.0,0.0,0.0,0.0,0.0,0.0,0.0,0,0.0,53.0,1.0,2.0,17.0,2.0,13.0,87.0,91.0,0,0,0,0,0,0,0,0,0,0,0,0,0.0,0.0
Jadon Sancho,https://www.instagram.com/sanchooo10/,0,3.0,0.0,2.0,1.0,0.0,0.0,1.0,0,0.0,0.0,1.0,0.0,0.0,0.0,0.0,0.0,0.0,0.0,0.0,0.0,0.0,0.0,0.0,41,13.67,0.0,1,0,0.0,0.0,0.0,0.0,0.0,1.0,0.0,0.0,0.0,0.0,0.0,0.0,0.0,0.0,0.0,0%,0.0,0.0,0.0,0.0,0.0,0.0,0.0,0.0,0.0,0,0,0,0,0,0,0,0,0,0,0,0,0.0,0.0
Dion Sanderson,0,0,0.0,0.0,0.0,0.0,0.0,0.0,0.0,0%,0.0,0.0,0.0,0.0,0.0,0.0,0.0,0.0,0.0,0.0,0.0,0.0,0.0,0.0,0.0,0,0.0,0.0,0,0%,0.0,0.0,0.0,0.0,0.0,0.0,0.0,0.0,0.0,0.0,0.0,0.0,0.0,0.0,0.0,0,0.0,0.0,0.0,0.0,0.0,0.0,0.0,0.0,0.0,0,0,0,0,0,0,0,0,0,0,0,0,0.0,0.0
Ibrahim Sangaré,0,0,17.0,0.0,3.0,8.0,0.0,0.0,42.0,55%,0.0,3.0,16.0,19.0,8.0,0.0,70.0,65.0,69.0,6.0,9.0,16.0,0.0,0.0,0.0,419,24.65,0.0,2,0%,3.0,23.0,6.0,0.0,22.0,2.0,0.0,0.0,0.0,0.0,0.0,0.0,0.0,8.0,0.0,0%,1.0,0.0,0.0,0.0,0.0,0.0,0.0,0.0,0.0,0,0,0,0,0,0,0,0,0,0,0,0,0.0,0.0
Morgan Sanson,0,0,0.0,0.0,0.0,0.0,0.0,0.0,0.0,0%,0.0,0.0,0.0,0.0,0.0,0.0,0.0,0.0,0.0,0.0,0.0,0.0,0.0,0.0,0.0,0,0.0,0.0,0,0%,0.0,0.0,0.0,0.0,0.0,0.0,0.0,0.0,0.0,0.0,0.0,0.0,0.0,0.0,0.0,0%,0.0,0.0,0.0,0.0,0.0,0.0,0.0,0.0,0.0,0,0,0,0,0,0,0,0,0,0,0,0,0.0,0.0
Yago Santiago,0,0,0.0,0.0,0.0,0.0,0.0,0.0,0.0,0,0.0,0.0,0.0,0.0,0.0,0.0,0.0,0.0,0.0,0.0,0.0,0.0,0.0,0.0,0.0,0,0.0,0.0,0,0,0.0,0.0,0.0,0.0,0.0,0.0,0.0,0.0,0.0,0.0,0.0,0.0,0.0,0.0,0.0,0%,0.0,0.0,0.0,0.0,0.0,0.0,0.0,0.0,0.0,0,0,0,0,0,0,0,0,0,0,0,0,0.0,0.0
Pablo Sarabia,https://www.instagram.com/pablosarabia92/?hl=en,0,30.0,4.0,12.0,14.0,0.0,0.0,20.0,65%,0.0,15.0,10.0,6.0,3.0,0.0,90.0,69.0,110.0,17.0,7.0,22.0,0.0,0.0,7.0,829,27.63,9.0,131,29%,9.0,33.0,5.0,0.0,21.0,9.0,1.0,0.0,3.0,0.0,0.13,2.0,0.0,46.0,18.0,39%,4.0,0.0,0.0,0.0,0.0,0.0,0.0,0.0,0.0,0,0,0,0,0,0,0,0,0,0,0,0,0.0,0.0
Matija Sarkic,0,0,0.0,0.0,0.0,0.0,0.0,0.0,0.0,0,0.0,0.0,0.0,0.0,0.0,0.0,0.0,0.0,0.0,0.0,0.0,0.0,0.0,0.0,0.0,0,0.0,0.0,0,0,0.0,0.0,0.0,0.0,0.0,0.0,0.0,0.0,0.0,0.0,0.0,0.0,0.0,0.0,0.0,0,0.0,0.0,0.0,0.0,0.0,0.0,0.0,0.0,0.0,0,0,0,0,0,0,0,0,0,0,0,0,0.0,0.0
Jeremy Sarmiento,https://www.instagram.com/jeremy7official/,0,0.0,0.0,0.0,0.0,0.0,0.0,0.0,0,0.0,0.0,0.0,0.0,0.0,0.0,0.0,0.0,0.0,0.0,0.0,0.0,0.0,0.0,0.0,0,0.0,0.0,0,0,0.0,0.0,0.0,0.0,0.0,0.0,0.0,0.0,0.0,0.0,0.0,0.0,0.0,0.0,0.0,0%,0.0,0.0,0.0,0.0,0.0,0.0,0.0,0.0,0.0,0,0,0,0,0,0,0,0,0,0,0,0,0.0,0.0
Malang Sarr,0,0,0.0,0.0,0.0,0.0,0.0,0.0,0.0,0%,0.0,0.0,0.0,0.0,0.0,0.0,0.0,0.0,0.0,0.0,0.0,0.0,0.0,0.0,0.0,0,0.0,0.0,0,0%,0.0,0.0,0.0,0.0,0.0,0.0,0.0,0.0,0.0,0.0,0.0,0.0,0.0,0.0,0.0,0,0.0,0.0,0.0,0.0,0.0,0.0,0.0,0.0,0.0,0,0,0,0,0,0,0,0,0,0,0,0,0.0,0.0
Dovydas Sasnauskas,0,0,0.0,0.0,0.0,0.0,0.0,0.0,0.0,0%,0.0,0.0,0.0,0.0,0.0,0.0,0.0,0.0,0.0,0.0,0.0,0.0,0.0,0.0,0.0,0,0.0,0.0,0,0%,0.0,0.0,0.0,0.0,0.0,0.0,0.0,0.0,0.0,0.0,0.0,0.0,0.0,0.0,0.0,0,0.0,0.0,0.0,0.0,0.0,0.0,0.0,0.0,0.0,0,0,0,0,0,0,0,0,0,0,0,0,0.0,0.0
Dan Sassi,0,0,0.0,0.0,0.0,0.0,0.0,0.0,0.0,0%,0.0,0.0,0.0,0.0,0.0,0.0,0.0,0.0,0.0,0.0,0.0,0.0,0.0,0.0,0.0,0,0.0,0.0,0,0%,0.0,0.0,0.0,0.0,0.0,0.0,0.0,0.0,0.0,0.0,0.0,0.0,0.0,0.0,0.0,0,0.0,0.0,0.0,0.0,0.0,0.0,0.0,0.0,0.0,0,0,0,0,0,0,0,0,0,0,0,0,0.0,0.0
Charlie Savage,0,0,0.0,0.0,0.0,0.0,0.0,0.0,0.0,0%,0.0,0.0,0.0,0.0,0.0,0.0,0.0,0.0,0.0,0.0,0.0,0.0,0.0,0.0,0.0,0,0.0,0.0,0,0%,0.0,0.0,0.0,0.0,0.0,0.0,0.0,0.0,0.0,0.0,0.0,0.0,0.0,0.0,0.0,0%,0.0,0.0,0.0,0.0,0.0,0.0,0.0,0.0,0.0,0,0,0,0,0,0,0,0,0,0,0,0,0.0,0.0
Charlie Sayers,0,0,0.0,0.0,0.0,0.0,0.0,0.0,0.0,0%,0.0,0.0,0.0,0.0,0.0,0.0,0.0,0.0,0.0,0.0,0.0,0.0,0.0,0.0,0.0,0,0.0,0.0,0,0%,0.0,0.0,0.0,0.0,0.0,0.0,0.0,0.0,0.0,0.0,0.0,0.0,0.0,0.0,0.0,0,0.0,0.0,0.0,0.0,0.0,0.0,0.0,0.0,0.0,0,0,0,0,0,0,0,0,0,0,0,0,0.0,0.0
Gianluca Scamacca,0,0,0.0,0.0,0.0,0.0,0.0,0.0,0.0,0,0.0,0.0,0.0,0.0,0.0,0.0,0.0,0.0,0.0,0.0,0.0,0.0,0.0,0.0,0.0,0,0.0,0.0,0,0,0.0,0.0,0.0,0.0,0.0,0.0,0.0,0.0,0.0,0.0,0.0,0.0,0.0,0.0,0.0,0%,0.0,0.0,0.0,0.0,0.0,0.0,0.0,0.0,0.0,0,0,0,0,0,0,0,0,0,0,0,0,0.0,0.0
Calum Scanlon,0,0,0.0,0.0,0.0,0.0,0.0,0.0,0.0,0%,0.0,0.0,0.0,0.0,0.0,0.0,0.0,0.0,0.0,0.0,0.0,0.0,0.0,0.0,0.0,0,0.0,0.0,0,0%,0.0,0.0,0.0,0.0,0.0,0.0,0.0,0.0,0.0,0.0,0.0,0.0,0.0,0.0,0.0,0,0.0,0.0,0.0,0.0,0.0,0.0,0.0,0.0,0.0,0,0,0,0,0,0,0,0,0,0,0,0,0.0,0.0
Ollie Scarles,0,0,0.0,0.0,0.0,0.0,0.0,0.0,0.0,0%,0.0,0.0,0.0,0.0,0.0,0.0,0.0,0.0,0.0,0.0,0.0,0.0,0.0,0.0,0.0,0,0.0,0.0,0,0%,0.0,0.0,0.0,0.0,0.0,0.0,0.0,0.0,0.0,0.0,0.0,0.0,0.0,0.0,0.0,0%,0.0,0.0,0.0,0.0,0.0,0.0,0.0,0.0,0.0,0,0,0,0,0,0,0,0,0,0,0,0,0.0,0.0
Dane Scarlett,0,0,4.0,0.0,4.0,0.0,0.0,0.0,1.0,0,0.0,0.0,0.0,0.0,0.0,0.0,0.0,0.0,0.0,0.0,0.0,0.0,0.0,0.0,0.0,3,0.75,0.0,0,0,0.0,0.0,0.0,0.0,1.0,0.0,0.0,0.0,0.0,0.0,0.0,0.0,0.0,0.0,0.0,0%,0.0,0.0,0.0,0.0,0.0,0.0,0.0,0.0,0.0,0,0,0,0,0,0,0,0,0,0,0,0,0.0,0.0
Kevin Schade,0,0,11.0,2.0,4.0,3.0,0.0,0.0,3.0,33%,0.0,1.0,1.0,4.0,3.0,0.0,23.0,28.0,44.0,2.0,17.0,14.0,0.0,0.0,1.0,88,8.0,2.0,5,40%,1.0,0.0,0.0,0.0,10.0,2.0,0.0,2.0,0.0,1.0,0.18,0.0,0.0,8.0,4.0,50%,2.0,0.0,0.0,0.0,0.0,0.0,0.0,0.0,0.0,0,0,0,0,0,0,0,0,0,0,0,0,0.0,0.0
Fabian Schär,https://www.facebook.com/fabianschaer1/,https://twitter.com/fabianschaer,36.0,4.0,17.0,14.0,8.0,58.0,42.0,57%,1.0,12.0,36.0,131.0,50.0,1.0,174.0,150.0,149.0,13.0,70.0,72.0,0.0,0.0,1.0,"2,106",58.5,2.0,8,38%,6.0,185.0,5.0,0.0,38.0,0.0,1.0,3.0,0.0,0.0,0.0,0.0,0.0,0.0,0.0,0,0.0,0.0,0.0,0.0,0.0,0.0,0.0,0.0,0.0,0,0,0,0,0,0,0,0,0,0,0,0,0.0,0.0
Kjell Scherpen,0,0,0.0,0.0,0.0,0.0,0.0,0.0,0.0,0,0.0,0.0,0.0,0.0,0.0,0.0,0.0,0.0,0.0,0.0,0.0,0.0,0.0,0.0,0.0,0,0.0,0.0,0,0,0.0,0.0,0.0,0.0,0.0,0.0,0.0,0.0,0.0,0.0,0.0,0.0,0.0,0.0,0.0,0,0.0,0.0,0.0,0.0,0.0,0.0,0.0,0.0,0.0,0,0,0,0,0,0,0,0,0,0,0,0,0.0,0.0
Alex Scott,0,0,23.0,1.0,8.0,11.0,0.0,0.0,24.0,63%,0.0,5.0,12.0,17.0,9.0,0.0,63.0,76.0,89.0,13.0,17.0,22.0,0.0,1.0,1.0,432,18.78,4.0,36,19%,2.0,15.0,3.0,0.0,20.0,1.0,0.0,0.0,1.0,0.0,0.04,0.0,0.0,15.0,4.0,27%,0.0,0.0,0.0,0.0,0.0,0.0,0.0,0.0,0.0,0,0,0,0,0,0,0,0,0,0,0,0,0.0,0.0
Kristian Sekularac,0,0,0.0,0.0,0.0,0.0,0.0,0.0,0.0,0%,0.0,0.0,0.0,0.0,0.0,0.0,0.0,0.0,0.0,0.0,0.0,0.0,0.0,0.0,0.0,0,0.0,0.0,0,0%,0.0,0.0,0.0,0.0,0.0,0.0,0.0,0.0,0.0,0.0,0.0,0.0,0.0,0.0,0.0,0%,0.0,0.0,0.0,0.0,0.0,0.0,0.0,0.0,0.0,0,0,0,0,0,0,0,0,0,0,0,0,0.0,0.0
Matz Sels,0,0,16.0,0.0,4.0,8.0,1.0,27.0,0.0,0,0.0,0.0,0.0,0.0,0.0,0.0,0.0,0.0,0.0,0.0,0.0,0.0,0.0,1.0,0.0,325,20.31,0.0,0,0,0.0,85.0,1.0,0.0,0.0,0.0,0.0,0.0,0.0,0.0,0.0,0.0,0.0,0.0,0.0,0,0.0,38.0,0.0,6.0,11.0,1.0,3.0,51.0,93.0,0,0,0,0,0,0,0,0,0,0,0,0,0.0,0.0
Antoine Semenyo,0,0,33.0,8.0,13.0,13.0,0.0,0.0,24.0,0,0.0,20.0,6.0,20.0,14.0,0.0,0.0,0.0,0.0,0.0,0.0,0.0,0.0,0.0,2.0,587,17.79,6.0,45,0,0.0,0.0,6.0,0.0,43.0,3.0,0.0,4.0,4.0,1.0,0.24,0.0,0.0,70.0,31.0,44%,5.0,0.0,0.0,0.0,0.0,0.0,0.0,0.0,0.0,0,0,0,0,0,0,0,0,0,0,0,0,0.0,0.0
Marcos Senesi,https://twitter.com/senesimarcos,https://www.instagram.com/marcosenesi/,31.0,4.0,9.0,14.0,4.0,44.0,55.0,58%,2.0,0.0,35.0,105.0,51.0,0.0,164.0,114.0,131.0,11.0,41.0,41.0,0.0,0.0,5.0,"1,259",40.61,2.0,25,44%,4.0,125.0,13.0,0.0,41.0,0.0,3.0,1.0,0.0,1.0,0.0,0.0,0.0,0.0,0.0,0,0.0,0.0,0.0,0.0,0.0,0.0,0.0,0.0,0.0,0,0,0,0,0,0,0,0,0,0,0,0,0.0,0.0
Femi Seriki,0,0,0.0,0.0,0.0,0.0,0.0,0.0,0.0,0%,0.0,0.0,0.0,0.0,0.0,0.0,0.0,0.0,0.0,0.0,0.0,0.0,0.0,0.0,0.0,0,0.0,0.0,0,0%,0.0,0.0,0.0,0.0,0.0,0.0,0.0,0.0,0.0,0.0,0.0,0.0,0.0,0.0,0.0,0,0.0,0.0,0.0,0.0,0.0,0.0,0.0,0.0,0.0,0,0,0,0,0,0,0,0,0,0,0,0,0.0,0.0
Steven Sessegnon,0,0,0.0,0.0,0.0,0.0,0.0,0.0,0.0,0%,0.0,0.0,0.0,0.0,0.0,0.0,0.0,0.0,0.0,0.0,0.0,0.0,0.0,0.0,0.0,0,0.0,0.0,0,0%,0.0,0.0,0.0,0.0,0.0,0.0,0.0,0.0,0.0,0.0,0.0,0.0,0.0,0.0,0.0,0,0.0,0.0,0.0,0.0,0.0,0.0,0.0,0.0,0.0,0,0,0,0,0,0,0,0,0,0,0,0,0.0,0.0
Teddy Sharman-Lowe,0,0,0.0,0.0,0.0,0.0,0.0,0.0,0.0,0,0.0,0.0,0.0,0.0,0.0,0.0,0.0,0.0,0.0,0.0,0.0,0.0,0.0,0.0,0.0,0,0.0,0.0,0,0,0.0,0.0,0.0,0.0,0.0,0.0,0.0,0.0,0.0,0.0,0.0,0.0,0.0,0.0,0.0,0,0.0,0.0,0.0,0.0,0.0,0.0,0.0,0.0,0.0,0,0,0,0,0,0,0,0,0,0,0,0,0.0,0.0
James Shea,0,0,1.0,0.0,0.0,1.0,0.0,0.0,0.0,0,0.0,0.0,0.0,0.0,0.0,0.0,0.0,0.0,0.0,0.0,0.0,0.0,0.0,0.0,0.0,8,8.0,0.0,0,0,0.0,3.0,0.0,0.0,0.0,0.0,0.0,0.0,0.0,0.0,0.0,0.0,0.0,0.0,0.0,0,0.0,2.0,0.0,0.0,0.0,0.0,0.0,1.0,3.0,0,0,0,0,0,0,0,0,0,0,0,0,0.0,0.0
George Shelvey,0,0,0.0,0.0,0.0,0.0,0.0,0.0,0.0,0,0.0,0.0,0.0,0.0,0.0,0.0,0.0,0.0,0.0,0.0,0.0,0.0,0.0,0.0,0.0,0,0.0,0.0,0,0,0.0,0.0,0.0,0.0,0.0,0.0,0.0,0.0,0.0,0.0,0.0,0.0,0.0,0.0,0.0,0,0.0,0.0,0.0,0.0,0.0,0.0,0.0,0.0,0.0,0,0,0,0,0,0,0,0,0,0,0,0,0.0,0.0
Shola Shoretire,0,0,0.0,0.0,0.0,0.0,0.0,0.0,0.0,0,0.0,0.0,0.0,0.0,0.0,0.0,0.0,0.0,0.0,0.0,0.0,0.0,0.0,0.0,0.0,0,0.0,0.0,0,0,0.0,0.0,0.0,0.0,0.0,0.0,0.0,0.0,0.0,0.0,0.0,0.0,0.0,0.0,0.0,0%,0.0,0.0,0.0,0.0,0.0,0.0,0.0,0.0,0.0,0,0,0,0,0,0,0,0,0,0,0,0,0.0,0.0
Ellis Simms,0,0,0.0,0.0,0.0,0.0,0.0,0.0,0.0,0,0.0,0.0,0.0,0.0,0.0,0.0,0.0,0.0,0.0,0.0,0.0,0.0,0.0,0.0,0.0,0,0.0,0.0,0,0,0.0,0.0,0.0,0.0,0.0,0.0,0.0,0.0,0.0,0.0,0.0,0.0,0.0,0.0,0.0,0%,0.0,0.0,0.0,0.0,0.0,0.0,0.0,0.0,0.0,0,0,0,0,0,0,0,0,0,0,0,0,0.0,0.0
Kamarai Simon-Swyer,0,0,0.0,0.0,0.0,0.0,0.0,0.0,0.0,0%,0.0,0.0,0.0,0.0,0.0,0.0,0.0,0.0,0.0,0.0,0.0,0.0,0.0,0.0,0.0,0,0.0,0.0,0,0%,0.0,0.0,0.0,0.0,0.0,0.0,0.0,0.0,0.0,0.0,0.0,0.0,0.0,0.0,0.0,0%,0.0,0.0,0.0,0.0,0.0,0.0,0.0,0.0,0.0,0,0,0,0,0,0,0,0,0,0,0,0,0.0,0.0
Viljami Sinisalo,0,0,0.0,0.0,0.0,0.0,0.0,0.0,0.0,0,0.0,0.0,0.0,0.0,0.0,0.0,0.0,0.0,0.0,0.0,0.0,0.0,0.0,0.0,0.0,0,0.0,0.0,0,0,0.0,0.0,0.0,0.0,0.0,0.0,0.0,0.0,0.0,0.0,0.0,0.0,0.0,0.0,0.0,0,0.0,0.0,0.0,0.0,0.0,0.0,0.0,0.0,0.0,0,0,0,0,0,0,0,0,0,0,0,0,0.0,0.0
Luis Sinisterra,https://www.instagram.com/luissinisterra/,0,20.0,2.0,7.0,7.0,0.0,0.0,23.0,0,0.0,8.0,8.0,4.0,1.0,0.0,0.0,0.0,0.0,0.0,0.0,0.0,0.0,0.0,2.0,281,14.05,2.0,11,0,0.0,0.0,0.0,0.0,11.0,4.0,0.0,2.0,0.0,1.0,0.1,0.0,0.0,27.0,9.0,33%,1.0,0.0,0.0,0.0,0.0,0.0,0.0,0.0,0.0,0,0,0,0,0,0,0,0,0,0,0,0,0.0,0.0
Oliver Skipp,https://www.instagram.com/oliver.skipp/,0,21.0,0.0,12.0,5.0,0.0,0.0,18.0,67%,0.0,3.0,3.0,6.0,5.0,0.0,36.0,35.0,32.0,2.0,4.0,10.0,0.0,0.0,0.0,373,17.76,0.0,1,100%,1.0,14.0,3.0,0.0,8.0,0.0,0.0,0.0,0.0,0.0,0.0,0.0,0.0,4.0,1.0,25%,1.0,0.0,0.0,0.0,0.0,0.0,0.0,0.0,0.0,0,0,0,0,0,0,0,0,0,0,0,0,0.0,0.0
Gabriel Slonina,0,0,0.0,0.0,0.0,0.0,0.0,0.0,0.0,0,0.0,0.0,0.0,0.0,0.0,0.0,0.0,0.0,0.0,0.0,0.0,0.0,0.0,0.0,0.0,0,0.0,0.0,0,0,0.0,0.0,0.0,0.0,0.0,0.0,0.0,0.0,0.0,0.0,0.0,0.0,0.0,0.0,0.0,0,0.0,0.0,0.0,0.0,0.0,0.0,0.0,0.0,0.0,0,0,0,0,0,0,0,0,0,0,0,0,0.0,0.0
Matt Smith,0,0,0.0,0.0,0.0,0.0,0.0,0.0,0.0,0%,0.0,0.0,0.0,0.0,0.0,0.0,0.0,0.0,0.0,0.0,0.0,0.0,0.0,0.0,0.0,0,0.0,0.0,0,0%,0.0,0.0,0.0,0.0,0.0,0.0,0.0,0.0,0.0,0.0,0.0,0.0,0.0,0.0,0.0,0%,0.0,0.0,0.0,0.0,0.0,0.0,0.0,0.0,0.0,0,0,0,0,0,0,0,0,0,0,0,0,0.0,0.0
Emile Smith Rowe,https://twitter.com/emilesmithrowe,https://www.instagram.com/emilesmithrowe/,13.0,0.0,9.0,2.0,0.0,0.0,4.0,25%,0.0,4.0,3.0,1.0,0.0,0.0,15.0,12.0,19.0,3.0,3.0,5.0,0.0,0.0,1.0,211,16.23,0.0,1,0%,0.0,1.0,0.0,0.0,5.0,0.0,0.0,0.0,0.0,1.0,0.0,0.0,0.0,15.0,7.0,47%,1.0,0.0,0.0,0.0,0.0,0.0,0.0,0.0,0.0,0,0,0,0,0,0,0,0,0,0,0,0,0.0,0.0
Manor Solomon,https://twitter.com/Manorsolomon/status/1678739962232029185,https://www.instagram.com/manorsolomon/?hl=en,5.0,0.0,4.0,0.0,0.0,0.0,3.0,0,0.0,3.0,3.0,1.0,1.0,0.0,0.0,0.0,0.0,0.0,0.0,0.0,0.0,0.0,2.0,85,17.0,1.0,5,0,0.0,0.0,1.0,0.0,2.0,1.0,0.0,0.0,0.0,0.0,0.0,0.0,0.0,7.0,1.0,14%,0.0,0.0,0.0,0.0,0.0,0.0,0.0,0.0,0.0,0,0,0,0,0,0,0,0,0,0,0,0,0.0,0.0
Son Heung-Min,https://www.facebook.com/HeungMinSonOfficial,https://www.instagram.com/hm_son7/,35.0,17.0,19.0,12.0,0.0,0.0,21.0,0,0.0,22.0,8.0,4.0,1.0,0.0,0.0,0.0,0.0,0.0,0.0,0.0,0.0,0.0,10.0,"1,025",29.29,20.0,36,0,0.0,0.0,1.0,0.0,12.0,20.0,0.0,13.0,4.0,4.0,0.49,2.0,0.0,85.0,40.0,47%,7.0,0.0,0.0,0.0,0.0,0.0,0.0,0.0,0.0,0,0,0,0,0,0,0,0,0,0,0,0,0.0,0.0
Tomás Soucek,https://twitter.com/tomassoucek28,https://www.instagram.com/tomassoucek28/,37.0,7.0,13.0,14.0,0.0,0.0,53.0,66%,0.0,8.0,37.0,107.0,60.0,0.0,151.0,189.0,161.0,4.0,108.0,81.0,0.0,0.0,2.0,947,25.59,4.0,6,33%,2.0,31.0,7.0,0.0,41.0,10.0,1.0,4.0,2.0,1.0,0.19,0.0,0.0,43.0,15.0,35%,11.0,0.0,0.0,0.0,0.0,0.0,0.0,0.0,0.0,0,0,0,0,0,0,0,0,0,0,0,0,0.0,0.0
Lino Sousa,0,0,0.0,0.0,0.0,0.0,0.0,0.0,0.0,0%,0.0,0.0,0.0,0.0,0.0,0.0,0.0,0.0,0.0,0.0,0.0,0.0,0.0,0.0,0.0,0,0.0,0.0,0,0%,0.0,0.0,0.0,0.0,0.0,0.0,0.0,0.0,0.0,0.0,0.0,0.0,0.0,0.0,0.0,0,0.0,0.0,0.0,0.0,0.0,0.0,0.0,0.0,0.0,0,0,0,0,0,0,0,0,0,0,0,0,0.0,0.0
Djed Spence,https://www.instagram.com/djedspence/,0,0.0,0.0,0.0,0.0,0.0,0.0,0.0,0%,0.0,0.0,0.0,0.0,0.0,0.0,0.0,0.0,0.0,0.0,0.0,0.0,0.0,0.0,0.0,0,0.0,0.0,0,0%,0.0,0.0,0.0,0.0,0.0,0.0,0.0,0.0,0.0,0.0,0.0,0.0,0.0,0.0,0.0,0,0.0,0.0,0.0,0.0,0.0,0.0,0.0,0.0,0.0,0,0,0,0,0,0,0,0,0,0,0,0,0.0,0.0
Jay Stansfield,0,0,0.0,0.0,0.0,0.0,0.0,0.0,0.0,0,0.0,0.0,0.0,0.0,0.0,0.0,0.0,0.0,0.0,0.0,0.0,0.0,0.0,0.0,0.0,0,0.0,0.0,0,0,0.0,0.0,0.0,0.0,0.0,0.0,0.0,0.0,0.0,0.0,0.0,0.0,0.0,0.0,0.0,0%,0.0,0.0,0.0,0.0,0.0,0.0,0.0,0.0,0.0,0,0,0,0,0,0,0,0,0,0,0,0,0.0,0.0
Joseph Starbuck,0,0,0.0,0.0,0.0,0.0,0.0,0.0,0.0,0%,0.0,0.0,0.0,0.0,0.0,0.0,0.0,0.0,0.0,0.0,0.0,0.0,0.0,0.0,0.0,0,0.0,0.0,0,0%,0.0,0.0,0.0,0.0,0.0,0.0,0.0,0.0,0.0,0.0,0.0,0.0,0.0,0.0,0.0,0,0.0,0.0,0.0,0.0,0.0,0.0,0.0,0.0,0.0,0,0,0,0,0,0,0,0,0,0,0,0,0.0,0.0
Zack Steffen,0,0,0.0,0.0,0.0,0.0,0.0,0.0,0.0,0,0.0,0.0,0.0,0.0,0.0,0.0,0.0,0.0,0.0,0.0,0.0,0.0,0.0,0.0,0.0,0,0.0,0.0,0,0,0.0,0.0,0.0,0.0,0.0,0.0,0.0,0.0,0.0,0.0,0.0,0.0,0.0,0.0,0.0,0,0.0,0.0,0.0,0.0,0.0,0.0,0.0,0.0,0.0,0,0,0,0,0,0,0,0,0,0,0,0,0.0,0.0
Finley Stevens,0,0,0.0,0.0,0.0,0.0,0.0,0.0,0.0,0%,0.0,0.0,0.0,0.0,0.0,0.0,0.0,0.0,0.0,0.0,0.0,0.0,0.0,0.0,0.0,0,0.0,0.0,0,0%,0.0,0.0,0.0,0.0,0.0,0.0,0.0,0.0,0.0,0.0,0.0,0.0,0.0,0.0,0.0,0,0.0,0.0,0.0,0.0,0.0,0.0,0.0,0.0,0.0,0,0,0,0,0,0,0,0,0,0,0,0,0.0,0.0
Layton Stewart,0,0,0.0,0.0,0.0,0.0,0.0,0.0,0.0,0,0.0,0.0,0.0,0.0,0.0,0.0,0.0,0.0,0.0,0.0,0.0,0.0,0.0,0.0,0.0,0,0.0,0.0,0,0,0.0,0.0,0.0,0.0,0.0,0.0,0.0,0.0,0.0,0.0,0.0,0.0,0.0,0.0,0.0,0%,0.0,0.0,0.0,0.0,0.0,0.0,0.0,0.0,0.0,0,0,0,0,0,0,0,0,0,0,0,0,0.0,0.0
Thomas Strakosha,0,0,2.0,0.0,1.0,1.0,0.0,2.0,0.0,0,0.0,0.0,0.0,0.0,0.0,0.0,0.0,0.0,0.0,0.0,0.0,0.0,0.0,0.0,0.0,66,33.0,0.0,0,0,0.0,16.0,0.0,0.0,0.0,0.0,0.0,0.0,0.0,0.0,0.0,0.0,0.0,0.0,0.0,0,0.0,6.0,0.0,1.0,2.0,0.0,0.0,5.0,15.0,0,0,0,0,0,0,0,0,0,0,0,0,0.0,0.0
Zak Sturge,0,0,0.0,0.0,0.0,0.0,0.0,0.0,0.0,0%,0.0,0.0,0.0,0.0,0.0,0.0,0.0,0.0,0.0,0.0,0.0,0.0,0.0,0.0,0.0,0,0.0,0.0,0,0%,0.0,0.0,0.0,0.0,0.0,0.0,0.0,0.0,0.0,0.0,0.0,0.0,0.0,0.0,0.0,0,0.0,0.0,0.0,0.0,0.0,0.0,0.0,0.0,0.0,0,0,0,0,0,0,0,0,0,0,0,0,0.0,0.0
Ronnie Stutter,0,0,0.0,0.0,0.0,0.0,0.0,0.0,0.0,0,0.0,0.0,0.0,0.0,0.0,0.0,0.0,0.0,0.0,0.0,0.0,0.0,0.0,0.0,0.0,0,0.0,0.0,0,0,0.0,0.0,0.0,0.0,0.0,0.0,0.0,0.0,0.0,0.0,0.0,0.0,0.0,0.0,0.0,0%,0.0,0.0,0.0,0.0,0.0,0.0,0.0,0.0,0.0,0,0,0,0,0,0,0,0,0,0,0,0,0.0,0.0
Sam Surridge,0,0,0.0,0.0,0.0,0.0,0.0,0.0,0.0,0,0.0,0.0,0.0,0.0,0.0,0.0,0.0,0.0,0.0,0.0,0.0,0.0,0.0,0.0,0.0,0,0.0,0.0,0,0,0.0,0.0,0.0,0.0,0.0,0.0,0.0,0.0,0.0,0.0,0.0,0.0,0.0,0.0,0.0,0%,0.0,0.0,0.0,0.0,0.0,0.0,0.0,0.0,0.0,0,0,0,0,0,0,0,0,0,0,0,0,0.0,0.0
Mahamadou Susoho,0,0,0.0,0.0,0.0,0.0,0.0,0.0,0.0,0%,0.0,0.0,0.0,0.0,0.0,0.0,0.0,0.0,0.0,0.0,0.0,0.0,0.0,0.0,0.0,0,0.0,0.0,0,0%,0.0,0.0,0.0,0.0,0.0,0.0,0.0,0.0,0.0,0.0,0.0,0.0,0.0,0.0,0.0,0%,0.0,0.0,0.0,0.0,0.0,0.0,0.0,0.0,0.0,0,0,0,0,0,0,0,0,0,0,0,0,0.0,0.0
James Sweet,0,0,0.0,0.0,0.0,0.0,0.0,0.0,0.0,0%,0.0,0.0,0.0,0.0,0.0,0.0,0.0,0.0,0.0,0.0,0.0,0.0,0.0,0.0,0.0,0,0.0,0.0,0,0%,0.0,0.0,0.0,0.0,0.0,0.0,0.0,0.0,0.0,0.0,0.0,0.0,0.0,0.0,0.0,0,0.0,0.0,0.0,0.0,0.0,0.0,0.0,0.0,0.0,0,0,0,0,0,0,0,0,0,0,0,0,0.0,0.0
Sil Swinkels,0,0,0.0,0.0,0.0,0.0,0.0,0.0,0.0,0%,0.0,0.0,0.0,0.0,0.0,0.0,0.0,0.0,0.0,0.0,0.0,0.0,0.0,0.0,0.0,0,0.0,0.0,0,0%,0.0,0.0,0.0,0.0,0.0,0.0,0.0,0.0,0.0,0.0,0.0,0.0,0.0,0.0,0.0,0,0.0,0.0,0.0,0.0,0.0,0.0,0.0,0.0,0.0,0,0,0,0,0,0,0,0,0,0,0,0,0.0,0.0
Dominik Szoboszlai,https://www.facebook.com/dominikszoboszlaiofficial?locale=en_GB,https://www.instagram.com/szoboszlaidominik/,33.0,3.0,20.0,3.0,0.0,0.0,32.0,59%,0.0,23.0,15.0,13.0,5.0,0.0,171.0,97.0,137.0,24.0,14.0,20.0,0.0,0.0,2.0,"1,399",42.39,7.0,113,25%,3.0,54.0,1.0,0.0,29.0,3.0,1.0,1.0,1.0,0.0,0.09,0.0,0.0,60.0,15.0,25%,2.0,0.0,0.0,0.0,0.0,0.0,0.0,0.0,0.0,0,0,0,0,0,0,0,0,0,0,0,0,0.0,0.0
Japhet Tanganga,0,0,0.0,0.0,0.0,0.0,0.0,0.0,0.0,0%,0.0,0.0,0.0,0.0,0.0,0.0,0.0,0.0,0.0,0.0,0.0,0.0,0.0,0.0,0.0,0,0.0,0.0,0,0%,0.0,0.0,0.0,0.0,0.0,0.0,0.0,0.0,0.0,0.0,0.0,0.0,0.0,0.0,0.0,0,0.0,0.0,0.0,0.0,0.0,0.0,0.0,0.0,0.0,0,0,0,0,0,0,0,0,0,0,0,0,0.0,0.0
Devan Tanton,0,0,0.0,0.0,0.0,0.0,0.0,0.0,0.0,0%,0.0,0.0,0.0,0.0,0.0,0.0,0.0,0.0,0.0,0.0,0.0,0.0,0.0,0.0,0.0,0,0.0,0.0,0,0%,0.0,0.0,0.0,0.0,0.0,0.0,0.0,0.0,0.0,0.0,0.0,0.0,0.0,0.0,0.0,0,0.0,0.0,0.0,0.0,0.0,0.0,0.0,0.0,0.0,0,0,0,0,0,0,0,0,0,0,0,0,0.0,0.0
Nathan Aké,https://twitter.com/nathanake,https://www.instagram.com/nathanake/,29.0,2.0,21.0,2.0,5.0,20.0,26.0,62%,0.0,8.0,14.0,52.0,29.0,0.0,119.0,95.0,49.0,5.0,47.0,28.0,0.0,0.0,2.0,"1,770",61.03,3.0,11.0,9%,1.0,19.0,0.0,0.0,10.0,0.0,2.0,0.0,0.0,0.0,0.0,0.0,0.0,0.0,0.0,0,0.0,0.0,0.0,0.0,0.0,0.0,0.0,0.0,0.0,https://www.facebook.com/nathan.ake/,0,0,0,0,0,0,0,0,0,0,0,0.0,0.0
Dele Alli,https://twitter.com/dele_official,https://www.instagram.com/dele/?hl=en,0.0,0.0,0.0,0.0,0.0,0.0,0.0,0%,0.0,0.0,0.0,0.0,0.0,0.0,0.0,0.0,0.0,0.0,0.0,0.0,0.0,0.0,0.0,0,0.0,0.0,0.0,0%,0.0,0.0,0.0,0.0,0.0,0.0,0.0,0.0,0.0,0.0,0.0,0.0,0.0,0.0,0.0,0%,0.0,0.0,0.0,0.0,0.0,0.0,0.0,0.0,0.0,https://www.facebook.com/DeleOfficial/,0,0,0,0,0,0,0,0,0,0,0,0.0,0.0
Andreas Pereira,https://twitter.com/andrinhopereira,https://www.instagram.com/andreaspereira/,37.0,3.0,12.0,17.0,0.0,0.0,25.0,48%,0.0,12.0,4.0,11.0,3.0,0.0,99.0,84.0,150.0,19.0,14.0,36.0,0.0,0.0,7.0,"1,063",28.73,9.0,220.0,30%,14.0,50.0,6.0,0.0,22.0,3.0,0.0,2.0,1.0,3.0,0.08,0.0,0.0,52.0,16.0,31%,3.0,0.0,0.0,0.0,0.0,0.0,0.0,0.0,0.0,https://www.facebook.com/AndreasPereira10/,0,0,0,0,0,0,0,0,0,0,0,0.0,0.0
Michail Antonio,https://twitter.com/Michailantonio,https://www.instagram.com/michailantonio/,26.0,6.0,9.0,11.0,0.0,0.0,15.0,0,0.0,6.0,4.0,4.0,3.0,0.0,0.0,0.0,0.0,0.0,0.0,0.0,0.0,0.0,2.0,268,10.31,1.0,27.0,0,0.0,0.0,6.0,0.0,25.0,9.0,2.0,4.0,0.0,0.0,0.23,0.0,0.0,30.0,14.0,47%,6.0,0.0,0.0,0.0,0.0,0.0,0.0,0.0,0.0,https://www.facebook.com/michailantonioofficial/,0,0,0,0,0,0,0,0,0,0,0,0.0,0.0
Harry Arter,https://twitter.com/HarryArter2,https://www.instagram.com/harryarter/,0.0,0.0,0.0,0.0,0.0,0.0,0.0,0%,0.0,0.0,0.0,0.0,0.0,0.0,0.0,0.0,0.0,0.0,0.0,0.0,0.0,0.0,0.0,0,0.0,0.0,0.0,0%,0.0,0.0,0.0,0.0,0.0,0.0,0.0,0.0,0.0,0.0,0.0,0.0,0.0,0.0,0.0,0%,0.0,0.0,0.0,0.0,0.0,0.0,0.0,0.0,0.0,0,0,0,0,0,0,0,0,0,0,0,0,0.0,0.0
Ross Barkley,https://twitter.com/rbarkley8?lang=en,https://www.instagram.com/rossbarkley/,32.0,5.0,5.0,20.0,0.0,0.0,47.0,40%,0.0,19.0,25.0,48.0,32.0,0.0,201.0,195.0,185.0,66.0,44.0,34.0,0.0,0.0,4.0,"1,405",43.91,6.0,45.0,31%,4.0,87.0,6.0,0.0,25.0,0.0,1.0,2.0,2.0,3.0,0.16,0.0,0.0,66.0,19.0,29%,1.0,0.0,0.0,0.0,0.0,0.0,0.0,0.0,0.0,0,0,0,0,0,0,0,0,0,0,0,0,0.0,0.0
Ashley Barnes,0,0,0.0,0.0,0.0,0.0,0.0,0.0,0.0,0,0.0,0.0,0.0,0.0,0.0,0.0,0.0,0.0,0.0,0.0,0.0,0.0,0.0,0.0,0.0,0,0.0,0.0,0.0,0,0.0,0.0,0.0,0.0,0.0,0.0,0.0,0.0,0.0,0.0,0.0,0.0,0.0,0.0,0.0,0%,0.0,0.0,0.0,0.0,0.0,0.0,0.0,0.0,0.0,0,0,0,0,0,0,0,0,0,0,0,0,0.0,0.0
Asmir Begovic,https://twitter.com/asmir1,https://www.instagram.com/asmir1/,0.0,0.0,0.0,0.0,0.0,0.0,0.0,0,0.0,0.0,0.0,0.0,0.0,0.0,0.0,0.0,0.0,0.0,0.0,0.0,0.0,0.0,0.0,0,0.0,0.0,0,0,0.0,0.0,0.0,0.0,0.0,0.0,0.0,0.0,0.0,0.0,0.0,0.0,0.0,0.0,0.0,0,0.0,0.0,0.0,0.0,0.0,0.0,0.0,0.0,0.0,https://www.facebook.com/asmirofficial/,0,0,0,0,0,0,0,0,0,0,0,0.0,0.0
Jean-Ricner Bellegarde,0,0,22.0,2.0,8.0,11.0,0.0,0.0,17.0,59%,0.0,5.0,8.0,13.0,6.0,0.0,41.0,66.0,78.0,17.0,8.0,27.0,0.0,0.0,1.0,281,12.77,1.0,30.0,10%,1.0,5.0,0.0,1.0,10.0,2.0,0.0,2.0,0.0,0.0,0.09,0.0,0.0,15.0,5.0,33%,0.0,0.0,0.0,0.0,0.0,0.0,0.0,0.0,0.0,0,0,0,0,0,0,0,0,0,0,0,0,0.0,0.0
Rhys Bennett,0,0,0.0,0.0,0.0,0.0,0.0,0.0,0.0,0%,0.0,0.0,0.0,0.0,0.0,0.0,0.0,0.0,0.0,0.0,0.0,0.0,0.0,0.0,0.0,0,0.0,0.0,0.0,0%,0.0,0.0,0.0,0.0,0.0,0.0,0.0,0.0,0.0,0.0,0.0,0.0,0.0,0.0,0.0,0,0.0,0.0,0.0,0.0,0.0,0.0,0.0,0.0,0.0,0,0,0,0,0,0,0,0,0,0,0,0,0.0,0.0
Mads Bidstrup,0,https://www.instagram.com/mads_bidstrup/,0.0,0.0,0.0,0.0,0.0,0.0,0.0,0%,0.0,0.0,0.0,0.0,0.0,0.0,0.0,0.0,0.0,0.0,0.0,0.0,0.0,0.0,0.0,0,0.0,0.0,0.0,0%,0.0,0.0,0.0,0.0,0.0,0.0,0.0,0.0,0.0,0.0,0.0,0.0,0.0,0.0,0.0,0%,0.0,0.0,0.0,0.0,0.0,0.0,0.0,0.0,0.0,0,0,0,0,0,0,0,0,0,0,0,0,0.0,0.0
Billy Blacker,0,0,0.0,0.0,0.0,0.0,0.0,0.0,0.0,0,0.0,0.0,0.0,0.0,0.0,0.0,0.0,0.0,0.0,0.0,0.0,0.0,0.0,0.0,0.0,0,0.0,0.0,0.0,0,0.0,0.0,0.0,0.0,0.0,0.0,0.0,0.0,0.0,0.0,0.0,0.0,0.0,0.0,0.0,0%,0.0,0.0,0.0,0.0,0.0,0.0,0.0,0.0,0.0,0,0,0,0,0,0,0,0,0,0,0,0,0.0,0.0
Alex Borto,0,0,0.0,0.0,0.0,0.0,0.0,0.0,0.0,0,0.0,0.0,0.0,0.0,0.0,0.0,0.0,0.0,0.0,0.0,0.0,0.0,0.0,0.0,0.0,0,0.0,0.0,0,0,0.0,0.0,0.0,0.0,0.0,0.0,0.0,0.0,0.0,0.0,0.0,0.0,0.0,0.0,0.0,0,0.0,0.0,0.0,0.0,0.0,0.0,0.0,0.0,0.0,0,0,0,0,0,0,0,0,0,0,0,0,0.0,0.0
Sergi Canós,https://twitter.com/sergicanos,https://www.instagram.com/sergicanos/,0.0,0.0,0.0,0.0,0.0,0.0,0.0,0%,0.0,0.0,0.0,0.0,0.0,0.0,0.0,0.0,0.0,0.0,0.0,0.0,0.0,0.0,0.0,0,0.0,0.0,0.0,0%,0.0,0.0,0.0,0.0,0.0,0.0,0.0,0.0,0.0,0.0,0.0,0.0,0.0,0.0,0.0,0%,0.0,0.0,0.0,0.0,0.0,0.0,0.0,0.0,0.0,0,0,0,0,0,0,0,0,0,0,0,0,0.0,0.0
Scott Carson,https://twitter.com/SCarsonOfficial,https://www.instagram.com/scottpcarson33/,0.0,0.0,0.0,0.0,0.0,0.0,0.0,0,0.0,0.0,0.0,0.0,0.0,0.0,0.0,0.0,0.0,0.0,0.0,0.0,0.0,0.0,0.0,0,0.0,0.0,0,0,0.0,0.0,0.0,0.0,0.0,0.0,0.0,0.0,0.0,0.0,0.0,0.0,0.0,0.0,0.0,0,0.0,0.0,0.0,0.0,0.0,0.0,0.0,0.0,0.0,0,0,0,0,0,0,0,0,0,0,0,0,0.0,0.0
Cesare Casadei,0,0,11.0,0.0,6.0,2.0,0.0,0.0,5.0,60%,0.0,0.0,0.0,4.0,1.0,0.0,1.0,20.0,11.0,2.0,12.0,5.0,0.0,0.0,0.0,65,5.91,0.0,0.0,0%,0.0,2.0,0.0,0.0,4.0,0.0,0.0,0.0,0.0,0.0,0.0,0.0,0.0,0.0,0.0,0%,0.0,0.0,0.0,0.0,0.0,0.0,0.0,0.0,0.0,0,0,0,0,0,0,0,0,0,0,0,0,0.0,0.0
Timothy Castagne,0,https://www.instagram.com/timothycastagne/,34.0,1.0,12.0,15.0,8.0,40.0,49.0,49%,0.0,4.0,38.0,57.0,24.0,0.0,119.0,111.0,92.0,17.0,35.0,34.0,0.0,0.0,3.0,"1,350",39.71,1.0,50.0,20%,2.0,51.0,3.0,0.0,22.0,3.0,0.0,1.0,0.0,1.0,0.0,0.0,0.0,0.0,0.0,0,0.0,0.0,0.0,0.0,0.0,0.0,0.0,0.0,0.0,0,0,0,0,0,0,0,0,0,0,0,0,0.0,0.0
Kallum Cesay,0,0,0.0,0.0,0.0,0.0,0.0,0.0,0.0,0%,0.0,0.0,0.0,0.0,0.0,0.0,0.0,0.0,0.0,0.0,0.0,0.0,0.0,0.0,0.0,0,0.0,0.0,0.0,0%,0.0,0.0,0.0,0.0,0.0,0.0,0.0,0.0,0.0,0.0,0.0,0.0,0.0,0.0,0.0,0,0.0,0.0,0.0,0.0,0.0,0.0,0.0,0.0,0.0,0,0,0,0,0,0,0,0,0,0,0,0,0.0,0.0
Darko Churlinov,0,0,0.0,0.0,0.0,0.0,0.0,0.0,0.0,0,0.0,0.0,0.0,0.0,0.0,0.0,0.0,0.0,0.0,0.0,0.0,0.0,0.0,0.0,0.0,0,0.0,0.0,0.0,0,0.0,0.0,0.0,0.0,0.0,0.0,0.0,0.0,0.0,0.0,0.0,0.0,0.0,0.0,0.0,0%,0.0,0.0,0.0,0.0,0.0,0.0,0.0,0.0,0.0,0,0,0,0,0,0,0,0,0,0,0,0,0.0,0.0
Bobby Clark,0,https://www.instagram.com/bobbyclark/,5.0,0.0,5.0,0.0,0.0,0.0,2.0,50%,0.0,1.0,1.0,1.0,1.0,0.0,6.0,5.0,16.0,0.0,0.0,1.0,0.0,0.0,0.0,49,9.8,0.0,0.0,0%,0.0,1.0,0.0,0.0,4.0,0.0,0.0,0.0,0.0,0.0,0.0,0.0,0.0,2.0,0.0,0%,0.0,0.0,0.0,0.0,0.0,0.0,0.0,0.0,0.0,0,0,0,0,0,0,0,0,0,0,0,0,0.0,0.0
Nathaniel Clyne,https://twitter.com/Nathaniel_Clyne,https://www.instagram.com/nathaniel_clyne/,19.0,0.0,8.0,6.0,3.0,16.0,24.0,63%,0.0,1.0,10.0,28.0,10.0,1.0,50.0,48.0,27.0,8.0,13.0,8.0,0.0,0.0,0.0,533,28.05,0.0,9.0,22%,0.0,26.0,0.0,0.0,6.0,0.0,0.0,0.0,0.0,1.0,0.0,0.0,0.0,0.0,0.0,0,0.0,0.0,0.0,0.0,0.0,0.0,0.0,0.0,0.0,https://www.facebook.com/nathanielclyne2,0,0,0,0,0,0,0,0,0,0,0,0.0,0.0
Theo Corbeanu,0,0,0.0,0.0,0.0,0.0,0.0,0.0,0.0,0,0.0,0.0,0.0,0.0,0.0,0.0,0.0,0.0,0.0,0.0,0.0,0.0,0.0,0.0,0.0,0,0.0,0.0,0.0,0,0.0,0.0,0.0,0.0,0.0,0.0,0.0,0.0,0.0,0.0,0.0,0.0,0.0,0.0,0.0,0%,0.0,0.0,0.0,0.0,0.0,0.0,0.0,0.0,0.0,0,0,0,0,0,0,0,0,0,0,0,0,0.0,0.0
Vladimír Coufal,0,https://www.instagram.com/cuf_5/,36.0,0.0,14.0,14.0,3.0,69.0,64.0,64%,0.0,2.0,43.0,83.0,48.0,0.0,154.0,142.0,137.0,12.0,40.0,37.0,0.0,0.0,7.0,"1,229",34.14,6.0,106.0,24%,2.0,39.0,5.0,1.0,32.0,1.0,0.0,0.0,0.0,1.0,0.0,0.0,0.0,0.0,0.0,0,0.0,0.0,0.0,0.0,0.0,0.0,0.0,0.0,0.0,0,0,0,0,0,0,0,0,0,0,0,0,0.0,0.0
Craig Dawson,0,0,25.0,1.0,10.0,10.0,5.0,38.0,30.0,67%,0.0,3.0,16.0,119.0,65.0,2.0,100.0,111.0,66.0,3.0,63.0,32.0,0.0,0.0,1.0,"1,272",50.88,2.0,1.0,0%,2.0,100.0,7.0,0.0,20.0,4.0,0.0,1.0,0.0,0.0,0.0,0.0,0.0,0.0,0.0,0,0.0,0.0,0.0,0.0,0.0,0.0,0.0,0.0,0.0,0,0,0,0,0,0,0,0,0,0,0,0,0.0,0.0
David de Gea,https://twitter.com/D_DeGea,https://www.instagram.com/d_degeaofficial/,0.0,0.0,0.0,0.0,0.0,0.0,0.0,0,0.0,0.0,0.0,0.0,0.0,0.0,0.0,0.0,0.0,0.0,0.0,0.0,0.0,0.0,0.0,0,0.0,0.0,0,0,0.0,0.0,0.0,0.0,0.0,0.0,0.0,0.0,0.0,0.0,0.0,0.0,0.0,0.0,0.0,0,0.0,0.0,0.0,0.0,0.0,0.0,0.0,0.0,0.0,https://www.facebook.com/DavidDeGeaOficial,0,0,0,0,0,0,0,0,0,0,0,0.0,0.0
Issa Diop,https://twitter.com/IssaDiop97,https://www.instagram.com/issa_diop_05/,18.0,0.0,6.0,7.0,4.0,25.0,30.0,53%,1.0,1.0,17.0,80.0,35.0,3.0,65.0,60.0,43.0,1.0,25.0,17.0,0.0,1.0,0.0,"1,076",59.78,0.0,0.0,0%,1.0,37.0,2.0,1.0,17.0,0.0,0.0,0.0,0.0,0.0,0.0,0.0,0.0,0.0,0.0,0,0.0,0.0,0.0,0.0,0.0,0.0,0.0,0.0,0.0,0,0,0,0,0,0,0,0,0,0,0,0,0.0,0.0
Nicolás Domínguez,0,0,26.0,2.0,6.0,14.0,0.0,0.0,63.0,54%,0.0,8.0,18.0,23.0,11.0,0.0,108.0,107.0,85.0,7.0,21.0,19.0,0.0,0.0,2.0,829,31.88,2.0,6.0,33%,2.0,27.0,4.0,0.0,26.0,2.0,1.0,1.0,0.0,0.0,0.08,0.0,0.0,22.0,6.0,27%,1.0,0.0,0.0,0.0,0.0,0.0,0.0,0.0,0.0,0,0,0,0,0,0,0,0,0,0,0,0,0.0,0.0
Douglas Luiz,https://twitter.com/dg_douglasluiz,https://www.instagram.com/dg_douglas12/,35.0,9.0,17.0,10.0,0.0,0.0,58.0,66%,0.0,20.0,23.0,17.0,5.0,0.0,184.0,148.0,141.0,24.0,25.0,19.0,0.0,1.0,5.0,"1,973",56.37,10.0,115.0,27%,11.0,99.0,12.0,0.0,51.0,0.0,1.0,8.0,0.0,1.0,0.26,4.0,0.0,48.0,17.0,35%,3.0,0.0,0.0,0.0,0.0,0.0,0.0,0.0,0.0,https://www.facebook.com/Douglas8Oficial,0,0,0,0,0,0,0,0,0,0,0,0.0,0.0
Flynn Downes,0,https://www.instagram.com/flynn_downes/,0.0,0.0,0.0,0.0,0.0,0.0,0.0,0%,0.0,0.0,0.0,0.0,0.0,0.0,0.0,0.0,0.0,0.0,0.0,0.0,0.0,0.0,0.0,0,0.0,0.0,0.0,0%,0.0,0.0,0.0,0.0,0.0,0.0,0.0,0.0,0.0,0.0,0.0,0.0,0.0,0.0,0.0,0%,0.0,0.0,0.0,0.0,0.0,0.0,0.0,0.0,0.0,0,0,0,0,0,0,0,0,0,0,0,0,0.0,0.0
Tommy Doyle,0,0,26.0,0.0,8.0,14.0,0.0,0.0,26.0,50%,0.0,2.0,12.0,17.0,9.0,0.0,93.0,31.0,31.0,1.0,0.0,4.0,0.0,0.0,0.0,911,35.04,1.0,28.0,21%,2.0,75.0,2.0,0.0,11.0,0.0,0.0,0.0,0.0,0.0,0.0,0.0,0.0,14.0,3.0,21%,0.0,0.0,0.0,0.0,0.0,0.0,0.0,0.0,0.0,0,0,0,0,0,0,0,0,0,0,0,0,0.0,0.0
Martin Dúbravka,0,https://www.instagram.com/martindubravka/,23.0,0.0,10.0,9.0,4.0,42.0,0.0,0,0.0,0.0,0.0,0.0,0.0,0.0,0.0,0.0,0.0,0.0,0.0,0.0,0.0,1.0,0.0,506,22.0,0.0,0,0,0.0,71.0,1.0,0.0,2.0,0.0,0.0,0.0,0.0,0.0,0.0,0.0,0.0,0.0,0.0,0,0.0,88.0,1.0,8.0,18.0,7.0,8.0,143.0,169.0,0,0,0,0,0,0,0,0,0,0,0,0,0.0,0.0
Joshua Duffus,0,0,0.0,0.0,0.0,0.0,0.0,0.0,0.0,0,0.0,0.0,0.0,0.0,0.0,0.0,0.0,0.0,0.0,0.0,0.0,0.0,0.0,0.0,0.0,0,0.0,0.0,0.0,0,0.0,0.0,0.0,0.0,0.0,0.0,0.0,0.0,0.0,0.0,0.0,0.0,0.0,0.0,0.0,0%,0.0,0.0,0.0,0.0,0.0,0.0,0.0,0.0,0.0,0,0,0,0,0,0,0,0,0,0,0,0,0.0,0.0
Harvey Elliott,0,https://www.instagram.com/harveyelliott07/?hl=en,34.0,3.0,21.0,3.0,0.0,0.0,27.0,63%,0.0,19.0,6.0,6.0,2.0,0.0,78.0,58.0,59.0,9.0,9.0,13.0,0.0,0.0,6.0,904,26.59,5.0,62.0,35%,3.0,40.0,2.0,0.0,7.0,1.0,0.0,0.0,3.0,3.0,0.09,0.0,0.0,49.0,17.0,35%,1.0,0.0,0.0,0.0,0.0,0.0,0.0,0.0,0.0,0,0,0,0,0,0,0,0,0,0,0,0,0.0,0.0
Emiliano Martínez,https://twitter.com/emimartinezz1,https://www.instagram.com/emi_martinez26/,34.0,0.0,19.0,7.0,8.0,48.0,0.0,0,0.0,0.0,0.0,0.0,0.0,0.0,0.0,0.0,0.0,0.0,0.0,0.0,2.0,2.0,0.0,"1,272",37.41,0.0,0,0,0.0,163.0,4.0,0.0,1.0,0.0,0.0,0.0,0.0,0.0,0.0,0.0,0.0,0.0,0.0,0,0.0,95.0,0.0,4.0,42.0,3.0,37.0,157.0,159.0,https://www.facebook.com/emimartinez26/,0,0,0,0,0,0,0,0,0,0,0,0.0,0.0
Fábio Vieira,0,https://www.instagram.com/fabiodfvieira/,11.0,1.0,8.0,1.0,0.0,0.0,3.0,67%,0.0,1.0,2.0,1.0,0.0,0.0,16.0,16.0,18.0,2.0,1.0,0.0,0.0,0.0,2.0,134,12.18,2.0,15.0,20%,3.0,4.0,0.0,1.0,8.0,2.0,0.0,0.0,1.0,0.0,0.09,1.0,0.0,7.0,2.0,29%,0.0,0.0,0.0,0.0,0.0,0.0,0.0,0.0,0.0,0,0,0,0,0,0,0,0,0,0,0,0,0.0,0.0
Malachi Fagan-Walcott,0,0,0.0,0.0,0.0,0.0,0.0,0.0,0.0,0%,0.0,0.0,0.0,0.0,0.0,0.0,0.0,0.0,0.0,0.0,0.0,0.0,0.0,0.0,0.0,0,0.0,0.0,0.0,0%,0.0,0.0,0.0,0.0,0.0,0.0,0.0,0.0,0.0,0.0,0.0,0.0,0.0,0.0,0.0,0,0.0,0.0,0.0,0.0,0.0,0.0,0.0,0.0,0.0,0,0,0,0,0,0,0,0,0,0,0,0,0.0,0.0
Romain Faivre,0,0,5.0,0.0,0.0,3.0,0.0,0.0,1.0,100%,0.0,1.0,0.0,0.0,0.0,0.0,1.0,7.0,10.0,2.0,0.0,1.0,0.0,0.0,0.0,23,4.6,0.0,3.0,0%,0.0,0.0,1.0,0.0,2.0,0.0,0.0,0.0,0.0,0.0,0.0,0.0,0.0,2.0,0.0,0%,0.0,0.0,0.0,0.0,0.0,0.0,0.0,0.0,0.0,0,0,0,0,0,0,0,0,0,0,0,0,0.0,0.0
Will Fish,0,0,0.0,0.0,0.0,0.0,0.0,0.0,0.0,0%,0.0,0.0,0.0,0.0,0.0,0.0,0.0,0.0,0.0,0.0,0.0,0.0,0.0,0.0,0.0,0,0.0,0.0,0.0,0%,0.0,0.0,0.0,0.0,0.0,0.0,0.0,0.0,0.0,0.0,0.0,0.0,0.0,0.0,0.0,0,0.0,0.0,0.0,0.0,0.0,0.0,0.0,0.0,0.0,0,0,0,0,0,0,0,0,0,0,0,0,0.0,0.0
Mark Flekken,0,0,37.0,0.0,10.0,18.0,7.0,63.0,0.0,0,0.0,0.0,0.0,0.0,0.0,0.0,0.0,0.0,0.0,0.0,0.0,0.0,0.0,1.0,1.0,"1,446",39.08,0.0,0,0,0.0,321.0,3.0,0.0,2.0,0.0,0.0,0.0,0.0,0.0,0.0,0.0,0.0,0.0,0.0,0,0.0,115.0,0.0,23.0,40.0,1.0,17.0,131.0,289.0,0,0,0,0,0,0,0,0,0,0,0,0,0.0,0.0
Tariqe Fosu-Henry,https://twitter.com/TariqeFosu,https://www.instagram.com/tariqefosu/,0.0,0.0,0.0,0.0,0.0,0.0,0.0,0%,0.0,0.0,0.0,0.0,0.0,0.0,0.0,0.0,0.0,0.0,0.0,0.0,0.0,0.0,0.0,0,0.0,0.0,0.0,0%,0.0,0.0,0.0,0.0,0.0,0.0,0.0,0.0,0.0,0.0,0.0,0.0,0.0,0.0,0.0,0%,0.0,0.0,0.0,0.0,0.0,0.0,0.0,0.0,0.0,0,0,0,0,0,0,0,0,0,0,0,0,0.0,0.0
Gabriel Martinelli,https://twitter.com/g_martinelli01/,https://www.instagram.com/ga_martinelli01/,35.0,6.0,26.0,5.0,0.0,0.0,30.0,80%,0.0,19.0,5.0,7.0,2.0,0.0,95.0,109.0,169.0,40.0,17.0,26.0,0.0,0.0,4.0,807,23.06,7.0,109.0,26%,3.0,24.0,1.0,0.0,23.0,9.0,0.0,5.0,1.0,1.0,0.17,0.0,0.0,58.0,22.0,38%,5.0,0.0,0.0,0.0,0.0,0.0,0.0,0.0,0.0,0,0,0,0,0,0,0,0,0,0,0,0,0.0,0.0
Alejandro Garnacho,0,https://www.instagram.com/garnacho7/,36.0,7.0,16.0,14.0,0.0,0.0,22.0,0,0.0,40.0,18.0,12.0,3.0,0.0,0.0,0.0,0.0,0.0,0.0,0.0,0.0,0.0,4.0,834,23.17,6.0,58.0,0,0.0,0.0,4.0,0.0,20.0,15.0,1.0,3.0,3.0,0.0,0.19,0.0,0.0,100.0,28.0,28%,7.0,0.0,0.0,0.0,0.0,0.0,0.0,0.0,0.0,0,0,0,0,0,0,0,0,0,0,0,0,0.0,0.0
Jean-Philippe Gbamin,0,https://www.instagram.com/jean_philippe_gbamin/,0.0,0.0,0.0,0.0,0.0,0.0,0.0,0%,0.0,0.0,0.0,0.0,0.0,0.0,0.0,0.0,0.0,0.0,0.0,0.0,0.0,0.0,0.0,0,0.0,0.0,0.0,0%,0.0,0.0,0.0,0.0,0.0,0.0,0.0,0.0,0.0,0.0,0.0,0.0,0.0,0.0,0.0,0%,0.0,0.0,0.0,0.0,0.0,0.0,0.0,0.0,0.0,0,0,0,0,0,0,0,0,0,0,0,0,0.0,0.0
Seán Grehan,0,0,0.0,0.0,0.0,0.0,0.0,0.0,0.0,0%,0.0,0.0,0.0,0.0,0.0,0.0,0.0,0.0,0.0,0.0,0.0,0.0,0.0,0.0,0.0,0,0.0,0.0,0.0,0%,0.0,0.0,0.0,0.0,0.0,0.0,0.0,0.0,0.0,0.0,0.0,0.0,0.0,0.0,0.0,0,0.0,0.0,0.0,0.0,0.0,0.0,0.0,0.0,0.0,0,0,0,0,0,0,0,0,0,0,0,0,0.0,0.0
Gustavo Hamer,0,0,36.0,4.0,3.0,26.0,0.0,0.0,39.0,54%,0.0,15.0,29.0,32.0,11.0,0.0,162.0,90.0,154.0,28.0,6.0,16.0,0.0,0.0,6.0,982,27.28,10.0,115.0,29%,5.0,42.0,9.0,0.0,50.0,6.0,0.0,3.0,1.0,0.0,0.11,0.0,0.0,49.0,15.0,31%,1.0,0.0,0.0,0.0,0.0,0.0,0.0,0.0,0.0,0,0,0,0,0,0,0,0,0,0,0,0,0.0,0.0
Micah Hamilton,0,0,0.0,0.0,0.0,0.0,0.0,0.0,0.0,0%,0.0,0.0,0.0,0.0,0.0,0.0,0.0,0.0,0.0,0.0,0.0,0.0,0.0,0.0,0.0,0,0.0,0.0,0.0,0%,0.0,0.0,0.0,0.0,0.0,0.0,0.0,0.0,0.0,0.0,0.0,0.0,0.0,0.0,0.0,0%,0.0,0.0,0.0,0.0,0.0,0.0,0.0,0.0,0.0,0,0,0,0,0,0,0,0,0,0,0,0,0.0,0.0
Oliver Hammond,0,0,0.0,0.0,0.0,0.0,0.0,0.0,0.0,0%,0.0,0.0,0.0,0.0,0.0,0.0,0.0,0.0,0.0,0.0,0.0,0.0,0.0,0.0,0.0,0,0.0,0.0,0.0,0%,0.0,0.0,0.0,0.0,0.0,0.0,0.0,0.0,0.0,0.0,0.0,0.0,0.0,0.0,0.0,0%,0.0,0.0,0.0,0.0,0.0,0.0,0.0,0.0,0.0,0,0,0,0,0,0,0,0,0,0,0,0,0.0,0.0
Rico Henry,https://twitter.com/ricohenry14,https://www.instagram.com/ricohenry/,5.0,0.0,1.0,1.0,1.0,5.0,7.0,71%,0.0,0.0,5.0,5.0,3.0,0.0,24.0,24.0,18.0,7.0,4.0,6.0,0.0,1.0,1.0,156,31.2,2.0,11.0,18%,0.0,8.0,1.0,0.0,4.0,2.0,0.0,0.0,0.0,0.0,0.0,0.0,0.0,0.0,0.0,0,0.0,0.0,0.0,0.0,0.0,0.0,0.0,0.0,0.0,0,0,0,0,0,0,0,0,0,0,0,0,0.0,0.0
Owen Hesketh,0,0,0.0,0.0,0.0,0.0,0.0,0.0,0.0,0%,0.0,0.0,0.0,0.0,0.0,0.0,0.0,0.0,0.0,0.0,0.0,0.0,0.0,0.0,0.0,0,0.0,0.0,0.0,0%,0.0,0.0,0.0,0.0,0.0,0.0,0.0,0.0,0.0,0.0,0.0,0.0,0.0,0.0,0.0,0%,0.0,0.0,0.0,0.0,0.0,0.0,0.0,0.0,0.0,0,0,0,0,0,0,0,0,0,0,0,0,0.0,0.0
Joe Hodge,0,0,0.0,0.0,0.0,0.0,0.0,0.0,0.0,0%,0.0,0.0,0.0,0.0,0.0,0.0,0.0,0.0,0.0,0.0,0.0,0.0,0.0,0.0,0.0,0,0.0,0.0,0.0,0%,0.0,0.0,0.0,0.0,0.0,0.0,0.0,0.0,0.0,0.0,0.0,0.0,0.0,0.0,0.0,0%,0.0,0.0,0.0,0.0,0.0,0.0,0.0,0.0,0.0,0,0,0,0,0,0,0,0,0,0,0,0,0.0,0.0
Tim Iroegbunam,0,0,9.0,0.0,4.0,4.0,0.0,0.0,7.0,71%,0.0,0.0,2.0,2.0,1.0,0.0,15.0,14.0,19.0,3.0,2.0,0.0,0.0,0.0,0.0,55,6.11,0.0,0.0,0%,0.0,0.0,0.0,0.0,9.0,0.0,0.0,0.0,0.0,0.0,0.0,0.0,0.0,0.0,0.0,0%,0.0,0.0,0.0,0.0,0.0,0.0,0.0,0.0,0.0,0,0,0,0,0,0,0,0,0,0,0,0,0.0,0.0
Jamie Miley,0,0,0.0,0.0,0.0,0.0,0.0,0.0,0.0,0%,0.0,0.0,0.0,0.0,0.0,0.0,0.0,0.0,0.0,0.0,0.0,0.0,0.0,0.0,0.0,0,0.0,0.0,0.0,0%,0.0,0.0,0.0,0.0,0.0,0.0,0.0,0.0,0.0,0.0,0.0,0.0,0.0,0.0,0.0,0%,0.0,0.0,0.0,0.0,0.0,0.0,0.0,0.0,0.0,0,0,0,0,0,0,0,0,0,0,0,0,0.0,0.0
Naby Keïta,0,https://www.instagram.com/keitanabydeco/?hl=en,0.0,0.0,0.0,0.0,0.0,0.0,0.0,0%,0.0,0.0,0.0,0.0,0.0,0.0,0.0,0.0,0.0,0.0,0.0,0.0,0.0,0.0,0.0,0,0.0,0.0,0.0,0%,0.0,0.0,0.0,0.0,0.0,0.0,0.0,0.0,0.0,0.0,0.0,0.0,0.0,0.0,0.0,0%,0.0,0.0,0.0,0.0,0.0,0.0,0.0,0.0,0.0,https://www.facebook.com/NabyKeitaNK8/,0,0,0,0,0,0,0,0,0,0,0,0.0,0.0
Lloyd Kelly,https://twitter.com/lloydkelly4,https://www.instagram.com/lloydkelly_/,23.0,0.0,7.0,11.0,4.0,32.0,24.0,79%,0.0,0.0,13.0,59.0,26.0,0.0,121.0,67.0,52.0,2.0,28.0,18.0,0.0,0.0,1.0,772,33.57,2.0,21.0,24%,1.0,55.0,2.0,0.0,17.0,0.0,0.0,0.0,0.0,0.0,0.0,0.0,0.0,0.0,0.0,0,0.0,0.0,0.0,0.0,0.0,0.0,0.0,0.0,0.0,0,0,0,0,0,0,0,0,0,0,0,0,0.0,0.0
Kacper Kozlowski,0,0,0.0,0.0,0.0,0.0,0.0,0.0,0.0,0%,0.0,0.0,0.0,0.0,0.0,0.0,0.0,0.0,0.0,0.0,0.0,0.0,0.0,0.0,0.0,0,0.0,0.0,0.0,0%,0.0,0.0,0.0,0.0,0.0,0.0,0.0,0.0,0.0,0.0,0.0,0.0,0.0,0.0,0.0,0%,0.0,0.0,0.0,0.0,0.0,0.0,0.0,0.0,0.0,0,0,0,0,0,0,0,0,0,0,0,0,0.0,0.0
Tim Krul,https://twitter.com/TimKrul,https://www.instagram.com/timkrulofficial/,0.0,0.0,0.0,0.0,0.0,0.0,0.0,0,0.0,0.0,0.0,0.0,0.0,0.0,0.0,0.0,0.0,0.0,0.0,0.0,0.0,0.0,0.0,0,0.0,0.0,0,0,0.0,0.0,0.0,0.0,0.0,0.0,0.0,0.0,0.0,0.0,0.0,0.0,0.0,0.0,0.0,0,0.0,0.0,0.0,0.0,0.0,0.0,0.0,0.0,0.0,https://www.facebook.com/timkrulofficial/,0,0,0,0,0,0,0,0,0,0,0,0.0,0.0
Mohammed Kudus,0,0,33.0,8.0,12.0,14.0,0.0,0.0,65.0,72%,0.0,24.0,11.0,8.0,0.0,0.0,212.0,279.0,252.0,124.0,15.0,29.0,0.0,0.0,6.0,773,23.42,5.0,94.0,22%,3.0,44.0,6.0,0.0,39.0,16.0,0.0,4.0,4.0,2.0,0.24,0.0,0.0,67.0,17.0,25%,4.0,0.0,0.0,0.0,0.0,0.0,0.0,0.0,0.0,0,0,0,0,0,0,0,0,0,0,0,0,0.0,0.0
Adam Lallana,https://twitter.com/officialal20?lang=en,https://www.instagram.com/officiallallana/,25.0,0.0,7.0,8.0,0.0,0.0,8.0,38%,0.0,3.0,3.0,1.0,1.0,0.0,22.0,25.0,44.0,3.0,3.0,5.0,0.0,0.0,1.0,499,19.96,2.0,7.0,29%,3.0,3.0,2.0,0.0,8.0,2.0,0.0,0.0,0.0,0.0,0.0,0.0,0.0,11.0,2.0,18%,0.0,0.0,0.0,0.0,0.0,0.0,0.0,0.0,0.0,https://www.facebook.com/adamlallana,0,0,0,0,0,0,0,0,0,0,0,0.0,0.0
Tariq Lamptey,https://twitter.com/TariqLamptey,https://www.instagram.com/tariq_lamptey/,19.0,0.0,7.0,8.0,0.0,20.0,21.0,67%,0.0,4.0,6.0,5.0,3.0,1.0,32.0,49.0,38.0,6.0,4.0,9.0,0.0,0.0,3.0,371,19.53,1.0,31.0,29%,0.0,7.0,3.0,0.0,11.0,3.0,0.0,0.0,0.0,0.0,0.0,0.0,0.0,0.0,0.0,0,0.0,0.0,0.0,0.0,0.0,0.0,0.0,0.0,0.0,0,0,0,0,0,0,0,0,0,0,0,0,0.0,0.0
Jefferson Lerma,https://twitter.com/jeffersonlerma,https://www.instagram.com/jeffersonlerma/,28.0,1.0,8.0,14.0,0.0,0.0,42.0,60%,0.0,5.0,36.0,64.0,37.0,0.0,174.0,147.0,116.0,11.0,69.0,36.0,0.0,0.0,1.0,"1,225",43.75,3.0,14.0,21%,8.0,40.0,8.0,0.0,43.0,4.0,0.0,1.0,0.0,3.0,0.04,0.0,0.0,34.0,9.0,26%,2.0,0.0,0.0,0.0,0.0,0.0,0.0,0.0,0.0,0,0,0,0,0,0,0,0,0,0,0,0,0.0,0.0
Marcel Lewis,0,0,0.0,0.0,0.0,0.0,0.0,0.0,0.0,0%,0.0,0.0,0.0,0.0,0.0,0.0,0.0,0.0,0.0,0.0,0.0,0.0,0.0,0.0,0.0,0,0.0,0.0,0.0,0%,0.0,0.0,0.0,0.0,0.0,0.0,0.0,0.0,0.0,0.0,0.0,0.0,0.0,0.0,0.0,0%,0.0,0.0,0.0,0.0,0.0,0.0,0.0,0.0,0.0,0,0,0,0,0,0,0,0,0,0,0,0,0.0,0.0
Lisandro Martínez,0,https://www.instagram.com/lisandromartinezzz/,11.0,0.0,6.0,3.0,0.0,12.0,12.0,67%,0.0,0.0,5.0,23.0,8.0,1.0,33.0,21.0,22.0,2.0,4.0,5.0,1.0,0.0,1.0,442,40.18,0.0,2.0,0%,1.0,10.0,3.0,0.0,6.0,0.0,0.0,0.0,0.0,0.0,0.0,0.0,0.0,0.0,0.0,0,0.0,0.0,0.0,0.0,0.0,0.0,0.0,0.0,0.0,0,0,0,0,0,0,0,0,0,0,0,0,0.0,0.0
Sasa Lukic,0,0,24.0,1.0,7.0,12.0,0.0,0.0,33.0,58%,0.0,5.0,16.0,18.0,9.0,0.0,65.0,58.0,69.0,5.0,11.0,8.0,0.0,0.0,0.0,489,20.38,0.0,4.0,0%,4.0,11.0,3.0,0.0,27.0,0.0,0.0,0.0,1.0,0.0,0.04,0.0,0.0,13.0,3.0,23%,2.0,0.0,0.0,0.0,0.0,0.0,0.0,0.0,0.0,0,0,0,0,0,0,0,0,0,0,0,0,0.0,0.0
Noni Madueke,0,https://www.instagram.com/nonzinoo10/?hl=en,23.0,5.0,12.0,7.0,0.0,0.0,16.0,0,0.0,10.0,4.0,12.0,7.0,0.0,0.0,0.0,0.0,0.0,0.0,0.0,0.0,0.0,2.0,454,19.74,2.0,22.0,0,0.0,0.0,2.0,0.0,8.0,3.0,1.0,1.0,3.0,1.0,0.22,1.0,0.0,32.0,13.0,41%,0.0,0.0,0.0,0.0,0.0,0.0,0.0,0.0,0.0,0,0,0,0,0,0,0,0,0,0,0,0,0.0,0.0
Harry Maguire,https://twitter.com/HarryMaguire93?s=20,https://www.instagram.com/harrymaguire93/,22.0,2.0,11.0,7.0,4.0,29.0,24.0,71%,0.0,5.0,25.0,83.0,54.0,0.0,78.0,103.0,53.0,0.0,69.0,19.0,0.0,0.0,2.0,"1,096",49.82,2.0,3.0,33%,0.0,73.0,4.0,0.0,21.0,6.0,1.0,0.0,1.0,0.0,0.0,0.0,0.0,0.0,0.0,0,0.0,0.0,0.0,0.0,0.0,0.0,0.0,0.0,0.0,https://www.facebook.com/HarryMaguire93/,0,0,0,0,0,0,0,0,0,0,0,0.0,0.0
Han-Noah Massengo,0,0,3.0,0.0,0.0,2.0,0.0,0.0,1.0,100%,0.0,0.0,0.0,0.0,0.0,0.0,1.0,1.0,1.0,0.0,0.0,1.0,0.0,0.0,0.0,9,3.0,0.0,2.0,0%,0.0,0.0,0.0,0.0,0.0,0.0,0.0,0.0,0.0,0.0,0.0,0.0,0.0,0.0,0.0,0,0.0,0.0,0.0,0.0,0.0,0.0,0.0,0.0,0.0,0,0,0,0,0,0,0,0,0,0,0,0,0.0,0.0
Mateo Mejia,0,0,0.0,0.0,0.0,0.0,0.0,0.0,0.0,0,0.0,0.0,0.0,0.0,0.0,0.0,0.0,0.0,0.0,0.0,0.0,0.0,0.0,0.0,0.0,0,0.0,0.0,0.0,0,0.0,0.0,0.0,0.0,0.0,0.0,0.0,0.0,0.0,0.0,0.0,0.0,0.0,0.0,0.0,0%,0.0,0.0,0.0,0.0,0.0,0.0,0.0,0.0,0.0,0,0,0,0,0,0,0,0,0,0,0,0,0.0,0.0
Remi Matthews,https://twitter.com/Remi_matthews,0,1.0,0.0,0.0,1.0,0.0,1.0,0.0,0,0.0,0.0,0.0,0.0,0.0,0.0,0.0,0.0,0.0,0.0,0.0,0.0,0.0,0.0,0.0,5,5.0,0.0,0,0,0.0,0.0,0.0,0.0,0.0,0.0,0.0,0.0,0.0,0.0,0.0,0.0,0.0,0.0,0.0,0,0.0,0.0,0.0,0.0,1.0,0.0,0.0,0.0,1.0,0,0,0,0,0,0,0,0,0,0,0,0,0.0,0.0
Kevin Mbabu,0,0,0.0,0.0,0.0,0.0,0.0,0.0,0.0,0%,0.0,0.0,0.0,0.0,0.0,0.0,0.0,0.0,0.0,0.0,0.0,0.0,0.0,0.0,0.0,0,0.0,0.0,0.0,0%,0.0,0.0,0.0,0.0,0.0,0.0,0.0,0.0,0.0,0.0,0.0,0.0,0.0,0.0,0.0,0,0.0,0.0,0.0,0.0,0.0,0.0,0.0,0.0,0.0,0,0,0,0,0,0,0,0,0,0,0,0,0.0,0.0
Stanley Mills,0,0,0.0,0.0,0.0,0.0,0.0,0.0,0.0,0%,0.0,0.0,0.0,0.0,0.0,0.0,0.0,0.0,0.0,0.0,0.0,0.0,0.0,0.0,0.0,0,0.0,0.0,0.0,0%,0.0,0.0,0.0,0.0,0.0,0.0,0.0,0.0,0.0,0.0,0.0,0.0,0.0,0.0,0.0,0%,0.0,0.0,0.0,0.0,0.0,0.0,0.0,0.0,0.0,0,0,0,0,0,0,0,0,0,0,0,0,0.0,0.0
Jakub Moder,0,0,17.0,0.0,6.0,6.0,0.0,0.0,19.0,53%,0.0,4.0,2.0,12.0,5.0,0.0,40.0,33.0,33.0,6.0,3.0,5.0,0.0,0.0,0.0,289,17.0,2.0,6.0,0%,1.0,3.0,2.0,0.0,8.0,2.0,0.0,0.0,0.0,0.0,0.0,0.0,0.0,11.0,3.0,27%,1.0,0.0,0.0,0.0,0.0,0.0,0.0,0.0,0.0,0,0,0,0,0,0,0,0,0,0,0,0,0.0,0.0
Andrew Moran,0,https://www.instagram.com/andrewmorann/,0.0,0.0,0.0,0.0,0.0,0.0,0.0,0%,0.0,0.0,0.0,0.0,0.0,0.0,0.0,0.0,0.0,0.0,0.0,0.0,0.0,0.0,0.0,0,0.0,0.0,0.0,0%,0.0,0.0,0.0,0.0,0.0,0.0,0.0,0.0,0.0,0.0,0.0,0.0,0.0,0.0,0.0,0%,0.0,0.0,0.0,0.0,0.0,0.0,0.0,0.0,0.0,0,0,0,0,0,0,0,0,0,0,0,0,0.0,0.0
Pelly Ruddock Mpanzu,0,0,27.0,0.0,5.0,18.0,0.0,0.0,13.0,38%,0.0,4.0,9.0,16.0,10.0,0.0,54.0,48.0,54.0,9.0,12.0,19.0,0.0,2.0,0.0,343,12.7,1.0,11.0,27%,0.0,16.0,1.0,0.0,9.0,0.0,0.0,0.0,0.0,0.0,0.0,0.0,0.0,11.0,1.0,9%,1.0,0.0,0.0,0.0,0.0,0.0,0.0,0.0,0.0,0,0,0,0,0,0,0,0,0,0,0,0,0.0,0.0
Admiral Muskwe,0,0,0.0,0.0,0.0,0.0,0.0,0.0,0.0,0,0.0,0.0,0.0,0.0,0.0,0.0,0.0,0.0,0.0,0.0,0.0,0.0,0.0,0.0,0.0,0,0.0,0.0,0.0,0,0.0,0.0,0.0,0.0,0.0,0.0,0.0,0.0,0.0,0.0,0.0,0.0,0.0,0.0,0.0,0%,0.0,0.0,0.0,0.0,0.0,0.0,0.0,0.0,0.0,0,0,0,0,0,0,0,0,0,0,0,0,0.0,0.0
Michael Ndiweni,0,0,1.0,0.0,1.0,0.0,0.0,0.0,0.0,0,0.0,0.0,0.0,0.0,0.0,0.0,0.0,0.0,0.0,0.0,0.0,0.0,0.0,0.0,0.0,2,2.0,0.0,0.0,0,0.0,0.0,0.0,0.0,0.0,0.0,0.0,0.0,0.0,0.0,0.0,0.0,0.0,0.0,0.0,0%,0.0,0.0,0.0,0.0,0.0,0.0,0.0,0.0,0.0,0,0,0,0,0,0,0,0,0,0,0,0,0.0,0.0
Moussa Niakhaté,0,https://www.instagram.com/niakhate/,21.0,1.0,6.0,13.0,1.0,35.0,42.0,60%,0.0,2.0,14.0,49.0,23.0,1.0,98.0,64.0,24.0,3.0,16.0,5.0,0.0,0.0,0.0,688,32.76,0.0,11.0,9%,0.0,31.0,3.0,1.0,11.0,0.0,0.0,0.0,0.0,0.0,0.0,0.0,0.0,0.0,0.0,0,0.0,0.0,0.0,0.0,0.0,0.0,0.0,0.0,0.0,0,0,0,0,0,0,0,0,0,0,0,0,0.0,0.0
Oliver Norwood,0,https://www.instagram.com/ollie.norwood/,27.0,1.0,2.0,19.0,0.0,0.0,41.0,63%,0.0,4.0,21.0,36.0,14.0,0.0,98.0,65.0,63.0,1.0,14.0,17.0,0.0,0.0,0.0,855,31.67,1.0,52.0,31%,2.0,68.0,8.0,0.0,15.0,0.0,0.0,1.0,0.0,0.0,0.04,1.0,0.0,15.0,6.0,40%,0.0,0.0,0.0,0.0,0.0,0.0,0.0,0.0,0.0,0,0,0,0,0,0,0,0,0,0,0,0,0.0,0.0
Darwin Núñez,0,https://www.instagram.com/darwin_n9/,36.0,11.0,23.0,3.0,0.0,0.0,22.0,0,0.0,22.0,3.0,9.0,9.0,0.0,0.0,0.0,0.0,0.0,0.0,0.0,0.0,0.0,8.0,465,12.92,11.0,19.0,0,0.0,0.0,9.0,0.0,28.0,33.0,2.0,7.0,2.0,9.0,0.31,0.0,0.0,108.0,46.0,43%,27.0,0.0,0.0,0.0,0.0,0.0,0.0,0.0,0.0,0,0,0,0,0,0,0,0,0,0,0,0,0.0,0.0
Trey Nyoni,0,0,0.0,0.0,0.0,0.0,0.0,0.0,0.0,0%,0.0,0.0,0.0,0.0,0.0,0.0,0.0,0.0,0.0,0.0,0.0,0.0,0.0,0.0,0.0,0,0.0,0.0,0.0,0%,0.0,0.0,0.0,0.0,0.0,0.0,0.0,0.0,0.0,0.0,0.0,0.0,0.0,0.0,0.0,0%,0.0,0.0,0.0,0.0,0.0,0.0,0.0,0.0,0.0,0,0,0,0,0,0,0,0,0,0,0,0,0.0,0.0
Dara O'Shea,0,https://www.instagram.com/daraoshea99/?hl=en,33.0,3.0,4.0,22.0,1.0,71.0,39.0,51%,1.0,3.0,35.0,158.0,87.0,1.0,140.0,182.0,120.0,1.0,127.0,68.0,1.0,0.0,4.0,"1,732",52.48,3.0,11.0,27%,3.0,110.0,5.0,1.0,36.0,1.0,3.0,0.0,0.0,0.0,0.0,0.0,0.0,0.0,0.0,0,0.0,0.0,0.0,0.0,0.0,0.0,0.0,0.0,0.0,0,0,0,0,0,0,0,0,0,0,0,0,0.0,0.0
Angelo Ogbonna,https://twitter.com/OgbonnaOfficial,https://www.instagram.com/angeloogbonna21/,11.0,0.0,6.0,3.0,2.0,14.0,11.0,45%,0.0,0.0,3.0,29.0,14.0,0.0,10.0,27.0,9.0,1.0,12.0,7.0,0.0,0.0,0.0,214,19.45,0.0,0.0,0%,0.0,9.0,1.0,0.0,1.0,0.0,0.0,0.0,0.0,0.0,0.0,0.0,0.0,0.0,0.0,0,0.0,0.0,0.0,0.0,0.0,0.0,0.0,0.0,0.0,https://www.facebook.com/OgbonnaOfficial/,0,0,0,0,0,0,0,0,0,0,0,0.0,0.0
Facundo Pellistri,0,https://www.instagram.com/facu_pellistri/,9.0,0.0,3.0,5.0,0.0,0.0,5.0,60%,0.0,1.0,1.0,5.0,1.0,0.0,11.0,22.0,18.0,5.0,6.0,4.0,0.0,0.0,1.0,74,8.22,0.0,4.0,0%,0.0,0.0,0.0,0.0,4.0,0.0,0.0,0.0,0.0,0.0,0.0,0.0,0.0,4.0,2.0,50%,0.0,0.0,0.0,0.0,0.0,0.0,0.0,0.0,0.0,0,0,0,0,0,0,0,0,0,0,0,0,0.0,0.0
Nicolas Pépé,0,https://www.instagram.com/nicolas.pepe19/,0.0,0.0,0.0,0.0,0.0,0.0,0.0,0,0.0,0.0,0.0,0.0,0.0,0.0,0.0,0.0,0.0,0.0,0.0,0.0,0.0,0.0,0.0,0,0.0,0.0,0.0,0,0.0,0.0,0.0,0.0,0.0,0.0,0.0,0.0,0.0,0.0,0.0,0.0,0.0,0.0,0.0,0%,0.0,0.0,0.0,0.0,0.0,0.0,0.0,0.0,0.0,0,0,0,0,0,0,0,0,0,0,0,0,0.0,0.0
Máximo Perrone,0,https://www.instagram.com/maxiperrone16/?hl=en,0.0,0.0,0.0,0.0,0.0,0.0,0.0,0%,0.0,0.0,0.0,0.0,0.0,0.0,0.0,0.0,0.0,0.0,0.0,0.0,0.0,0.0,0.0,0,0.0,0.0,0.0,0%,0.0,0.0,0.0,0.0,0.0,0.0,0.0,0.0,0.0,0.0,0.0,0.0,0.0,0.0,0.0,0%,0.0,0.0,0.0,0.0,0.0,0.0,0.0,0.0,0.0,0,0,0,0,0,0,0,0,0,0,0,0,0.0,0.0
Jaden Philogene,0,0,1.0,0.0,0.0,1.0,0.0,0.0,0.0,0,0.0,0.0,0.0,0.0,0.0,0.0,0.0,0.0,0.0,0.0,0.0,0.0,0.0,0.0,0.0,4,4.0,0.0,0.0,0,0.0,0.0,0.0,0.0,0.0,0.0,0.0,0.0,0.0,0.0,0.0,0.0,0.0,0.0,0.0,0%,0.0,0.0,0.0,0.0,0.0,0.0,0.0,0.0,0.0,0,0,0,0,0,0,0,0,0,0,0,0,0.0,0.0
Axel Piesold,0,0,0.0,0.0,0.0,0.0,0.0,0.0,0.0,0%,0.0,0.0,0.0,0.0,0.0,0.0,0.0,0.0,0.0,0.0,0.0,0.0,0.0,0.0,0.0,0,0.0,0.0,0.0,0%,0.0,0.0,0.0,0.0,0.0,0.0,0.0,0.0,0.0,0.0,0.0,0.0,0.0,0.0,0.0,0,0.0,0.0,0.0,0.0,0.0,0.0,0.0,0.0,0.0,0,0,0,0,0,0,0,0,0,0,0,0,0.0,0.0
Rodrigo Ribeiro,0,0,4.0,0.0,1.0,1.0,0.0,0.0,0.0,0,0.0,0.0,1.0,0.0,0.0,0.0,0.0,0.0,0.0,0.0,0.0,0.0,0.0,0.0,0.0,8,2.0,0.0,0.0,0,0.0,0.0,0.0,0.0,1.0,0.0,0.0,0.0,0.0,0.0,0.0,0.0,0.0,0.0,0.0,0%,0.0,0.0,0.0,0.0,0.0,0.0,0.0,0.0,0.0,0,0,0,0,0,0,0,0,0,0,0,0,0.0,0.0
Kjell Scherpen,0,https://www.instagram.com/kjellscherpen/?hl=en,0.0,0.0,0.0,0.0,0.0,0.0,0.0,0,0.0,0.0,0.0,0.0,0.0,0.0,0.0,0.0,0.0,0.0,0.0,0.0,0.0,0.0,0.0,0,0.0,0.0,0,0,0.0,0.0,0.0,0.0,0.0,0.0,0.0,0.0,0.0,0.0,0.0,0.0,0.0,0.0,0.0,0,0.0,0.0,0.0,0.0,0.0,0.0,0.0,0.0,0.0,https://www.facebook.com/kjell.scherpen.3,0,0,0,0,0,0,0,0,0,0,0,0.0,0.0
Kristian Sekularac,0,0,0.0,0.0,0.0,0.0,0.0,0.0,0.0,0%,0.0,0.0,0.0,0.0,0.0,0.0,0.0,0.0,0.0,0.0,0.0,0.0,0.0,0.0,0.0,0,0.0,0.0,0.0,0%,0.0,0.0,0.0,0.0,0.0,0.0,0.0,0.0,0.0,0.0,0.0,0.0,0.0,0.0,0.0,0%,0.0,0.0,0.0,0.0,0.0,0.0,0.0,0.0,0.0,0,0,0,0,0,0,0,0,0,0,0,0,0.0,0.0
George Shelvey,0,0,0.0,0.0,0.0,0.0,0.0,0.0,0.0,0,0.0,0.0,0.0,0.0,0.0,0.0,0.0,0.0,0.0,0.0,0.0,0.0,0.0,0.0,0.0,0,0.0,0.0,0,0,0.0,0.0,0.0,0.0,0.0,0.0,0.0,0.0,0.0,0.0,0.0,0.0,0.0,0.0,0.0,0,0.0,0.0,0.0,0.0,0.0,0.0,0.0,0.0,0.0,0,0,0,0,0,0,0,0,0,0,0,0,0.0,0.0
Junior Stanislas,https://twitter.com/JuniorStanislas,https://www.instagram.com/juniorstanislas/,0.0,0.0,0.0,0.0,0.0,0.0,0.0,0%,0.0,0.0,0.0,0.0,0.0,0.0,0.0,0.0,0.0,0.0,0.0,0.0,0.0,0.0,0.0,0,0.0,0.0,0.0,0%,0.0,0.0,0.0,0.0,0.0,0.0,0.0,0.0,0.0,0.0,0.0,0.0,0.0,0.0,0.0,0%,0.0,0.0,0.0,0.0,0.0,0.0,0.0,0.0,0.0,0,0,0,0,0,0,0,0,0,0,0,0,0.0,0.0
Raheem Sterling,https://twitter.com/sterling7,https://www.instagram.com/sterling7/,31.0,8.0,13.0,11.0,0.0,0.0,21.0,0,0.0,14.0,13.0,8.0,6.0,0.0,0.0,0.0,0.0,0.0,0.0,0.0,0.0,0.0,4.0,658,21.23,7.0,59.0,0,0.0,0.0,7.0,0.0,34.0,10.0,0.0,5.0,3.0,2.0,0.26,0.0,1.0,51.0,22.0,43%,11.0,0.0,0.0,0.0,0.0,0.0,0.0,0.0,0.0,https://www.facebook.com/sterling7official,0,0,0,0,0,0,0,0,0,0,0,0.0,0.0
James Tarkowski,https://twitter.com/Tarky19,https://www.instagram.com/tarky19/,38.0,1.0,13.0,16.0,13.0,51.0,61.0,69%,3.0,5.0,56.0,186.0,107.0,1.0,186.0,242.0,147.0,16.0,145.0,62.0,0.0,1.0,1.0,"1,525",40.13,5.0,6.0,50%,1.0,159.0,11.0,0.0,45.0,1.0,1.0,0.0,0.0,1.0,0.0,0.0,0.0,0.0,0.0,0,0.0,0.0,0.0,0.0,0.0,0.0,0.0,0.0,0.0,0,0,0,0,0,0,0,0,0,0,0,0,0.0,0.0
Kenny Tete,0,0,14.0,1.0,4.0,7.0,2.0,21.0,27.0,63%,0.0,0.0,16.0,31.0,14.0,0.0,45.0,53.0,40.0,9.0,5.0,5.0,0.0,0.0,0.0,422,30.14,0.0,23.0,30%,1.0,15.0,2.0,0.0,16.0,0.0,0.0,1.0,0.0,1.0,0.0,0.0,0.0,0.0,0.0,0,0.0,0.0,0.0,0.0,0.0,0.0,0.0,0.0,0.0,0,0,0,0,0,0,0,0,0,0,0,0,0.0,0.0
Sandro Tonali,0,https://www.instagram.com/sandrotonali/?hl=en,8.0,1.0,4.0,3.0,0.0,0.0,7.0,100%,0.0,1.0,2.0,4.0,2.0,0.0,20.0,17.0,19.0,3.0,1.0,0.0,0.0,0.0,0.0,267,33.38,0.0,11.0,36%,0.0,7.0,2.0,0.0,9.0,0.0,0.0,1.0,0.0,0.0,0.13,0.0,0.0,3.0,2.0,67%,1.0,0.0,0.0,0.0,0.0,0.0,0.0,0.0,0.0,0,0,0,0,0,0,0,0,0,0,0,0,0.0,0.0
Bertrand Traoré,0,https://www.instagram.com/bertrandtraore10/,2.0,0.0,2.0,0.0,0.0,0.0,1.0,0,0.0,0.0,0.0,0.0,0.0,0.0,0.0,0.0,0.0,0.0,0.0,0.0,0.0,0.0,0.0,3,1.5,0.0,0.0,0,0.0,0.0,0.0,0.0,0.0,0.0,0.0,0.0,0.0,0.0,0.0,0.0,0.0,0.0,0.0,0%,0.0,0.0,0.0,0.0,0.0,0.0,0.0,0.0,0.0,0,0,0,0,0,0,0,0,0,0,0,0,0.0,0.0
Auston Trusty,0,0,32.0,0.0,2.0,24.0,1.0,81.0,47.0,64%,3.0,1.0,35.0,145.0,82.0,1.0,89.0,127.0,104.0,6.0,63.0,51.0,0.0,1.0,0.0,846,26.44,3.0,5.0,40%,0.0,38.0,4.0,0.0,23.0,3.0,0.0,0.0,0.0,1.0,0.0,0.0,0.0,0.0,0.0,0,0.0,0.0,0.0,0.0,0.0,0.0,0.0,0.0,0.0,0,0,0,0,0,0,0,0,0,0,0,0,0.0,0.0
Louie Watson,0,0,0.0,0.0,0.0,0.0,0.0,0.0,0.0,0%,0.0,0.0,0.0,0.0,0.0,0.0,0.0,0.0,0.0,0.0,0.0,0.0,0.0,0.0,0.0,0,0.0,0.0,0.0,0%,0.0,0.0,0.0,0.0,0.0,0.0,0.0,0.0,0.0,0.0,0.0,0.0,0.0,0.0,0.0,0%,0.0,0.0,0.0,0.0,0.0,0.0,0.0,0.0,0.0,0,0,0,0,0,0,0,0,0,0,0,0,0.0,0.0
Wesley,0,https://www.instagram.com/wesleymoraes07/,0.0,0.0,0.0,0.0,0.0,0.0,0.0,0,0.0,0.0,0.0,0.0,0.0,0.0,0.0,0.0,0.0,0.0,0.0,0.0,0.0,0.0,0.0,0,0.0,0.0,0.0,0,0.0,0.0,0.0,0.0,0.0,0.0,0.0,0.0,0.0,0.0,0.0,0.0,0.0,0.0,0.0,0%,0.0,0.0,0.0,0.0,0.0,0.0,0.0,0.0,0.0,0,0,0,0,0,0,0,0,0,0,0,0,0.0,0.0
Josh Wilson-Esbrand,0,0,0.0,0.0,0.0,0.0,0.0,0.0,0.0,0%,0.0,0.0,0.0,0.0,0.0,0.0,0.0,0.0,0.0,0.0,0.0,0.0,0.0,0.0,0.0,0,0.0,0.0,0.0,0%,0.0,0.0,0.0,0.0,0.0,0.0,0.0,0.0,0.0,0.0,0.0,0.0,0.0,0.0,0.0,0,0.0,0.0,0.0,0.0,0.0,0.0,0.0,0.0,0.0,0,0,0,0,0,0,0,0,0,0,0,0,0.0,0.0
Joe Worrall,0,https://www.instagram.com/_worrall/,7.0,0.0,3.0,2.0,1.0,8.0,7.0,71%,0.0,0.0,3.0,31.0,16.0,0.0,18.0,21.0,16.0,0.0,12.0,10.0,0.0,0.0,0.0,161,23.0,0.0,0.0,0%,0.0,12.0,0.0,1.0,3.0,0.0,0.0,0.0,0.0,0.0,0.0,0.0,0.0,0.0,0.0,0,0.0,0.0,0.0,0.0,0.0,0.0,0.0,0.0,0.0,0,0,0,0,0,0,0,0,0,0,0,0,0.0,0.0
James Wright,0,0,0.0,0.0,0.0,0.0,0.0,0.0,0.0,0,0.0,0.0,0.0,0.0,0.0,0.0,0.0,0.0,0.0,0.0,0.0,0.0,0.0,0.0,0.0,0,0.0,0.0,0,0,0.0,0.0,0.0,0.0,0.0,0.0,0.0,0.0,0.0,0.0,0.0,0.0,0.0,0.0,0.0,0,0.0,0.0,0.0,0.0,0.0,0.0,0.0,0.0,0.0,0,0,0,0,0,0,0,0,0,0,0,0,0.0,0.0
Yehor Yarmoliuk,0,0,27.0,0.0,9.0,13.0,0.0,0.0,17.0,65%,0.0,3.0,6.0,5.0,2.0,0.0,50.0,49.0,47.0,17.0,9.0,10.0,0.0,0.0,0.0,282,10.44,0.0,14.0,7%,0.0,9.0,2.0,0.0,12.0,1.0,0.0,0.0,0.0,0.0,0.0,0.0,0.0,11.0,5.0,45%,2.0,0.0,0.0,0.0,0.0,0.0,0.0,0.0,0.0,0,0,0,0,0,0,0,0,0,0,0,0,0.0,0.0
Ryan Yates,0,https://www.instagram.com/ryanyates97/,35.0,1.0,9.0,18.0,0.0,0.0,66.0,59%,0.0,11.0,21.0,39.0,11.0,0.0,110.0,168.0,119.0,4.0,43.0,38.0,0.0,0.0,1.0,817,23.34,2.0,6.0,17%,2.0,29.0,6.0,0.0,54.0,2.0,0.0,1.0,0.0,1.0,0.03,0.0,0.0,32.0,7.0,22%,2.0,0.0,0.0,0.0,0.0,0.0,0.0,0.0,0.0,0,0,0,0,0,0,0,0,0,0,0,0,0.0,0.0
Nathan Young-Coombes,0,0,0.0,0.0,0.0,0.0,0.0,0.0,0.0,0,0.0,0.0,0.0,0.0,0.0,0.0,0.0,0.0,0.0,0.0,0.0,0.0,0.0,0.0,0.0,0,0.0,0.0,0.0,0,0.0,0.0,0.0,0.0,0.0,0.0,0.0,0.0,0.0,0.0,0.0,0.0,0.0,0.0,0.0,0%,0.0,0.0,0.0,0.0,0.0,0.0,0.0,0.0,0.0,0,0,0,0,0,0,0,0,0,0,0,0,0.0,0.0
Youssef Chermiti,0,0,18.0,0.0,7.0,8.0,0.0,0.0,3.0,0,0.0,2.0,1.0,2.0,1.0,0.0,0.0,0.0,0.0,0.0,0.0,0.0,0.0,0.0,0.0,58,3.22,2.0,0.0,0,0.0,0.0,3.0,0.0,11.0,6.0,0.0,0.0,0.0,0.0,0.0,0.0,0.0,7.0,2.0,29%,1.0,0.0,0.0,0.0,0.0,0.0,0.0,0.0,0.0,0,0,0,0,0,0,0,0,0,0,0,0,0.0,0.0
Denis Zakaria,0,https://www.instagram.com/deniszakaria/,0.0,0.0,0.0,0.0,0.0,0.0,0.0,0%,0.0,0.0,0.0,0.0,0.0,0.0,0.0,0.0,0.0,0.0,0.0,0.0,0.0,0.0,0.0,0,0.0,0.0,0.0,0%,0.0,0.0,0.0,0.0,0.0,0.0,0.0,0.0,0.0,0.0,0.0,0.0,0.0,0.0,0.0,0%,0.0,0.0,0.0,0.0,0.0,0.0,0.0,0.0,0.0,0,0,0,0,0,0,0,0,0,0,0,0,0.0,0.0
Martin Ødegaard,0,https://www.instagram.com/odegaard.98/,35.0,8.0,26.0,4.0,0.0,0.0,49.0,35%,0.0,30.0,15.0,5.0,3.0,0.0,158.0,125.0,176.0,37.0,3.0,9.0,0.0,0.0,10.0,"1,900",54.29,17.0,77.0,39%,39.0,45.0,2.0,0.0,30.0,3.0,0.0,0.0,8.0,0.0,0.23,2.0,0.0,77.0,23.0,30%,4.0,0.0,0.0,0.0,0.0,0.0,0.0,0.0,0.0,0,0,0,0,0,0,0,0,0,0,0,0,0.0,0.0
