Rk,Player,Nation,Pos,Squad,Age,Born,90s,CrdY,CrdR,2CrdY,Fls,Fld,Off,Crs,Int,TklW,PKwon,PKcon,OG,Matches,extra_0,MP,Starts,Min,Gls,Ast,G+A,G-PK,PK,PKatt,Gls,Ast,G+A,G-PK,G+A-PK,extra_1
1,Brenden Aaronson,us USA,MF,FW,Leeds United,24,2000,27.2,0.11,0.00,0.00,0.74,1.88,0.18,1.36,0.63,0.99,,,0.00,Matches,2000,37,30,449,27.2,0.15,0.18,0.33,0.15,0.11,0.00,0.15,0.18,0.33,Matches
2,Jerome Abbey,eng ENG,MF,Wolves,15,2009,0.2,0.00,0.00,0.00,0.00,0.00,5.00,0.00,5.00,0.00,,,0.00,Matches,,1,0,17,0.00,0.00,0.00,0.00,0.00,0.00,0.00,0.00,0.00,0.00,0.00,
3,Zach Abbott,eng ENG,DF,Nottingham Forest,19,2006,1.8,0.00,0.00,0.00,1.67,0.56,0.00,1.67,1.11,2.22,,,0.00,Matches,,3,2,164,0.00,0.00,0.00,0.00,0.00,0.00,0.00,0.00,0.00,0.00,0.00,
4,Tammy Abraham,eng ENG,FW,Aston Villa,27,1997,3.2,0.00,0.00,0.00,0.63,0.00,0.00,0.31,0.00,0.31,,,0.00,Matches,,12,2,286,0.63,0.00,0.63,0.63,0.00,0.00,0.63,0.00,0.63,0.63,0.63,
5,Joshua Acheampong,eng ENG,DF,Chelsea,19,2006,7.4,0.14,0.00,0.00,0.27,1.22,0.27,0.14,1.62,1.08,,,0.00,Matches,,17,8,666,0.14,0.00,0.14,0.14,0.00,0.00,0.14,0.00,0.14,0.14,0.14,
6,Tyler Adams,us USA,MF,Bournemouth,26,1999,19.7,0.41,0.00,0.00,1.83,0.66,0.05,0.15,1.52,1.22,,,0.00,Matches,,25,21,1,19.7,0.10,0.10,0.20,0.10,0.00,0.00,0.10,0.10,0.20,0.10,
7,Tosin Adarabioyo,eng ENG,DF,Chelsea,27,1997,8.8,0.23,0.00,0.00,0.68,0.00,0.11,0.00,1.02,0.68,,,0.00,Matches,,16,8,795,0.00,0.00,0.00,0.00,0.00,0.00,0.00,0.00,0.00,0.00,0.00,
8,Simon Adingra,ci CIV,MF,FW,Sunderland,23,2002,7.3,0.27,0.00,0.00,2.47,0.41,0.55,3.70,0.27,1.10,,,0.00,Matches,2002,14,9,7.3,0.14,0.00,0.14,0.14,0.00,0.00,0.14,0.00,0.14,0.14,
9,Amine Adli,ma MAR,MF,Bournemouth,25,2000,12.1,0.17,0.00,0.00,2.40,1.90,0.41,3.22,0.50,1.40,,,0.00,Matches,,31,10,1,12.1,0.25,0.08,0.33,0.25,0.00,0.00,0.25,0.08,0.33,0.25,
10,Emmanuel Agbadou,ci CIV,DF,Wolves,28,1997,12.2,0.08,0.08,0.00,0.82,0.41,0.08,1.07,1.15,1.72,,,0.00,Matches,,14,12,1,12.2,0.00,0.00,0.00,0.00,0.00,0.08,0.00,0.00,0.00,0.00,
11,Nayef Aguerd,ma MAR,DF,West Ham United,29,1996,2.0,0.00,0.00,0.00,0.00,0.50,0.00,1.00,0.50,0.00,,,0.00,Matches,,2,2,180,0.00,0.00,0.00,0.00,0.00,0.00,0.00,0.00,0.00,0.00,0.00,
12,Ola Aina,ng NGA,DF,Nottingham Forest,28,1996,17.6,0.17,0.00,0.00,0.74,0.85,0.00,2.22,1.48,1.19,,,0.00,Matches,,18,18,1,17.6,0.00,0.00,0.00,0.00,0.00,0.00,0.00,0.00,0.00,0.00,
13,Rayan Aït-Nouri,dz ALG,DF,Manchester City,24,2001,10.8,0.19,0.00,0.00,1.57,0.93,0.00,2.04,1.20,1.94,,,0.00,Matches,,17,12,974,0.00,0.19,0.19,0.00,0.00,0.00,0.00,0.18,0.18,0.00,0.18,
14,Kristoffer Ajer,no NOR,DF,Brentford,27,1998,20.1,0.20,0.00,0.00,1.14,0.25,0.00,0.35,0.75,1.14,,,0.00,Matches,,27,20,1,20.1,0.00,0.05,0.05,0.00,0.00,0.00,0.00,0.05,0.05,0.00,
15,Nathan Aké,nl NED,DF,Manchester City,30,1995,7.7,0.13,0.00,0.00,0.39,1.04,0.13,0.52,0.65,0.78,,,0.00,Matches,,18,6,695,0.00,0.00,0.00,0.00,0.00,0.00,0.00,0.00,0.00,0.00,0.00,
16,Carlos Alcaraz,ar ARG,MF,Everton,22,2002,7.7,0.52,0.00,0.00,1.30,1.56,0.13,0.78,0.26,1.17,,,0.00,Matches,,20,6,689,0.00,0.13,0.13,0.00,0.00,0.00,0.00,0.13,0.13,0.00,0.13,
17,Omar Alderete,py PAR,DF,Sunderland,28,1996,31.1,0.19,0.00,0.00,1.09,0.32,0.16,0.35,1.16,0.58,,,0.00,Matches,,33,32,2,31.1,0.03,0.03,0.06,0.03,0.00,0.00,0.03,0.03,0.06,0.03,
18,Alisson,br BRA,GK,Liverpool,32,1992,26.0,0.04,0.00,0.00,0.04,0.27,0.00,0.00,0.00,0.00,,,0.00,Matches,,26,26,2,26.0,0.00,0.00,0.00,0.00,0.00,0.00,0.00,0.00,0.00,0.00,
19,Max Alleyne,eng ENG,DF,Manchester City,20,2005,1.5,0.00,0.00,0.00,0.00,0.00,0.00,0.00,2.00,2.00,,,0.00,Matches,,2,2,135,0.00,0.00,0.00,0.00,0.00,0.00,0.00,0.00,0.00,0.00,0.00,
20,Jaydon Amauri Banel,nl NED,FW,MF,Burnley,20,2004,0.1,0.00,0.00,0.00,0.00,10.0,0.00,0.00,0.00,0.00,,,0.00,Matches,2004,1,0,0.1,0.00,0.00,0.00,0.00,0.00,0.00,0.00,0.00,0.00,0.00,
21,Zeki Amdouni,ch SUI,FW,MF,Burnley,24,2000,0.8,0.00,0.00,0.00,1.25,1.25,0.00,0.00,0.00,0.00,,,0.00,Matches,2000,4,0,0.8,0.00,0.00,0.00,0.00,0.00,0.00,0.00,0.00,0.00,0.00,
22,Ethan Ampadu,wls WAL,MF,Leeds United,24,2000,34.7,0.29,0.00,0.00,1.44,1.04,0.00,0.72,1.44,1.33,,,0.00,Matches,,35,35,3,34.7,0.03,0.03,0.06,0.03,0.00,0.00,0.03,0.03,0.06,0.03,
23,Joachim Andersen,dk DEN,DF,Fulham,29,1996,31.9,0.22,0.03,0.00,0.94,0.41,0.00,0.47,1.07,0.82,,,0.00,Matches,,33,33,2,31.9,0.00,0.03,0.03,0.00,0.00,0.03,0.00,0.03,0.03,0.00,
24,Elliot Anderson,eng ENG,MF,Nottingham Forest,22,2002,37.0,0.22,0.00,0.00,1.54,2.16,0.05,4.73,1.11,1.62,,,0.00,Matches,,38,37,3,37.0,0.11,0.11,0.22,0.08,0.03,0.00,0.11,0.11,0.22,0.08,
25,André,br BRA,MF,Wolves,24,2001,30.7,0.39,0.00,0.00,1.53,1.40,0.00,1.30,0.81,1.37,,,0.00,Matches,,35,30,2,30.7,0.03,0.00,0.03,0.03,0.00,0.00,0.03,0.00,0.03,0.03,
Rk,Player,Nation,Pos,Squad,Age,Born,90s,CrdY,CrdR,2CrdY,Fls,Fld,Off,Crs,Int,TklW,PKwon,PKcon,OG,Matches,,MP,Starts,Min,Gls,Ast,G+A,G-PK,PK,PKatt,Gls,Ast,G+A,G-PK,G+A-PK,
26,Nilson Angulo,ec ECU,MF,Sunderland,22,2003,4.5,0.22,0.00,0.00,2.44,0.67,0.22,1.56,1.11,1.56,,,0.00,Matches,,8,5,404,0.00,0.00,0.00,0.00,0.00,0.00,0.00,0.00,0.00,0.00,0.00,
27,Jaidon Anthony,eng ENG,MF,Burnley,25,1999,30.2,0.13,0.00,0.00,0.89,1.56,0.30,2.65,0.53,0.70,,,0.00,Matches,,37,32,2,30.2,0.26,0.07,0.33,0.26,0.00,0.00,0.26,0.07,0.33,0.26,
28,Alphonse Areola,fr FRA,GK,West Ham United,32,1993,20.0,0.00,0.00,0.00,0.05,0.05,0.00,0.00,0.05,0.00,,,0.00,Matches,,20,20,1,20.0,0.00,0.05,0.05,0.00,0.00,0.00,0.00,0.05,0.05,0.00,
29,Jhon Arias,co COL,FW,MF,Wolves,27,1997,12.5,0.08,0.00,0.00,2.08,0.72,0.24,2.40,0.56,2.16,,,0.00,Matches,1997,23,14,124,12.5,0.08,0.00,0.08,0.08,0.08,0.00,0.08,0.00,0.08,Matches
30,Adam Armstrong,eng ENG,FW,MF,Wolves,28,1997,12.7,0.24,0.00,0.00,0.94,0.24,0.39,0.39,0.08,0.31,,,0.00,Matches,1997,14,14,140,12.7,0.16,0.16,0.31,0.08,0.24,0.00,0.16,0.16,0.32,Matches
31,Harrison Armstrong,eng ENG,MF,Everton,18,2007,5.9,0.00,0.00,0.00,1.02,2.54,0.34,0.51,0.68,1.69,,,0.00,Matches,,13,6,529,0.00,0.00,0.00,0.00,0.00,0.00,0.00,0.00,0.00,0.00,0.00,
32,Tolu Arokodare,ng NGA,FW,Wolves,24,2000,15.8,0.06,0.00,0.00,1.14,1.08,0.38,0.00,0.32,0.25,,,0.00,Matches,,33,13,1,15.8,0.19,0.06,0.25,0.19,0.00,0.00,0.19,0.06,0.25,0.19,
33,Kepa Arrizabalaga,es ESP,GK,Arsenal,30,1994,1.0,0.00,0.00,0.00,0.00,0.00,0.00,0.00,0.00,0.00,,,0.00,Matches,,1,1,90,0.00,0.00,0.00,0.00,0.00,0.00,0.00,0.00,0.00,0.00,0.00,
34,Taiwo Awoniyi,ng NGA,FW,Nottingham Forest,27,1997,5.5,0.36,0.00,0.00,1.82,1.27,1.09,0.18,0.18,0.18,,,0.00,Matches,,17,3,494,0.73,0.18,0.91,0.73,0.00,0.00,0.73,0.18,0.91,0.73,0.91,
35,Yasin Ayari,se SWE,MF,Brighton,21,2003,21.4,0.05,0.00,0.00,1.12,1.31,0.00,1.12,1.21,1.17,,,0.00,Matches,,29,20,1,21.4,0.14,0.14,0.28,0.14,0.00,0.00,0.14,0.14,0.28,0.14,
36,Benoît Badiashile,fr FRA,DF,Chelsea,24,2001,5.2,0.38,0.00,0.00,1.15,0.38,0.00,0.00,1.73,0.96,,,0.00,Matches,,8,6,471,0.00,0.00,0.00,0.00,0.00,0.00,0.00,0.00,0.00,0.00,0.00,
37,Leon Bailey,jm JAM,MF,Aston Villa,27,1997,5.1,0.20,0.00,0.00,1.18,0.98,0.20,3.73,0.78,1.18,,,0.00,Matches,,13,3,459,0.00,0.20,0.20,0.00,0.00,0.00,0.00,0.20,0.20,0.00,0.20,
38,Dilane Bakwa,fr FRA,MF,Nottingham Forest,22,2002,6.1,0.16,0.00,0.00,1.48,2.30,0.00,6.23,0.00,0.49,,,0.00,Matches,,14,6,553,0.00,0.33,0.33,0.00,0.00,0.00,0.00,0.33,0.33,0.00,0.33,
39,Carlos Baleba,cm CMR,MF,Brighton,21,2004,18.4,0.27,0.00,0.00,1.68,1.30,0.00,0.00,1.52,1.14,,,0.00,Matches,,31,23,1,18.4,0.00,0.00,0.00,0.00,0.00,0.00,0.00,0.00,0.00,0.00,
40,Daniel Ballard,nir NIR,DF,Sunderland,25,1999,23.9,0.17,0.04,0.00,1.21,1.21,0.13,0.04,0.84,0.71,,,0.00,Matches,,29,24,2,23.9,0.08,0.00,0.08,0.08,0.00,0.04,0.08,0.00,0.08,0.08,
41,Ross Barkley,eng ENG,MF,Aston Villa,31,1993,9.5,0.11,0.00,0.00,0.95,0.84,0.00,0.00,0.21,1.16,,,0.00,Matches,,21,7,857,0.32,0.11,0.42,0.32,0.00,0.00,0.32,0.11,0.42,0.32,0.42,
42,Ashley Barnes,eng ENG,FW,MF,Burnley,35,1989,0.5,4.00,0.00,0.00,4.00,4.00,4.00,0.00,0.00,0.00,,,0.00,Matches,1989,7,0,0.5,0.00,0.00,0.00,0.00,0.00,0.00,0.00,0.00,0.00,0.00,
43,Harvey Barnes,eng ENG,FW,MF,Newcastle United,27,1997,21.8,0.05,0.00,0.00,0.78,1.06,0.14,3.39,0.14,0.23,,,0.00,Matches,1997,37,19,966,21.8,0.32,0.05,0.37,0.32,0.05,0.00,0.32,0.05,0.37,Matches
44,Thierno Barry,fr FRA,FW,Everton,22,2002,21.3,0.14,0.00,0.00,2.16,0.38,0.61,0.19,0.23,0.19,,,0.00,Matches,,38,21,1,21.3,0.38,0.00,0.38,0.38,0.00,0.00,0.38,0.00,0.38,0.38,
45,Calvin Bassey,ng NGA,DF,Fulham,25,1999,28.2,0.18,0.00,0.00,0.99,1.42,0.04,0.50,0.78,1.13,,,0.00,Matches,,30,28,2,28.2,0.04,0.00,0.04,0.04,0.00,0.00,0.04,0.00,0.04,0.04,
46,Altay Bayındır,tr TUR,GK,Manchester Utd,27,1998,6.0,0.00,0.00,0.00,0.00,0.50,0.00,0.00,0.00,0.00,,,0.00,Matches,,6,6,540,0.00,0.00,0.00,0.00,0.00,0.00,0.00,0.00,0.00,0.00,0.00,
47,Jean-Ricner Bellegarde,ht HAI,MF,FW,Wolves,27,1998,13.9,0.36,0.00,0.00,1.44,2.95,0.00,1.80,0.65,1.08,,,0.00,Matches,1998,26,15,248,13.9,0.07,0.07,0.14,0.07,0.36,0.00,0.07,0.07,0.14,Matches
48,Walter Benítez,ar ARG,GK,Crystal Palace,32,1993,1.0,0.00,0.00,0.00,0.00,0.00,0.00,0.00,0.00,0.00,,,0.00,Matches,,1,1,90,0.00,0.00,0.00,0.00,0.00,0.00,0.00,0.00,0.00,0.00,0.00,
49,Rodrigo Bentancur,uy URU,MF,Tottenham Hotspur,28,1997,20.9,0.33,0.00,0.00,0.91,0.38,0.05,0.33,1.72,1.72,,,0.00,Matches,,26,23,1,20.9,0.05,0.05,0.10,0.05,0.00,0.00,0.05,0.05,0.10,0.05,
50,Daniel Bentley,eng ENG,GK,Wolves,32,1993,3.0,0.00,0.00,0.00,0.00,0.67,0.00,0.00,0.00,0.00,,,0.00,Matches,,3,3,270,0.00,0.00,0.00,0.00,0.00,0.00,0.00,0.00,0.00,0.00,0.00,
Rk,Player,Nation,Pos,Squad,Age,Born,90s,CrdY,CrdR,2CrdY,Fls,Fld,Off,Crs,Int,TklW,PKwon,PKcon,OG,Matches,,MP,Starts,Min,Gls,Ast,G+A,G-PK,PK,PKatt,Gls,Ast,G+A,G-PK,G+A-PK,
51,Sander Berge,no NOR,MF,Fulham,27,1998,32.3,0.15,0.00,0.00,1.08,0.43,0.03,0.40,0.80,1.27,,,0.03,Matches,,35,34,2,32.3,0.00,0.03,0.03,0.00,0.00,0.00,0.00,0.03,0.03,0.00,
52,Lucas Bergvall,se SWE,MF,Tottenham Hotspur,19,2006,10.7,0.19,0.00,0.00,2.24,0.65,0.28,1.78,0.28,1.31,,,0.00,Matches,,23,11,965,0.09,0.28,0.37,0.09,0.00,0.00,0.09,0.28,0.37,0.09,0.37,
53,Beto,gw GNB,FW,Everton,27,1998,17.4,0.17,0.00,0.00,1.84,0.69,0.52,0.11,0.06,0.29,,,0.00,Matches,,37,17,1,17.4,0.52,0.06,0.57,0.52,0.00,0.00,0.52,0.06,0.57,0.52,
54,Jaka Bijol,si SVN,DF,Leeds United,26,1999,21.0,0.19,0.00,0.00,0.90,0.48,0.00,0.05,1.05,0.62,,,0.00,Matches,,25,21,1,21.0,0.05,0.10,0.14,0.05,0.00,0.00,0.05,0.10,0.14,0.05,
55,Yves Bissouma,ml MLI,MF,Tottenham Hotspur,28,1996,6.7,0.60,0.00,0.00,1.19,0.90,0.00,0.15,1.19,1.64,,,0.00,Matches,,11,7,603,0.00,0.00,0.00,0.00,0.00,0.00,0.00,0.00,0.00,0.00,0.00,
56,Marco Bizot,nl NED,GK,Aston Villa,34,1991,6.5,0.31,0.00,0.00,0.15,0.15,0.00,0.00,0.00,0.00,,,0.00,Matches,,7,6,585,0.00,0.00,0.00,0.00,0.00,0.00,0.00,0.00,0.00,0.00,0.00,
57,Oscar Bobb,no NOR,MF,FW,Manchester City,22,2003,5.2,0.19,0.00,0.00,0.96,1.73,0.00,0.96,0.58,0.96,,,0.00,Matches,2003,9,5,5.2,0.00,0.19,0.19,0.00,0.00,0.00,0.00,0.19,0.19,0.00,
58,Oscar Bobb,no NOR,MF,Fulham,22,2003,6.3,0.00,0.00,0.00,0.63,1.27,0.00,1.43,0.95,1.11,,,0.00,Matches,,14,6,571,0.00,0.00,0.00,0.00,0.00,0.00,0.00,0.00,0.00,0.00,0.00,
59,Lamare Bogarde,nl NED,MF,DF,Aston Villa,21,2004,11.7,0.43,0.00,0.00,1.45,1.71,0.00,0.17,0.34,1.62,,,0.00,Matches,2004,28,11,053,11.7,0.00,0.00,0.00,0.00,0.43,0.00,0.00,0.00,0.00,Matches
60,Jayden Bogle,eng ENG,MF,DF,Leeds United,25,2000,31.0,0.19,0.00,0.00,1.26,0.94,0.32,2.16,0.97,1.39,,,0.00,Matches,2000,34,32,793,31.0,0.03,0.06,0.10,0.03,0.19,0.00,0.03,0.06,0.10,Matches
61,Sebastiaan Bornauw,be BEL,DF,Leeds United,26,1999,4.8,0.21,0.00,0.00,1.46,0.00,0.21,0.21,1.46,0.83,,,0.00,Matches,,12,5,429,0.00,0.00,0.00,0.00,0.00,0.00,0.00,0.00,0.00,0.00,0.00,
62,Olivier Boscagli,fr FRA,DF,Brighton,27,1997,8.9,0.22,0.00,0.00,0.79,1.12,0.00,1.69,1.80,1.24,,,0.00,Matches,,12,9,802,0.00,0.11,0.11,0.00,0.00,0.00,0.00,0.11,0.11,0.00,0.11,
63,Sven Botman,nl NED,DF,Newcastle United,25,2000,20.4,0.10,0.00,0.00,0.64,0.93,0.05,0.10,1.23,0.69,,,0.05,Matches,,25,21,1,20.4,0.05,0.05,0.10,0.05,0.00,0.00,0.05,0.05,0.10,0.05,
64,Jarrod Bowen,eng ENG,MF,FW,West Ham United,28,1996,37.8,0.11,0.00,0.00,0.50,1.30,0.45,3.92,0.71,0.74,,,0.00,Matches,1996,38,38,403,37.8,0.24,0.29,0.53,0.21,0.11,0.00,0.24,0.29,0.53,Matches
65,Conor Bradley,nir NIR,DF,Liverpool,22,2003,10.3,0.49,0.00,0.00,1.75,1.94,0.10,2.23,1.17,1.46,,,0.00,Matches,,15,12,929,0.00,0.10,0.10,0.00,0.00,0.00,0.00,0.10,0.10,0.00,0.10,
66,Jarrad Branthwaite,eng ENG,DF,Everton,23,2002,7.6,0.13,0.00,0.00,0.39,0.13,0.13,0.39,1.45,0.79,,,0.00,Matches,,10,7,680,0.13,0.00,0.13,0.13,0.00,0.00,0.13,0.00,0.13,0.13,0.13,
67,Brian Brobbey,nl NED,FW,Sunderland,23,2002,21.4,0.28,0.00,0.00,1.54,1.73,0.37,0.09,0.00,0.09,,,0.00,Matches,,31,22,1,21.4,0.33,0.05,0.37,0.33,0.00,0.00,0.33,0.05,0.37,0.33,
68,Armando Broja,al ALB,FW,Burnley,23,2001,9.6,0.00,0.00,0.00,1.46,1.67,0.63,0.31,0.31,0.31,,,0.00,Matches,,24,8,860,0.10,0.10,0.21,0.10,0.00,0.00,0.10,0.10,0.21,0.10,0.21,
69,David Brooks,wls WAL,MF,Bournemouth,28,1997,13.4,0.52,0.00,0.00,0.82,0.97,0.15,4.40,0.30,0.97,,,0.00,Matches,,31,13,1,13.4,0.07,0.22,0.30,0.07,0.00,0.00,0.07,0.22,0.30,0.07,
70,Jacob Bruun Larsen,dk DEN,MF,FW,Burnley,26,1998,11.4,0.00,0.00,0.00,0.09,0.00,0.35,3.68,0.53,0.26,,,0.00,Matches,1998,28,10,030,11.4,0.00,0.09,0.09,0.00,0.00,0.00,0.00,0.09,0.09,Matches
71,Emi Buendía,ar ARG,MF,Aston Villa,28,1996,19.5,0.31,0.00,0.00,2.10,2.31,0.05,0.51,0.67,1.38,,,0.00,Matches,,36,21,1,19.5,0.31,0.10,0.41,0.31,0.00,0.00,0.31,0.10,0.41,0.31,
72,Hugo Bueno,es ESP,MF,DF,Wolves,22,2002,26.3,0.11,0.00,0.00,0.65,0.91,0.11,6.31,1.25,1.33,,,0.00,Matches,2002,35,26,366,26.3,0.04,0.08,0.11,0.04,0.11,0.00,0.04,0.08,0.11,Matches
73,Santiago Bueno,uy URU,DF,Wolves,26,1998,28.4,0.14,0.00,0.00,1.02,0.39,0.07,0.21,0.95,1.06,,,0.00,Matches,,29,28,2,28.4,0.11,0.04,0.14,0.11,0.00,0.00,0.11,0.04,0.14,0.11,
74,Facundo Buonanotte,ar ARG,MF,Chelsea,20,2004,0.5,0.00,0.00,0.00,0.00,0.00,0.00,0.00,0.00,0.00,,,0.00,Matches,,1,1,45,0.00,0.00,0.00,0.00,0.00,0.00,0.00,0.00,0.00,0.00,0.00,
75,Facundo Buonanotte,ar ARG,MF,Leeds United,20,2004,0.4,2.50,0.00,0.00,2.50,0.00,0.00,5.00,2.50,0.00,,,0.00,Matches,,3,0,39,0.00,0.00,0.00,0.00,0.00,0.00,0.00,0.00,0.00,0.00,0.00,
Rk,Player,Nation,Pos,Squad,Age,Born,90s,CrdY,CrdR,2CrdY,Fls,Fld,Off,Crs,Int,TklW,PKwon,PKcon,OG,Matches,,MP,Starts,Min,Gls,Ast,G+A,G-PK,PK,PKatt,Gls,Ast,G+A,G-PK,G+A-PK,
76,Dan Burn,eng ENG,DF,Newcastle United,33,1992,24.4,0.45,0.04,0.04,1.48,0.53,0.12,0.57,0.82,1.07,,,0.00,Matches,,29,25,2,24.4,0.04,0.08,0.12,0.04,0.00,0.04,0.04,0.08,0.12,0.04,
77,Bradley Burrowes,eng ENG,MF,Aston Villa,17,2008,0.2,0.00,0.00,0.00,0.00,5.00,0.00,15.0,0.00,0.00,,,0.00,Matches,,1,0,17,0.00,0.00,0.00,0.00,0.00,0.00,0.00,0.00,0.00,0.00,0.00,
78,Jun'ai Byfield,eng ENG,DF,Tottenham Hotspur,16,2008,0.0,0,0,0,0,0,0,0,0,0,,,0,Matches,,1,0,1,0,0,0,0,0,0,0.00,0.00,0.00,0.00,0.00,
79,Sam Byram,eng ENG,DF,MF,Leeds United,31,1993,0.1,0.00,0.00,0.00,10.0,0.00,10.0,0.00,0.00,10.0,,,0.00,Matches,1993,2,0,0.1,0.00,0.00,0.00,0.00,0.00,0.00,0.00,0.00,0.00,0.00,
80,Moisés Caicedo,ec ECU,MF,Chelsea,23,2001,31.1,0.35,0.03,0.00,1.74,1.77,0.00,0.26,1.90,1.51,,,0.00,Matches,,33,32,2,31.1,0.10,0.03,0.13,0.10,0.00,0.03,0.10,0.03,0.13,0.10,
81,Tom Cairney,sct SCO,MF,Fulham,34,1991,8.6,0.35,0.00,0.00,1.16,1.28,0.00,0.70,0.47,0.47,,,0.00,Matches,,24,6,775,0.23,0.00,0.23,0.23,0.00,0.00,0.23,0.00,0.23,0.23,0.23,
82,Riccardo Calafiori,it ITA,DF,Arsenal,23,2002,18.9,0.26,0.00,0.00,1.38,0.53,0.21,1.11,0.69,1.01,,,0.00,Matches,,26,22,1,18.9,0.05,0.11,0.16,0.05,0.00,0.00,0.05,0.11,0.16,0.05,
83,Dominic Calvert-Lewin,eng ENG,FW,Leeds United,28,1997,30.2,0.10,0.00,0.00,1.49,1.23,0.86,0.30,0.17,0.13,,,0.00,Matches,,35,30,2,30.2,0.46,0.03,0.50,0.33,0.13,0.00,0.46,0.03,0.50,0.33,
84,Jaydee Canvot,fr FRA,DF,Crystal Palace,19,2006,14.8,0.20,0.00,0.00,0.81,0.47,0.00,0.34,0.81,1.49,,,0.00,Matches,,20,14,1,14.8,0.00,0.00,0.00,0.00,0.00,0.00,0.00,0.00,0.00,0.00,
85,Rio Cardines,tt TRI,MF,Crystal Palace,19,2006,1.0,0.00,0.00,0.00,0.00,1.00,0.00,3.00,0.00,1.00,,,0.00,Matches,,1,1,90,0.00,0.00,0.00,0.00,0.00,0.00,0.00,0.00,0.00,0.00,0.00,
86,Fabio Carvalho,pt POR,MF,Brentford,22,2002,1.1,0.00,0.00,0.00,0.00,0.00,0.00,4.55,0.00,1.82,,,0.00,Matches,,6,1,102,0.91,0.00,0.91,0.91,0.00,0.00,0.88,0.00,0.88,0.88,0.88,
87,Casemiro,br BRA,MF,Manchester Utd,33,1992,28.6,0.38,0.03,0.03,1.61,1.26,0.17,0.66,1.05,1.57,,,0.00,Matches,,34,33,2,28.6,0.31,0.07,0.38,0.31,0.00,0.03,0.32,0.07,0.39,0.32,
88,Matty Cash,pl POL,DF,Aston Villa,27,1997,33.5,0.27,0.00,0.00,1.25,0.90,0.12,3.91,0.72,0.96,,,0.00,Matches,,35,34,3,33.5,0.09,0.09,0.18,0.09,0.00,0.00,0.09,0.09,0.18,0.09,
89,Timothy Castagne,be BEL,DF,MF,Fulham,29,1995,20.5,0.20,0.00,0.00,0.88,0.54,0.05,2.34,1.37,1.17,,,0.00,Matches,1995,30,20,845,20.5,0.00,0.00,0.00,0.00,0.20,0.00,0.00,0.00,0.00,Matches
90,Valentín Castellanos,ar ARG,FW,West Ham United,26,1998,15.4,0.39,0.00,0.00,2.08,1.04,0.58,0.58,0.39,0.58,,,0.00,Matches,,18,17,1,15.4,0.39,0.00,0.39,0.39,0.00,0.00,0.39,0.00,0.39,0.39,
91,Trevoh Chalobah,eng ENG,DF,Chelsea,26,1999,30.9,0.10,0.03,0.00,0.65,0.58,0.06,0.16,1.20,0.71,,,0.00,Matches,,34,31,2,30.9,0.10,0.00,0.10,0.10,0.00,0.03,0.10,0.00,0.10,0.10,
92,Rayan Cherki,fr FRA,MF,Manchester City,21,2003,19.8,0.05,0.00,0.00,0.91,1.72,0.05,4.04,0.35,0.81,,,0.00,Matches,,33,19,1,19.8,0.20,0.61,0.81,0.20,0.00,0.00,0.20,0.60,0.81,0.20,
93,Federico Chiesa,it ITA,MF,Liverpool,27,1997,3.8,0.79,0.00,0.00,2.89,1.84,0.53,4.47,1.05,1.32,,,0.00,Matches,,26,1,339,0.53,0.26,0.79,0.53,0.00,0.00,0.53,0.27,0.80,0.53,0.80,
94,Tawanda Chirewa,zw ZIM,MF,Wolves,21,2003,0.3,0.00,0.00,0.00,10.0,3.33,0.00,0.00,0.00,0.00,,,0.00,Matches,,2,0,27,0.00,0.00,0.00,0.00,0.00,0.00,0.00,0.00,0.00,0.00,0.00,
95,Ryan Christie,sct SCO,MF,Bournemouth,30,1995,11.0,0.27,0.09,0.00,1.45,2.00,0.09,1.55,1.00,1.82,,,0.00,Matches,,26,9,993,0.18,0.00,0.18,0.18,0.00,0.00,0.18,0.00,0.18,0.18,0.18,
96,Samuel Chukwueze,ng NGA,MF,Fulham,26,1999,12.0,0.00,0.00,0.00,0.42,1.00,0.25,3.58,0.50,0.33,,,0.00,Matches,,23,10,1,12.0,0.25,0.33,0.58,0.25,0.00,0.00,0.25,0.33,0.58,0.25,
97,Dennis Cirkin,lv LVA,DF,Sunderland,23,2002,3.6,0.56,0.00,0.00,1.11,0.56,0.00,0.83,1.39,1.39,,,0.00,Matches,,8,3,323,0.00,0.00,0.00,0.00,0.00,0.00,0.00,0.00,0.00,0.00,0.00,
98,Nathaniel Clyne,eng ENG,MF,DF,Crystal Palace,34,1991,6.6,0.15,0.00,0.00,0.61,0.30,0.00,2.27,1.06,1.36,,,0.00,Matches,1991,10,7,6.6,0.00,0.15,0.15,0.00,0.00,0.00,0.00,0.15,0.15,0.00,
99,Séamus Coleman,ie IRL,DF,Everton,36,1988,0.2,0.00,0.00,0.00,0.00,5.00,0.00,15.0,0.00,0.00,,,0.00,Matches,,5,1,21,0.00,0.00,0.00,0.00,0.00,0.00,0.00,0.00,0.00,0.00,0.00,
100,Nathan Collins,ie IRL,DF,Brentford,24,2001,33.1,0.21,0.00,0.00,0.60,0.51,0.06,0.03,1.09,0.39,,,0.03,Matches,,35,32,2,33.1,0.03,0.06,0.09,0.03,0.00,0.00,0.03,0.06,0.09,0.03,
Rk,Player,Nation,Pos,Squad,Age,Born,90s,CrdY,CrdR,2CrdY,Fls,Fld,Off,Crs,Int,TklW,PKwon,PKcon,OG,Matches,,MP,Starts,Min,Gls,Ast,G+A,G-PK,PK,PKatt,Gls,Ast,G+A,G-PK,G+A-PK,
101,Levi Colwill,eng ENG,DF,Chelsea,22,2003,2.5,0.00,0.00,0.00,0.40,0.80,0.00,0.40,2.00,0.80,,,0.00,Matches,,3,2,225,0.00,0.00,0.00,0.00,0.00,0.00,0.00,0.00,0.00,0.00,0.00,
102,Lewis Cook,eng ENG,MF,DF,Bournemouth,28,1997,9.7,0.10,0.10,0.00,0.82,0.52,0.00,4.54,2.16,1.75,,,0.00,Matches,1997,18,8,9.7,0.00,0.10,0.10,0.00,0.00,0.10,0.00,0.10,0.10,0.00,
103,Diego Coppola,it ITA,DF,Brighton,21,2003,2.2,0.91,0.00,0.00,1.82,0.00,0.00,0.00,0.45,0.91,,,0.00,Matches,,5,2,194,0.00,0.00,0.00,0.00,0.00,0.00,0.00,0.00,0.00,0.00,0.00,
104,Marc Cucurella,es ESP,DF,Chelsea,27,1998,30.1,0.27,0.03,0.00,1.50,0.96,0.17,1.36,0.93,1.33,,,0.00,Matches,,34,31,2,30.1,0.03,0.13,0.17,0.03,0.00,0.03,0.03,0.13,0.17,0.03,
105,Jorge Cuenca,es ESP,DF,Fulham,25,1999,10.4,0.58,0.00,0.00,0.96,0.10,0.10,0.19,1.44,0.96,,,0.00,Matches,,15,11,938,0.00,0.00,0.00,0.00,0.00,0.00,0.00,0.00,0.00,0.00,0.00,
106,Josh Cullen,ie IRL,MF,Burnley,29,1996,16.8,0.12,0.00,0.00,0.95,1.07,0.00,0.71,1.43,1.13,,,0.06,Matches,,18,18,1,16.8,0.12,0.12,0.24,0.12,0.00,0.00,0.12,0.12,0.24,0.12,
107,Jair Cunha,br BRA,DF,Nottingham Forest,20,2005,5.7,0.00,0.00,0.00,0.00,1.05,0.00,0.35,0.88,0.88,,,0.00,Matches,,9,6,517,0.00,0.00,0.00,0.00,0.00,0.00,0.00,0.00,0.00,0.00,0.00,
108,Matheus Cunha,br BRA,MF,FW,Manchester Utd,26,1999,27.7,0.14,0.00,0.00,1.01,1.95,0.07,1.77,0.76,0.83,,,0.00,Matches,1999,33,29,494,27.7,0.36,0.07,0.43,0.36,0.14,0.00,0.36,0.07,0.43,Matches
109,Diogo Dalot,pt POR,DF,MF,Manchester Utd,26,1999,29.0,0.17,0.00,0.00,0.86,0.48,0.14,1.97,0.90,1.03,,,0.00,Matches,1999,34,29,614,29.0,0.03,0.10,0.14,0.03,0.17,0.00,0.03,0.10,0.14,Matches
110,Mikkel Damsgaard,dk DEN,MF,Brentford,25,2000,22.8,0.00,0.00,0.00,0.79,1.01,0.18,4.17,1.05,1.49,,,0.00,Matches,,33,24,2,22.8,0.18,0.18,0.35,0.18,0.00,0.00,0.18,0.18,0.35,0.18,
111,Kevin Danso,at AUT,DF,Tottenham Hotspur,26,1998,16.6,0.48,0.00,0.00,1.27,0.78,0.00,0.42,1.51,0.78,,,0.00,Matches,,24,17,1,16.6,0.00,0.00,0.00,0.00,0.00,0.00,0.00,0.00,0.00,0.00,
112,Karl Darlow,wls WAL,GK,Leeds United,34,1990,22.0,0.05,0.00,0.00,0.00,0.32,0.00,0.00,0.00,0.00,,,0.00,Matches,,22,22,1,22.0,0.00,0.00,0.00,0.00,0.00,0.00,0.00,0.00,0.00,0.00,
113,Josh Dasilva,eng ENG,MF,Brentford,26,1998,0.0,0,0,0,0,0,0,0,0,0,,,0,Matches,,2,0,3,0,0,0,0,0,0,0.00,0.00,0.00,0.00,0.00,
114,Ben Davies,wls WAL,DF,Tottenham Hotspur,32,1993,1.5,0.67,0.00,0.00,1.33,0.00,0.00,2.00,0.67,2.67,,,0.00,Matches,,3,2,137,0.67,0.00,0.67,0.67,0.00,0.00,0.66,0.00,0.66,0.66,0.66,
115,Maxim De Cuyper,be BEL,DF,MF,Brighton,24,2000,15.7,0.13,0.00,0.00,1.15,1.34,0.06,4.90,0.70,0.64,,,0.00,Matches,2000,30,17,415,15.7,0.13,0.19,0.32,0.13,0.13,0.00,0.13,0.19,0.32,Matches
116,Liam Delap,eng ENG,FW,Chelsea,22,2003,12.3,0.33,0.00,0.00,2.03,1.54,0.41,0.49,0.08,0.24,,,0.00,Matches,,28,12,1,12.3,0.08,0.00,0.08,0.08,0.00,0.00,0.08,0.00,0.08,0.08,
117,Sepp van den Berg,nl NED,DF,Brentford,23,2001,30.7,0.07,0.00,0.00,0.49,0.36,0.00,0.00,0.85,0.29,,,0.00,Matches,,32,30,2,30.7,0.00,0.07,0.07,0.00,0.00,0.00,0.00,0.07,0.07,0.00,
118,Jesse Derry,eng ENG,MF,Chelsea,18,2007,0.5,0.00,0.00,0.00,0.00,2.00,0.00,4.00,0.00,2.00,,,0.00,Matches,,1,1,44,0.00,0.00,0.00,0.00,0.00,0.00,0.00,0.00,0.00,0.00,0.00,
119,Justin Devenny,nir NIR,MF,FW,Crystal Palace,21,2003,8.8,0.00,0.00,0.00,1.25,1.14,0.11,1.93,0.11,1.25,,,0.00,Matches,2003,21,7,8.8,0.11,0.00,0.11,0.00,0.11,0.00,0.11,0.00,0.11,0.00,
120,Kiernan Dewsbury-Hall,eng ENG,MF,Everton,26,1998,29.2,0.21,0.00,0.00,1.10,1.64,0.07,3.84,0.48,0.89,,,0.00,Matches,,31,30,2,29.2,0.27,0.14,0.41,0.27,0.00,0.00,0.27,0.14,0.41,0.27,
121,Bafodé Diakité,fr FRA,DF,Bournemouth,24,2001,14.2,0.07,0.00,0.00,0.56,0.28,0.14,0.07,0.70,1.06,,,0.00,Matches,,18,15,1,14.2,0.00,0.00,0.00,0.00,0.00,0.00,0.00,0.00,0.00,0.00,
122,Amad Diallo,ci CIV,MF,Manchester Utd,23,2002,26.0,0.08,0.00,0.00,0.92,1.46,0.46,1.77,0.58,0.88,,,0.00,Matches,,32,27,2,26.0,0.08,0.12,0.19,0.08,0.00,0.00,0.08,0.12,0.19,0.08,
123,Habib Diarra,sn SEN,MF,Sunderland,21,2004,15.6,0.38,0.00,0.00,1.22,1.73,0.19,2.05,0.26,0.45,,,0.00,Matches,,20,15,1,15.6,0.13,0.13,0.26,0.06,0.06,0.00,0.13,0.13,0.26,0.06,
124,Rúben Dias,pt POR,DF,Manchester City,28,1997,23.8,0.13,0.00,0.00,0.63,0.38,0.00,0.38,0.97,0.25,,,0.00,Matches,,26,24,2,23.8,0.08,0.00,0.08,0.08,0.00,0.00,0.08,0.00,0.08,0.08,
125,Tyler Dibling,eng ENG,MF,Everton,19,2006,4.0,0.50,0.00,0.00,2.75,2.75,0.00,1.75,1.50,0.75,,,0.00,Matches,,14,4,358,0.00,0.00,0.00,0.00,0.00,0.00,0.00,0.00,0.00,0.00,0.00,
Rk,Player,Nation,Pos,Squad,Age,Born,90s,CrdY,CrdR,2CrdY,Fls,Fld,Off,Crs,Int,TklW,PKwon,PKcon,OG,Matches,,MP,Starts,Min,Gls,Ast,G+A,G-PK,PK,PKatt,Gls,Ast,G+A,G-PK,G+A-PK,
126,Lucas Digne,fr FRA,DF,Aston Villa,32,1993,20.6,0.15,0.00,0.00,0.68,0.58,0.15,5.24,0.63,1.26,,,0.00,Matches,,31,21,1,20.6,0.00,0.29,0.29,0.00,0.00,0.00,0.00,0.29,0.29,0.00,
127,Issa Diop,ma MAR,DF,Fulham,28,1997,9.1,0.22,0.00,0.00,0.99,0.33,0.00,0.11,0.66,0.22,,,0.00,Matches,,13,8,816,0.11,0.00,0.11,0.11,0.00,0.00,0.11,0.00,0.11,0.11,0.11,
128,El Hadji Malick Diouf,sn SEN,DF,MF,West Ham United,20,2004,30.1,0.20,0.00,0.00,0.93,0.83,0.07,3.62,1.06,0.63,,,0.00,Matches,2004,32,30,707,30.1,0.00,0.17,0.17,0.00,0.20,0.00,0.00,0.17,0.17,Matches
129,Axel Disasi,fr FRA,DF,West Ham United,27,1998,13.9,0.07,0.00,0.00,0.36,0.29,0.07,0.00,0.86,0.72,,,0.07,Matches,,14,14,1,13.9,0.00,0.00,0.00,0.00,0.00,0.00,0.00,0.00,0.00,0.00,
130,Matt Doherty,ie IRL,DF,MF,Wolves,33,1992,8.7,0.46,0.00,0.00,1.84,0.69,0.00,0.92,0.80,0.92,,,0.00,Matches,1992,11,11,8.7,0.00,0.00,0.00,0.00,0.00,0.00,0.00,0.00,0.00,0.00,
131,Jeremy Doku,be BEL,MF,FW,Manchester City,23,2002,19.8,0.00,0.00,0.00,1.16,3.08,0.15,3.13,0.61,0.81,,,0.00,Matches,2002,30,19,784,19.8,0.25,0.25,0.51,0.25,0.00,0.00,0.25,0.25,0.50,Matches
132,Nicolás Domínguez,ar ARG,MF,Nottingham Forest,27,1998,13.1,0.23,0.00,0.00,1.22,0.84,0.00,1.07,0.46,2.29,,,0.00,Matches,,27,17,1,13.1,0.08,0.08,0.15,0.08,0.00,0.00,0.08,0.08,0.15,0.08,
133,Gianluigi Donnarumma,it ITA,GK,Manchester City,26,1999,34.0,0.24,0.00,0.00,0.00,0.12,0.00,0.00,0.03,0.00,,,0.00,Matches,,34,34,3,34.0,0.00,0.00,0.00,0.00,0.00,0.00,0.00,0.00,0.00,0.00,
134,Romelle Donovan,eng ENG,FW,Brentford,18,2006,0.5,0.00,0.00,0.00,4.00,6.00,0.00,4.00,0.00,0.00,,,0.00,Matches,,4,0,41,0.00,0.00,0.00,0.00,0.00,0.00,0.00,0.00,0.00,0.00,0.00,
135,Patrick Dorgu,dk DEN,MF,Manchester Utd,20,2004,16.1,0.31,0.00,0.00,1.43,2.92,0.43,3.54,0.99,1.86,,,0.00,Matches,,26,15,1,16.1,0.25,0.25,0.50,0.25,0.00,0.00,0.25,0.25,0.50,0.25,
136,Max Dowman,eng ENG,MF,Arsenal,15,2009,1.7,0.00,0.00,0.00,1.18,4.12,0.00,3.53,0.59,1.18,,,0.00,Matches,,6,1,157,0.59,0.00,0.59,0.59,0.00,0.00,0.57,0.00,0.57,0.57,0.57,
137,Radu Drăgușin,ro ROU,DF,Tottenham Hotspur,23,2002,5.7,0.00,0.00,0.00,1.58,0.18,0.00,0.53,2.81,0.53,,,0.00,Matches,,10,5,517,0.00,0.00,0.00,0.00,0.00,0.00,0.00,0.00,0.00,0.00,0.00,
138,Joél Drakes-Thomas,eng ENG,MF,Crystal Palace,16,2009,0.1,0.00,0.00,0.00,10.0,0.00,0.00,0.00,0.00,10.0,,,0.00,Matches,,2,0,9,0.00,0.00,0.00,0.00,0.00,0.00,0.00,0.00,0.00,0.00,0.00,
139,Martin Dúbravka,sk SVK,GK,Burnley,36,1989,35.0,0.03,0.00,0.00,0.00,0.23,0.00,0.00,0.00,0.03,,,0.00,Matches,,35,35,3,35.0,0.00,0.00,0.00,0.00,0.00,0.00,0.00,0.00,0.00,0.00,
140,Lewis Dunk,eng ENG,DF,Brighton,33,1991,31.5,0.32,0.00,0.00,0.44,0.38,0.03,0.16,0.95,0.70,,,0.00,Matches,,33,31,2,31.5,0.03,0.00,0.03,0.03,0.00,0.00,0.03,0.00,0.03,0.03,
141,George Earthy,eng ENG,MF,West Ham United,20,2004,0.1,0.00,0.00,0.00,0.00,0.00,0.00,0.00,0.00,0.00,,,0.00,Matches,,1,0,9,0.00,0.00,0.00,0.00,0.00,0.00,0.00,0.00,0.00,0.00,0.00,
142,Odsonne Édouard,fr FRA,FW,Crystal Palace,27,1998,0.0,0,0,0,0,1,0,0,0,1,,,0,Matches,,1,0,3,0,0,0,0,0,0,0.00,0.00,0.00,0.00,0.00,
143,Tom Edozie,eng ENG,MF,Wolves,19,2006,0.2,0.00,0.00,0.00,0.00,0.00,0.00,0.00,0.00,0.00,,,0.00,Matches,,3,0,14,5.00,0.00,5.00,5.00,0.00,0.00,6.43,0.00,6.43,6.43,6.43,
144,Alysson Edward,br BRA,MF,Aston Villa,19,2006,0.5,0.00,0.00,0.00,0.00,2.00,0.00,4.00,2.00,0.00,,,0.00,Matches,,3,0,49,0.00,0.00,0.00,0.00,0.00,0.00,0.00,0.00,0.00,0.00,0.00,
145,Marcus Edwards,eng ENG,MF,FW,Burnley,26,1998,11.9,0.00,0.00,0.00,0.59,1.51,0.08,1.60,0.25,0.50,,,0.00,Matches,1998,23,11,067,11.9,0.08,0.25,0.34,0.08,0.00,0.00,0.08,0.25,0.34,Matches
146,Hjalmar Ekdal,se SWE,DF,Burnley,26,1998,17.1,0.00,0.00,0.00,0.29,0.41,0.12,0.06,0.70,0.99,,,0.00,Matches,,19,17,1,17.1,0.00,0.00,0.00,0.00,0.00,0.00,0.00,0.00,0.00,0.00,
147,Hugo Ekitike,fr FRA,FW,Liverpool,23,2002,20.0,0.00,0.00,0.00,1.75,0.60,0.50,0.35,0.20,0.35,,,0.00,Matches,,28,21,1,20.0,0.55,0.20,0.75,0.55,0.00,0.00,0.55,0.20,0.75,0.55,
148,Anthony Elanga,se SWE,FW,MF,Newcastle United,23,2002,14.7,0.00,0.00,0.00,0.54,1.70,0.14,5.65,0.20,0.75,,,0.00,Matches,2002,32,14,319,14.7,0.00,0.07,0.07,0.00,0.00,0.00,0.00,0.07,0.07,Matches
149,Melker Ellborg,se SWE,GK,Sunderland,22,2003,3.0,0.00,0.00,0.00,0.00,0.33,0.00,0.00,0.00,0.00,,,0.00,Matches,,3,3,270,0.00,0.00,0.00,0.00,0.00,0.00,0.00,0.00,0.00,0.00,0.00,
150,Harvey Elliott,eng ENG,FW,MF,Liverpool,22,2003,0.0,0,0,0,0,0,0,0,0,0,,,0,Matches,2003,1,0,0.0,0,0,0,0,0,0,0.00,0.00,0.00,0.00,
Rk,Player,Nation,Pos,Squad,Age,Born,90s,CrdY,CrdR,2CrdY,Fls,Fld,Off,Crs,Int,TklW,PKwon,PKcon,OG,Matches,,MP,Starts,Min,Gls,Ast,G+A,G-PK,PK,PKatt,Gls,Ast,G+A,G-PK,G+A-PK,
151,Harvey Elliott,eng ENG,MF,Aston Villa,22,2003,1.2,0.00,0.00,0.00,0.00,1.67,0.00,2.50,0.00,0.00,,,0.00,Matches,,4,1,112,0.00,0.00,0.00,0.00,0.00,0.00,0.00,0.00,0.00,0.00,0.00,
152,Wataru Endo,jp JPN,DF,Liverpool,32,1993,1.9,0.53,0.00,0.00,1.05,1.58,0.00,1.58,0.00,1.58,,,0.00,Matches,,8,1,175,0.00,0.53,0.53,0.00,0.00,0.00,0.00,0.51,0.51,0.00,0.51,
153,Romain Esse,eng ENG,MF,Crystal Palace,20,2005,0.5,0.00,0.00,0.00,4.00,4.00,0.00,4.00,0.00,2.00,,,0.00,Matches,,4,0,44,0.00,0.00,0.00,0.00,0.00,0.00,0.00,0.00,0.00,0.00,0.00,
154,Dario Essugo,pt POR,MF,Chelsea,20,2005,0.3,6.67,0.00,0.00,10.0,3.33,0.00,0.00,0.00,10.0,,,0.00,Matches,,3,0,30,0.00,0.00,0.00,0.00,0.00,0.00,0.00,0.00,0.00,0.00,0.00,
155,Maxime Estève,fr FRA,DF,Burnley,23,2002,32.6,0.03,0.00,0.00,0.40,0.37,0.00,0.18,1.13,0.83,,,0.06,Matches,,34,34,2,32.6,0.00,0.00,0.00,0.00,0.00,0.00,0.00,0.00,0.00,0.00,
156,Evanilson,br BRA,FW,Bournemouth,25,1999,30.5,0.07,0.00,0.00,0.85,1.21,0.92,0.10,0.20,0.16,,,0.00,Matches,,36,32,2,30.5,0.20,0.03,0.23,0.20,0.00,0.00,0.20,0.03,0.23,0.20,
157,Eberechi Eze,eng ENG,MF,Crystal Palace,27,1998,0.9,0.00,0.00,0.00,2.22,1.11,0.00,4.44,0.00,1.11,,,0.00,Matches,,1,1,83,0.00,0.00,0.00,0.00,0.00,0.00,0.00,0.00,0.00,0.00,0.00,
158,Eberechi Eze,eng ENG,MF,FW,Arsenal,27,1998,20.1,0.05,0.00,0.00,0.70,1.89,0.05,0.40,0.55,0.65,,,0.00,Matches,1998,32,21,812,20.1,0.35,0.10,0.45,0.35,0.05,0.00,0.35,0.10,0.45,Matches
159,Bruno Fernandes,pt POR,MF,Manchester Utd,30,1994,34.0,0.15,0.00,0.00,0.71,1.03,0.12,5.32,0.62,1.03,,,0.00,Matches,,35,35,3,34.0,0.26,0.62,0.88,0.15,0.12,0.00,0.26,0.62,0.88,0.15,
160,Mateus Fernandes,pt POR,MF,West Ham United,21,2004,33.5,0.21,0.00,0.00,1.46,1.46,0.00,1.52,1.07,2.00,,,0.00,Matches,,36,35,3,33.5,0.09,0.12,0.21,0.09,0.00,0.00,0.09,0.12,0.21,0.09,
161,Enzo Fernández,ar ARG,MF,Chelsea,24,2001,34.6,0.29,0.00,0.00,1.04,1.30,0.03,2.57,0.58,0.69,,,0.00,Matches,,36,35,3,34.6,0.29,0.12,0.40,0.23,0.06,0.00,0.29,0.12,0.40,0.23,
162,Zian Flemming,nl NED,FW,Burnley,26,1998,19.6,0.26,0.00,0.00,2.60,1.33,0.15,0.31,0.31,0.51,,,0.00,Matches,,29,21,1,19.6,0.56,0.00,0.56,0.46,0.10,0.00,0.56,0.00,0.56,0.46,
163,Jack Fletcher,eng ENG,MF,Manchester Utd,18,2007,1.2,0.00,0.00,0.00,1.67,0.83,0.00,0.00,0.83,0.83,,,0.00,Matches,,3,0,108,0.00,0.00,0.00,0.00,0.00,0.00,0.00,0.00,0.00,0.00,0.00,
164,Tyler Fletcher,sct SCO,MF,Manchester Utd,18,2007,0.2,0.00,0.00,0.00,0.00,0.00,0.00,0.00,0.00,0.00,,,0.00,Matches,,2,0,18,0.00,0.00,0.00,0.00,0.00,0.00,0.00,0.00,0.00,0.00,0.00,
165,Phil Foden,eng ENG,MF,Manchester City,25,2000,23.2,0.17,0.00,0.00,0.78,1.34,0.13,5.13,0.43,0.69,,,0.00,Matches,,33,23,2,23.2,0.30,0.22,0.52,0.30,0.00,0.00,0.30,0.22,0.52,0.30,
166,Wesley Fofana,fr FRA,DF,Chelsea,24,2000,19.1,0.47,0.10,0.10,1.41,0.89,0.05,0.10,1.99,0.58,,,0.00,Matches,,25,20,1,19.1,0.00,0.05,0.05,0.00,0.00,0.10,0.00,0.05,0.05,0.00,
167,Lyle Foster,za RSA,FW,MF,Burnley,24,2000,15.2,0.26,0.00,0.00,1.45,0.86,0.72,0.39,0.26,0.79,,,0.00,Matches,2000,26,15,371,15.2,0.20,0.13,0.33,0.20,0.26,0.00,0.20,0.13,0.33,Matches
168,Tyler Fredricson,eng ENG,DF,Manchester Utd,20,2005,0.0,0,0,0,0,0,0,0,0,0,,,0,Matches,,1,0,3,0,0,0,0,0,0,0.00,0.00,0.00,0.00,0.00,
169,Jeremie Frimpong,nl NED,DF,MF,Liverpool,24,2000,11.6,0.09,0.00,0.00,0.69,1.81,0.34,4.40,0.52,0.78,,,0.00,Matches,2000,21,12,040,11.6,0.00,0.09,0.09,0.00,0.09,0.00,0.00,0.09,0.09,Matches
170,Niclas Füllkrug,de GER,FW,West Ham United,32,1993,4.5,0.00,0.00,0.00,2.44,0.22,0.44,0.00,0.44,0.22,,,0.00,Matches,,8,5,409,0.00,0.00,0.00,0.00,0.00,0.00,0.00,0.00,0.00,0.00,0.00,
171,Kaye Furo,be BEL,FW,Brentford,18,2007,0.0,0,0,0,1,0,0,0,0,0,,,0,Matches,,1,0,1,0,0,0,0,0,0,0.00,0.00,0.00,0.00,0.00,
172,Cody Gakpo,nl NED,MF,FW,Liverpool,26,1999,30.4,0.10,0.00,0.00,1.38,1.45,0.99,2.83,0.39,0.49,,,0.00,Matches,1999,36,32,737,30.4,0.23,0.16,0.39,0.23,0.10,0.00,0.23,0.16,0.39,Matches
173,Conor Gallagher,eng ENG,MF,Tottenham Hotspur,25,2000,13.2,0.15,0.00,0.00,1.89,1.74,0.08,1.74,1.36,1.06,,,0.00,Matches,,16,14,1,13.2,0.08,0.08,0.15,0.08,0.00,0.00,0.08,0.08,0.15,0.08,
174,Idrissa Gana Gueye,sn SEN,MF,Everton,35,1989,23.3,0.04,0.04,0.00,0.90,1.33,0.00,0.82,1.24,0.90,,,0.00,Matches,,25,25,2,23.3,0.09,0.13,0.21,0.09,0.00,0.04,0.09,0.13,0.22,0.09,
175,Ben Gannon-Doak,sct SCO,MF,Bournemouth,19,2005,1.3,0.00,0.00,0.00,2.31,0.77,0.00,3.08,0.77,1.54,,,0.00,Matches,,8,0,113,0.00,0.77,0.77,0.00,0.00,0.00,0.00,0.80,0.80,0.00,0.80,
Rk,Player,Nation,Pos,Squad,Age,Born,90s,CrdY,CrdR,2CrdY,Fls,Fld,Off,Crs,Int,TklW,PKwon,PKcon,OG,Matches,,MP,Starts,Min,Gls,Ast,G+A,G-PK,PK,PKatt,Gls,Ast,G+A,G-PK,G+A-PK,
176,Andrés García,es ESP,DF,Aston Villa,22,2003,1.0,0.00,0.00,0.00,1.00,0.00,0.00,4.00,0.00,4.00,,,0.00,Matches,,6,1,86,0.00,0.00,0.00,0.00,0.00,0.00,0.00,0.00,0.00,0.00,0.00,
177,Alejandro Garnacho,ar ARG,MF,Chelsea,21,2004,14.1,0.14,0.00,0.00,0.64,1.63,0.14,4.33,0.28,0.92,,,0.00,Matches,,24,14,1,14.1,0.07,0.28,0.35,0.07,0.00,0.00,0.07,0.28,0.35,0.07,
178,James Garner,eng ENG,MF,DF,Everton,24,2001,37.9,0.32,0.00,0.00,1.03,1.11,0.00,5.41,1.50,1.90,,,0.00,Matches,2001,38,38,413,37.9,0.05,0.18,0.24,0.05,0.32,0.00,0.05,0.18,0.24,Matches
179,Lutsharel Geertruida,nl NED,DF,MF,Sunderland,25,2000,18.8,0.11,0.00,0.00,0.80,0.37,0.05,0.48,1.06,1.17,,,0.00,Matches,2000,28,17,693,18.8,0.00,0.00,0.00,0.00,0.11,0.00,0.00,0.00,0.00,Matches
180,Tyrique George,eng ENG,FW,Chelsea,19,2006,1.6,1.25,0.00,0.00,3.75,0.63,1.25,0.63,0.00,1.25,,,0.00,Matches,,4,0,145,0.00,0.00,0.00,0.00,0.00,0.00,0.00,0.00,0.00,0.00,0.00,
181,Tyrique George,eng ENG,MF,Everton,19,2006,2.4,0.00,0.00,0.00,1.25,0.42,0.83,4.17,0.83,1.25,,,0.00,Matches,,11,1,218,0.00,0.00,0.00,0.00,0.00,0.00,0.00,0.00,0.00,0.00,0.00,
182,Morgan Gibbs-White,eng ENG,MF,Nottingham Forest,25,2000,34.4,0.03,0.00,0.00,0.76,1.19,0.15,1.22,0.35,0.47,,,0.00,Matches,,37,35,3,34.4,0.44,0.12,0.55,0.41,0.03,0.00,0.44,0.12,0.55,0.41,
183,Jamie Gittens,eng ENG,MF,Chelsea,20,2004,5.5,0.00,0.00,0.00,1.09,1.45,0.36,2.36,0.36,0.73,,,0.00,Matches,,16,5,495,0.00,0.36,0.36,0.00,0.00,0.00,0.00,0.36,0.36,0.00,0.36,
184,Wilfried Gnonto,it ITA,FW,Leeds United,21,2003,6.0,0.50,0.00,0.00,1.17,1.83,0.00,3.33,0.50,2.17,,,0.00,Matches,,23,4,537,0.00,0.17,0.17,0.00,0.00,0.00,0.00,0.17,0.17,0.00,0.17,
185,Angel Gomes,eng ENG,MF,FW,Wolves,24,2000,5.1,0.20,0.00,0.00,1.37,1.76,0.00,2.35,0.20,0.98,,,0.00,Matches,2000,12,7,5.1,0.00,0.00,0.00,0.00,0.00,0.00,0.00,0.00,0.00,0.00,
186,João Gomes,br BRA,MF,Wolves,24,2001,31.4,0.32,0.00,0.00,2.20,1.56,0.03,0.99,1.15,2.17,,,0.00,Matches,,35,32,2,31.4,0.03,0.03,0.06,0.03,0.00,0.00,0.03,0.03,0.06,0.03,
187,Rodrigo Gomes,pt POR,MF,FW,Wolves,22,2003,10.7,0.00,0.00,0.00,0.56,0.75,0.28,2.24,1.03,1.68,,,0.00,Matches,2003,22,9,10.7,0.28,0.00,0.28,0.28,0.00,0.00,0.28,0.00,0.28,0.28,
188,Toti Gomes,pt POR,DF,Wolves,26,1999,15.8,0.13,0.06,0.00,0.70,0.70,0.00,0.70,0.82,0.70,,,0.00,Matches,,19,17,1,15.8,0.00,0.00,0.00,0.00,0.00,0.06,0.00,0.00,0.00,0.00,
189,Diego Gómez,py PAR,MF,FW,Brighton,22,2003,23.6,0.38,0.00,0.00,2.08,0.47,0.04,0.97,0.81,2.08,,,0.00,Matches,2003,32,26,120,23.6,0.21,0.04,0.25,0.21,0.38,0.00,0.21,0.04,0.25,Matches
190,Joe Gomez,eng ENG,DF,Liverpool,28,1997,6.7,0.60,0.00,0.00,2.09,0.00,0.00,2.39,1.19,1.04,,,0.00,Matches,,21,7,607,0.00,0.30,0.30,0.00,0.00,0.00,0.00,0.30,0.30,0.00,0.30,
191,Nicolás González,es ESP,MF,Manchester City,23,2002,17.4,0.34,0.00,0.00,1.72,1.03,0.00,0.17,1.38,1.72,,,0.00,Matches,,25,17,1,17.4,0.06,0.00,0.06,0.06,0.00,0.00,0.06,0.00,0.06,0.06,
192,Anthony Gordon,eng ENG,FW,Newcastle United,24,2001,19.9,0.15,0.05,0.00,0.65,2.01,0.25,3.47,0.15,0.65,,,0.00,Matches,,26,24,1,19.9,0.30,0.10,0.40,0.15,0.15,0.05,0.30,0.10,0.40,0.15,
193,Ryan Gravenberch,nl NED,MF,Liverpool,23,2002,33.2,0.15,0.00,0.00,1.14,1.27,0.00,0.24,1.33,1.05,,,0.00,Matches,,36,34,2,33.2,0.15,0.09,0.24,0.15,0.00,0.00,0.15,0.09,0.24,0.15,
194,Archie Gray,eng ENG,MF,DF,Tottenham Hotspur,19,2006,16.4,0.30,0.00,0.00,0.73,0.12,0.00,0.73,1.04,0.49,,,0.00,Matches,2006,24,18,478,16.4,0.12,0.12,0.24,0.12,0.30,0.00,0.12,0.12,0.24,Matches
195,Jack Grealish,eng ENG,MF,Everton,29,1995,18.1,0.28,0.06,0.06,0.72,3.20,0.00,2.15,0.61,0.83,,,0.00,Matches,,20,18,1,18.1,0.11,0.33,0.44,0.11,0.00,0.06,0.11,0.33,0.44,0.11,
196,Pascal Groß,de GER,MF,Brighton,34,1991,18.2,0.11,0.00,0.00,0.93,0.66,0.22,6.54,0.60,0.93,,,0.00,Matches,,19,18,1,18.2,0.05,0.16,0.22,0.05,0.00,0.00,0.06,0.17,0.22,0.06,
197,Brajan Gruda,de GER,MF,Brighton,21,2004,8.0,0.25,0.00,0.00,1.38,1.75,0.25,1.75,0.25,0.63,,,0.00,Matches,,18,8,719,0.13,0.13,0.25,0.13,0.00,0.00,0.13,0.13,0.25,0.13,0.25,
198,Ilia Gruev,bg BUL,MF,Leeds United,25,2000,14.7,0.20,0.00,0.00,1.09,0.61,0.00,1.09,0.95,0.88,,,0.00,Matches,,23,15,1,14.7,0.00,0.20,0.20,0.00,0.00,0.00,0.00,0.20,0.20,0.00,
199,Gabriel Gudmundsson,se SWE,DF,MF,Leeds United,26,1999,29.2,0.21,0.03,0.03,1.06,1.92,0.10,3.01,0.96,1.61,,,0.03,Matches,1999,32,31,631,29.2,0.00,0.00,0.00,0.00,0.21,0.03,0.00,0.00,0.00,Matches
200,Marc Guéhi,eng ENG,DF,Crystal Palace,25,2000,20.0,0.20,0.00,0.00,0.70,0.90,0.00,0.50,1.20,0.95,,,0.00,Matches,,20,20,1,20.0,0.10,0.10,0.20,0.10,0.00,0.00,0.10,0.10,0.20,0.10,
Rk,Player,Nation,Pos,Squad,Age,Born,90s,CrdY,CrdR,2CrdY,Fls,Fld,Off,Crs,Int,TklW,PKwon,PKcon,OG,Matches,,MP,Starts,Min,Gls,Ast,G+A,G-PK,PK,PKatt,Gls,Ast,G+A,G-PK,G+A-PK,
201,Marc Guéhi,eng ENG,DF,Manchester City,25,2000,15.0,0.13,0.00,0.00,0.73,1.33,0.00,0.47,1.67,0.80,,,0.00,Matches,,15,15,1,15.0,0.07,0.07,0.13,0.07,0.00,0.00,0.07,0.07,0.13,0.07,
202,Evann Guessand,ci CIV,MF,Crystal Palace,24,2001,3.7,0.00,0.00,0.00,1.08,2.16,0.27,0.27,0.54,0.54,,,0.00,Matches,,8,3,330,0.27,0.27,0.54,0.27,0.00,0.00,0.27,0.27,0.55,0.27,0.55,
203,Evann Guessand,ci CIV,MF,Aston Villa,24,2001,6.5,0.00,0.00,0.00,1.69,1.85,0.00,1.54,0.46,1.38,,,0.00,Matches,,13,6,588,0.00,0.15,0.15,0.00,0.00,0.00,0.00,0.15,0.15,0.00,0.15,
204,Luis Guilherme,br BRA,FW,West Ham United,19,2006,1.4,0.00,0.00,0.00,0.00,0.00,0.00,0.00,0.00,0.71,,,0.00,Matches,,5,1,125,0.00,0.00,0.00,0.00,0.00,0.00,0.00,0.00,0.00,0.00,0.00,
205,Bruno Guimarães,br BRA,MF,Newcastle United,27,1997,27.3,0.22,0.00,0.00,1.65,2.75,0.07,3.00,0.59,1.50,,,0.00,Matches,,29,27,2,27.3,0.33,0.18,0.51,0.26,0.07,0.00,0.33,0.18,0.51,0.26,
206,Marc Guiu,es ESP,FW,Sunderland,19,2006,0.2,0.00,0.00,0.00,0.00,0.00,0.00,0.00,0.00,0.00,,,0.00,Matches,,2,0,15,0.00,0.00,0.00,0.00,0.00,0.00,0.00,0.00,0.00,0.00,0.00,
207,Marc Guiu,es ESP,FW,Chelsea,19,2006,2.9,0.34,0.00,0.00,3.10,0.69,0.69,0.00,0.00,0.00,,,0.00,Matches,,8,1,257,0.00,0.34,0.34,0.00,0.00,0.00,0.00,0.35,0.35,0.00,0.35,
208,Angus Gunn,sct SCO,GK,Nottingham Forest,29,1996,0.5,0.00,0.00,0.00,0.00,0.00,0.00,0.00,0.00,0.00,,,0.00,Matches,,1,0,45,0.00,0.00,0.00,0.00,0.00,0.00,0.00,0.00,0.00,0.00,0.00,
209,Malo Gusto,fr FRA,DF,MF,Chelsea,22,2003,25.1,0.20,0.04,0.04,0.80,0.80,0.04,2.31,1.20,0.92,,,0.04,Matches,2003,34,26,261,25.1,0.08,0.12,0.20,0.08,0.20,0.04,0.08,0.12,0.20,Matches
210,Joško Gvardiol,hr CRO,DF,Manchester City,23,2002,15.2,0.13,0.00,0.00,1.05,0.46,0.00,0.13,1.05,0.86,,,0.00,Matches,,18,16,1,15.2,0.13,0.13,0.26,0.13,0.00,0.00,0.13,0.13,0.26,0.13,
211,Viktor Gyökeres,se SWE,FW,Arsenal,27,1998,24.7,0.20,0.00,0.00,1.42,1.26,0.16,0.32,0.04,0.20,,,0.00,Matches,,36,26,2,24.7,0.57,0.04,0.61,0.45,0.12,0.00,0.57,0.04,0.61,0.45,
212,Erling Haaland,no NOR,FW,Manchester City,25,2000,32.8,0.06,0.00,0.00,0.73,0.76,0.15,0.09,0.12,0.21,,,0.00,Matches,,35,34,2,32.8,0.82,0.24,1.07,0.73,0.09,0.00,0.82,0.24,1.07,0.73,
213,Lewis Hall,eng ENG,DF,Newcastle United,20,2004,24.2,0.17,0.00,0.00,0.70,1.65,0.00,4.21,1.20,1.28,,,0.00,Matches,,30,24,2,24.2,0.04,0.04,0.08,0.04,0.00,0.00,0.04,0.04,0.08,0.04,
214,Jack Harrison,eng ENG,FW,Leeds United,28,1996,3.0,0.00,0.00,0.00,0.33,1.33,0.00,5.67,1.33,0.67,,,0.00,Matches,,11,1,269,0.00,0.00,0.00,0.00,0.00,0.00,0.00,0.00,0.00,0.00,0.00,
215,Quilindschy Hartman,nl NED,DF,Burnley,23,2001,20.3,0.05,0.00,0.00,0.64,0.15,0.05,3.65,1.58,1.53,,,0.00,Matches,,21,21,1,20.3,0.00,0.25,0.25,0.00,0.00,0.00,0.00,0.25,0.25,0.00,
216,Jorrel Hato,nl NED,DF,Chelsea,19,2006,12.8,0.55,0.00,0.00,1.17,0.16,0.00,0.55,1.33,1.48,,,0.00,Matches,,22,12,1,12.8,0.00,0.00,0.00,0.00,0.00,0.00,0.00,0.00,0.00,0.00,
217,Kai Havertz,de GER,FW,MF,Arsenal,26,1999,6.5,0.15,0.00,0.00,1.23,1.23,0.46,0.92,0.15,0.77,,,0.00,Matches,1999,12,7,6.5,0.31,0.46,0.77,0.31,0.00,0.00,0.31,0.46,0.77,0.31,
218,Ayden Heaven,eng ENG,DF,Manchester Utd,18,2006,10.3,0.19,0.00,0.00,0.68,0.87,0.00,0.10,0.10,1.26,,,0.10,Matches,,17,11,924,0.00,0.10,0.10,0.00,0.00,0.00,0.00,0.10,0.10,0.00,0.10,
219,Jan Paul van Hecke,nl NED,DF,Brighton,25,2000,35.7,0.25,0.00,0.00,0.76,1.20,0.11,0.64,1.26,0.87,,,0.03,Matches,,36,36,3,35.7,0.08,0.08,0.17,0.08,0.00,0.00,0.08,0.08,0.17,0.08,
220,Hwang Hee-chan,kr KOR,FW,MF,Wolves,29,1996,16.1,0.31,0.00,0.00,1.74,1.12,0.56,1.18,0.75,0.25,,,0.00,Matches,1996,26,18,446,16.1,0.12,0.12,0.25,0.06,0.31,0.00,0.12,0.12,0.25,Matches
221,George Hemmings,eng ENG,MF,Aston Villa,18,2007,0.3,0.00,0.00,0.00,3.33,0.00,0.00,0.00,0.00,0.00,,,0.00,Matches,,2,0,27,0.00,0.00,0.00,0.00,0.00,0.00,0.00,0.00,0.00,0.00,0.00,
222,Dean Henderson,eng ENG,GK,Crystal Palace,28,1997,37.0,0.14,0.00,0.00,0.05,0.14,0.00,0.00,0.03,0.00,,,0.00,Matches,,37,37,3,37.0,0.00,0.00,0.00,0.00,0.00,0.00,0.00,0.00,0.00,0.00,
223,Jordan Henderson,eng ENG,MF,Brentford,35,1990,21.3,0.28,0.00,0.00,0.61,0.33,0.05,2.25,0.75,0.66,,,0.00,Matches,,32,22,1,21.3,0.05,0.14,0.19,0.05,0.00,0.00,0.05,0.14,0.19,0.05,
224,Rico Henry,jm JAM,DF,Brentford,28,1997,14.8,0.14,0.00,0.00,1.01,1.15,0.14,1.76,0.47,0.74,,,0.00,Matches,,25,14,1,14.8,0.00,0.07,0.07,0.00,0.00,0.00,0.00,0.07,0.07,0.00,
225,Mads Hermansen,dk DEN,GK,West Ham United,25,2000,18.0,0.00,0.00,0.00,0.00,0.11,0.00,0.00,0.00,0.00,,,0.00,Matches,,18,18,1,18.0,0.00,0.06,0.06,0.00,0.00,0.00,0.00,0.06,0.06,0.00,
Rk,Player,Nation,Pos,Squad,Age,Born,90s,CrdY,CrdR,2CrdY,Fls,Fld,Off,Crs,Int,TklW,PKwon,PKcon,OG,Matches,,MP,Starts,Min,Gls,Ast,G+A,G-PK,PK,PKatt,Gls,Ast,G+A,G-PK,G+A-PK,
226,Aaron Hickey,sct SCO,DF,MF,Brentford,23,2002,7.7,0.13,0.00,0.00,0.91,1.17,0.00,0.52,1.04,0.91,,,0.00,Matches,2002,21,8,7.7,0.00,0.00,0.00,0.00,0.00,0.00,0.00,0.00,0.00,0.00,
227,James Hill,eng ENG,DF,Bournemouth,23,2002,23.4,0.21,0.00,0.00,0.73,0.56,0.09,0.47,1.58,0.85,,,0.09,Matches,,29,22,2,23.4,0.00,0.13,0.13,0.00,0.00,0.00,0.00,0.13,0.13,0.00,
228,Piero Hincapié,ec ECU,DF,Arsenal,23,2002,19.9,0.10,0.00,0.00,0.90,0.70,0.05,1.66,1.31,1.31,,,0.05,Matches,,25,20,1,19.9,0.05,0.10,0.15,0.05,0.00,0.00,0.05,0.10,0.15,0.05,
229,Jack Hinshelwood,eng ENG,MF,Brighton,20,2005,19.3,0.00,0.00,0.00,1.66,0.62,0.10,0.36,0.31,0.67,,,0.05,Matches,,27,20,1,19.3,0.21,0.16,0.36,0.21,0.00,0.00,0.21,0.16,0.36,0.21,
230,Ki-Jana Hoever,nl NED,MF,DF,Wolves,23,2002,4.7,0.00,0.00,0.00,0.64,0.64,0.21,4.68,1.06,2.34,,,0.00,Matches,2002,8,6,4.7,0.00,0.00,0.00,0.00,0.00,0.00,0.00,0.00,0.00,0.00,
231,Harry Howell,eng ENG,MF,Brighton,17,2008,1.0,0.00,0.00,0.00,0.00,0.00,1.00,4.00,0.00,0.00,,,0.00,Matches,,3,1,94,0.00,0.00,0.00,0.00,0.00,0.00,0.00,0.00,0.00,0.00,0.00,
232,Callum Hudson-Odoi,eng ENG,MF,Nottingham Forest,24,2000,20.5,0.00,0.00,0.00,0.59,0.59,0.10,4.44,0.39,0.34,,,0.00,Matches,,30,21,1,20.5,0.15,0.20,0.34,0.15,0.00,0.00,0.15,0.20,0.34,0.15,
233,Will Hughes,eng ENG,MF,Crystal Palace,30,1995,17.5,0.40,0.00,0.00,1.37,1.43,0.00,2.57,0.86,0.91,,,0.00,Matches,,31,19,1,17.5,0.00,0.00,0.00,0.00,0.00,0.00,0.00,0.00,0.00,0.00,
234,Trai Hume,nir NIR,DF,MF,Sunderland,23,2002,33.7,0.27,0.00,0.00,0.89,1.13,0.09,2.61,0.74,1.36,,,0.03,Matches,2002,38,34,036,33.7,0.06,0.03,0.09,0.06,0.27,0.00,0.06,0.03,0.09,Matches
235,Bashir Humphreys,eng ENG,DF,MF,Burnley,22,2003,17.5,0.34,0.00,0.00,0.80,0.57,0.11,0.97,0.63,0.97,,,0.00,Matches,2003,20,17,578,17.5,0.00,0.00,0.00,0.00,0.34,0.00,0.00,0.00,0.00,Matches
236,Omari Hutchinson,eng ENG,MF,Nottingham Forest,21,2003,18.8,0.05,0.00,0.00,1.22,1.28,0.43,7.07,0.59,0.59,,,0.00,Matches,,31,17,1,18.8,0.05,0.27,0.32,0.05,0.00,0.00,0.05,0.27,0.32,0.05,
237,Igor,br BRA,DF,West Ham United,27,1998,1.2,0.00,0.00,0.00,0.83,0.00,0.00,0.00,0.83,0.00,,,0.00,Matches,,4,1,105,0.00,0.00,0.00,0.00,0.00,0.00,0.00,0.00,0.00,0.00,0.00,
238,Tim Iroegbunam,eng ENG,MF,Everton,22,2003,16.5,0.55,0.00,0.00,1.76,1.21,0.00,0.18,1.33,2.67,,,0.00,Matches,,29,17,1,16.5,0.00,0.12,0.12,0.00,0.00,0.00,0.00,0.12,0.12,0.00,
239,Andy Irving,sct SCO,MF,West Ham United,25,2000,1.8,0.00,0.00,0.00,0.56,0.00,0.00,6.67,0.56,2.22,,,0.00,Matches,,7,2,158,0.00,0.00,0.00,0.00,0.00,0.00,0.00,0.00,0.00,0.00,0.00,
240,Alexander Isak,se SWE,FW,Liverpool,25,1999,7.8,0.00,0.00,0.00,0.64,0.13,0.00,0.26,0.00,0.77,,,0.00,Matches,,14,8,699,0.38,0.13,0.51,0.38,0.00,0.00,0.39,0.13,0.52,0.39,0.52,
241,Wilson Isidor,ht HAI,FW,Sunderland,24,2000,12.9,0.08,0.00,0.00,1.09,0.54,0.78,0.00,0.16,0.62,,,0.00,Matches,,32,11,1,12.9,0.47,0.00,0.47,0.47,0.00,0.00,0.46,0.00,0.46,0.46,
242,Alex Iwobi,ng NGA,MF,Fulham,29,1996,26.9,0.11,0.00,0.00,0.30,0.37,0.04,3.27,0.56,0.67,,,0.00,Matches,,29,29,2,26.9,0.15,0.11,0.26,0.15,0.00,0.00,0.15,0.11,0.26,0.15,
243,Daniel James,wls WAL,FW,MF,Leeds United,27,1997,6.2,0.00,0.00,0.00,0.16,1.29,0.16,8.06,0.16,0.81,,,0.00,Matches,1997,19,6,6.2,0.00,0.00,0.00,0.00,0.00,0.00,0.00,0.00,0.00,0.00,
244,Reece James,eng ENG,DF,MF,Chelsea,25,1999,21.8,0.18,0.00,0.00,1.19,1.01,0.05,5.78,1.47,1.51,,,0.00,Matches,1999,29,20,963,21.8,0.09,0.18,0.28,0.09,0.18,0.00,0.09,0.18,0.28,Matches
245,Vitaly Janelt,de GER,MF,Brentford,27,1998,16.0,0.50,0.00,0.00,1.25,0.81,0.00,3.81,1.69,1.06,,,0.00,Matches,,25,15,1,16.0,0.06,0.25,0.31,0.06,0.00,0.00,0.06,0.25,0.31,0.06,
246,Mathias Jensen,dk DEN,MF,Brentford,29,1996,25.0,0.12,0.00,0.00,0.80,0.60,0.08,4.96,0.84,0.92,,,0.00,Matches,,36,26,2,25.0,0.12,0.04,0.16,0.12,0.00,0.00,0.12,0.04,0.16,0.12,
247,Gabriel Jesus,br BRA,FW,Arsenal,28,1997,4.8,0.63,0.00,0.00,1.88,0.21,1.46,0.00,0.42,0.00,,,0.00,Matches,,14,3,429,0.63,0.00,0.63,0.63,0.00,0.00,0.63,0.00,0.63,0.63,0.63,
248,Igor Jesus,br BRA,FW,Nottingham Forest,24,2001,25.5,0.08,0.00,0.00,1.65,1.57,0.43,0.39,0.08,0.63,,,0.00,Matches,,37,28,2,25.5,0.24,0.16,0.39,0.20,0.04,0.00,0.23,0.16,0.39,0.20,
249,Álex Jiménez,es ESP,DF,MF,Bournemouth,20,2005,25.7,0.39,0.00,0.00,1.36,0.78,0.00,1.98,1.05,1.75,,,0.00,Matches,2005,31,26,317,25.7,0.04,0.00,0.04,0.04,0.39,0.00,0.04,0.00,0.04,Matches
250,Raúl Jiménez,mx MEX,FW,Fulham,34,1991,24.3,0.21,0.00,0.00,1.89,1.40,0.82,0.29,0.29,0.82,,,0.00,Matches,,36,27,2,24.3,0.37,0.12,0.49,0.21,0.16,0.00,0.37,0.12,0.49,0.21,
Rk,Player,Nation,Pos,Squad,Age,Born,90s,CrdY,CrdR,2CrdY,Fls,Fld,Off,Crs,Int,TklW,PKwon,PKcon,OG,Matches,,MP,Starts,Min,Gls,Ast,G+A,G-PK,PK,PKatt,Gls,Ast,G+A,G-PK,G+A-PK,
251,Jamaldeen Jimoh,eng ENG,MF,Aston Villa,18,2006,0.1,0.00,0.00,0.00,0.00,10.0,0.00,0.00,0.00,0.00,,,0.00,Matches,,1,0,9,0.00,0.00,0.00,0.00,0.00,0.00,0.00,0.00,0.00,0.00,0.00,
252,João Pedro,br BRA,FW,MF,Chelsea,23,2001,29.6,0.17,0.00,0.00,1.28,1.86,0.54,0.61,0.20,0.57,,,0.00,Matches,2001,35,31,661,29.6,0.51,0.17,0.68,0.51,0.17,0.00,0.51,0.17,0.68,Matches
253,Joelinton,br BRA,MF,Newcastle United,28,1996,21.7,0.46,0.00,0.00,2.12,1.24,0.05,0.51,1.29,1.06,,,0.00,Matches,,27,23,1,21.7,0.09,0.05,0.14,0.09,0.00,0.00,0.09,0.05,0.14,0.09,
254,John,br BRA,GK,Nottingham Forest,29,1996,4.9,0.20,0.00,0.00,0.00,0.00,0.00,0.00,0.00,0.00,,,0.00,Matches,,5,5,437,0.00,0.00,0.00,0.00,0.00,0.00,0.00,0.00,0.00,0.00,0.00,
255,Brennan Johnson,wls WAL,MF,FW,Tottenham Hotspur,24,2001,6.8,0.29,0.00,0.00,0.29,0.59,1.18,3.38,0.29,1.32,,,0.00,Matches,2001,16,6,6.8,0.29,0.00,0.29,0.29,0.00,0.00,0.30,0.00,0.30,0.30,
256,Brennan Johnson,wls WAL,MF,FW,Crystal Palace,24,2001,12.4,0.32,0.00,0.00,1.45,0.89,0.48,3.63,0.16,0.56,,,0.00,Matches,2001,18,13,112,12.4,0.00,0.08,0.08,0.00,0.32,0.00,0.00,0.08,0.08,Matches
257,Sam Johnstone,eng ENG,GK,Wolves,32,1993,12.0,0.00,0.00,0.00,0.00,0.00,0.00,0.00,0.00,0.08,,,0.08,Matches,,12,12,1,12.0,0.00,0.00,0.00,0.00,0.00,0.00,0.00,0.00,0.00,0.00,
258,Curtis Jones,eng ENG,MF,DF,Liverpool,24,2001,21.5,0.09,0.00,0.00,0.79,1.35,0.00,0.74,0.84,1.07,,,0.00,Matches,2001,34,18,937,21.5,0.05,0.09,0.14,0.05,0.09,0.00,0.05,0.09,0.14,Matches
259,Eli Junior Kroupi,fr FRA,MF,FW,Bournemouth,19,2006,18.6,0.27,0.00,0.00,1.45,0.65,0.32,0.54,0.48,0.32,,,0.00,Matches,2006,33,21,672,18.6,0.70,0.00,0.70,0.59,0.27,0.00,0.70,0.00,0.70,Matches
260,Hamed Junior Traorè,ci CIV,MF,Bournemouth,25,2000,0.2,0.00,0.00,0.00,0.00,0.00,0.00,5.00,0.00,0.00,,,0.00,Matches,,1,0,17,0.00,5.00,5.00,0.00,0.00,0.00,0.00,5.29,5.29,0.00,5.29,
261,James Justin,eng ENG,DF,MF,Leeds United,27,1998,21.1,0.19,0.00,0.00,0.62,1.47,0.09,1.80,1.23,1.80,,,0.00,Matches,1998,29,21,901,21.1,0.09,0.05,0.14,0.09,0.19,0.00,0.09,0.05,0.14,Matches
262,Filip Jørgensen,dk DEN,GK,Chelsea,23,2002,4.2,0.00,0.00,0.00,0.00,0.00,0.00,0.00,0.24,0.00,,,0.00,Matches,,5,3,379,0.00,0.00,0.00,0.00,0.00,0.00,0.00,0.00,0.00,0.00,0.00,
263,Ferdi Kadioglu,tr TUR,DF,MF,Brighton,25,1999,34.8,0.17,0.00,0.00,0.63,1.03,0.20,3.13,0.72,1.12,,,0.00,Matches,1999,37,34,133,34.8,0.03,0.00,0.03,0.03,0.17,0.00,0.03,0.00,0.03,Matches
264,Sasa Kalajdzic,at AUT,FW,MF,Wolves,28,1997,0.2,0.00,0.00,0.00,0.00,0.00,0.00,0.00,5.00,0.00,,,0.00,Matches,1997,1,0,0.2,0.00,0.00,0.00,0.00,0.00,0.00,0.00,0.00,0.00,0.00,
265,Arnaud Kalimuendo,fr FRA,FW,Nottingham Forest,23,2002,1.1,0.00,0.00,0.00,1.82,0.00,0.91,1.82,0.00,0.91,,,0.00,Matches,,9,0,96,0.00,0.00,0.00,0.00,0.00,0.00,0.00,0.00,0.00,0.00,0.00,
266,Daichi Kamada,jp JPN,MF,Crystal Palace,28,1996,21.1,0.14,0.00,0.00,1.42,1.33,0.05,1.99,0.66,1.66,,,0.00,Matches,,28,22,1,21.1,0.00,0.00,0.00,0.00,0.00,0.00,0.00,0.00,0.00,0.00,
267,Boubacar Kamara,fr FRA,MF,Aston Villa,25,1999,15.7,0.32,0.00,0.00,1.02,1.91,0.00,0.13,0.96,1.02,,,0.00,Matches,,18,17,1,15.7,0.06,0.19,0.25,0.06,0.00,0.00,0.06,0.19,0.26,0.06,
268,Mohamadou Kanté,fr FRA,MF,West Ham United,19,2005,0.8,2.50,0.00,0.00,5.00,1.25,0.00,0.00,0.00,5.00,,,0.00,Matches,,11,0,75,0.00,0.00,0.00,0.00,0.00,0.00,0.00,0.00,0.00,0.00,0.00,
269,Michael Kayode,it ITA,DF,Brentford,21,2004,36.2,0.22,0.00,0.00,0.72,1.38,0.03,1.55,1.08,1.30,,,0.03,Matches,,37,37,3,36.2,0.03,0.03,0.06,0.03,0.00,0.00,0.03,0.03,0.06,0.03,
270,Michael Keane,eng ENG,DF,Everton,32,1993,28.8,0.03,0.03,0.00,0.56,0.21,0.00,0.03,1.28,0.83,,,0.00,Matches,,33,29,2,28.8,0.10,0.03,0.14,0.10,0.00,0.03,0.10,0.03,0.14,0.10,
271,Caoimhín Kelleher,ie IRL,GK,Brentford,26,1998,37.0,0.03,0.00,0.00,0.08,0.16,0.00,0.00,0.03,0.00,,,0.00,Matches,,37,37,3,37.0,0.00,0.00,0.00,0.00,0.00,0.00,0.00,0.00,0.00,0.00,
272,Milos Kerkez,hu HUN,DF,Liverpool,21,2003,25.1,0.16,0.00,0.00,0.88,1.20,0.16,3.15,0.60,1.04,,,0.00,Matches,,34,27,2,25.1,0.08,0.04,0.12,0.08,0.00,0.00,0.08,0.04,0.12,0.08,
273,Kevin,br BRA,MF,Fulham,22,2003,11.6,0.09,0.00,0.00,1.21,1.47,0.26,3.71,0.78,0.86,,,0.00,Matches,,26,9,1,11.6,0.09,0.09,0.17,0.09,0.00,0.00,0.09,0.09,0.17,0.09,
274,Abdukodir Khusanov,uz UZB,DF,Manchester City,21,2004,15.9,0.13,0.00,0.00,0.88,0.38,0.00,0.19,1.82,1.26,,,0.00,Matches,,21,15,1,15.9,0.00,0.00,0.00,0.00,0.00,0.00,0.00,0.00,0.00,0.00,
275,Max Kilman,eng ENG,DF,West Ham United,28,1997,17.3,0.23,0.00,0.00,0.92,0.12,0.00,0.12,0.35,0.46,,,0.00,Matches,,21,17,1,17.3,0.00,0.00,0.00,0.00,0.00,0.00,0.00,0.00,0.00,0.00,
Rk,Player,Nation,Pos,Squad,Age,Born,90s,CrdY,CrdR,2CrdY,Fls,Fld,Off,Crs,Int,TklW,PKwon,PKcon,OG,Matches,,MP,Starts,Min,Gls,Ast,G+A,G-PK,PK,PKatt,Gls,Ast,G+A,G-PK,G+A-PK,
276,Joshua King,eng ENG,MF,Fulham,18,2007,14.5,0.28,0.00,0.00,0.90,2.07,0.21,0.83,0.21,0.83,,,0.00,Matches,,32,15,1,14.5,0.07,0.14,0.21,0.07,0.00,0.00,0.07,0.14,0.21,0.07,
277,Antonín Kinský,cz CZE,GK,Tottenham Hotspur,22,2003,7.0,0.14,0.00,0.00,0.00,0.14,0.00,0.00,0.00,0.00,,,0.00,Matches,,7,7,630,0.00,0.00,0.00,0.00,0.00,0.00,0.00,0.00,0.00,0.00,0.00,
278,Justin Kluivert,nl NED,MF,Bournemouth,26,1999,10.6,0.47,0.00,0.00,1.70,0.94,0.09,3.77,0.38,0.66,,,0.00,Matches,,20,10,952,0.19,0.00,0.19,0.19,0.00,0.00,0.19,0.00,0.19,0.19,0.19,
279,Joe Knight,eng ENG,MF,Brighton,19,2005,0.0,0,0,0,0,0,0,0,0,0,,,0,Matches,,1,0,1,0,0,0,0,0,0,0.00,0.00,0.00,0.00,0.00,
280,Randal Kolo Muani,fr FRA,FW,MF,Tottenham Hotspur,26,1998,18.5,0.16,0.00,0.00,2.22,0.92,0.16,0.97,0.11,0.86,,,0.00,Matches,1998,30,21,664,18.5,0.05,0.05,0.11,0.05,0.16,0.00,0.05,0.05,0.11,Matches
281,Ibrahima Konaté,fr FRA,DF,Liverpool,26,1999,34.3,0.20,0.00,0.00,0.96,1.20,0.00,0.09,0.82,0.90,,,0.00,Matches,,36,36,3,34.3,0.03,0.00,0.03,0.03,0.00,0.00,0.03,0.00,0.03,0.03,
282,Ezri Konsa,eng ENG,DF,Aston Villa,27,1997,33.7,0.00,0.03,0.00,0.33,1.25,0.00,0.15,0.65,0.24,,,0.00,Matches,,34,34,3,33.7,0.00,0.00,0.00,0.00,0.00,0.03,0.00,0.00,0.00,0.00,
283,Charalampos Kostoulas,gr GRE,FW,Brighton,18,2007,4.1,0.49,0.00,0.00,1.71,1.71,0.98,1.46,0.24,1.46,,,0.00,Matches,,21,2,369,0.49,0.24,0.73,0.49,0.00,0.00,0.49,0.24,0.73,0.49,0.73,
284,Mateo Kovačić,hr CRO,MF,Manchester City,31,1994,1.4,0.00,0.00,0.00,0.00,1.43,0.00,0.00,1.43,0.71,,,0.00,Matches,,6,1,130,0.00,0.71,0.71,0.00,0.00,0.00,0.00,0.69,0.69,0.00,0.69,
285,Emil Krafth,se SWE,DF,Newcastle United,30,1994,0.5,0.00,0.00,0.00,2.00,0.00,0.00,2.00,0.00,0.00,,,0.00,Matches,,1,1,45,0.00,0.00,0.00,0.00,0.00,0.00,0.00,0.00,0.00,0.00,0.00,
286,Ladislav Krejčí,cz CZE,DF,MF,Wolves,26,1999,26.2,0.19,0.04,0.04,1.26,0.27,0.00,0.65,1.22,0.80,,,0.04,Matches,1999,28,27,356,26.2,0.08,0.04,0.11,0.08,0.19,0.04,0.08,0.04,0.11,Matches
287,Mohammed Kudus,gh GHA,MF,FW,Tottenham Hotspur,24,2000,17.1,0.18,0.00,0.00,1.35,0.88,0.58,7.13,0.18,0.99,,,0.00,Matches,2000,19,19,535,17.1,0.12,0.29,0.41,0.12,0.18,0.00,0.12,0.29,0.41,Matches
288,Jonah Kusi-Asare,se SWE,FW,Fulham,18,2007,0.6,1.67,0.00,0.00,6.67,3.33,0.00,0.00,0.00,1.67,,,0.00,Matches,,7,0,55,0.00,0.00,0.00,0.00,0.00,0.00,0.00,0.00,0.00,0.00,0.00,
289,Shea Lacey,eng ENG,FW,Manchester Utd,18,2007,0.5,0.00,0.00,0.00,4.00,4.00,0.00,0.00,0.00,0.00,,,0.00,Matches,,3,0,43,0.00,0.00,0.00,0.00,0.00,0.00,0.00,0.00,0.00,0.00,0.00,
290,Maxence Lacroix,fr FRA,DF,Crystal Palace,25,2000,34.3,0.12,0.03,0.00,0.99,0.55,0.00,0.15,1.31,1.11,,,0.00,Matches,,35,35,3,34.3,0.03,0.06,0.09,0.03,0.00,0.03,0.03,0.06,0.09,0.03,
291,Senne Lammens,be BEL,GK,Manchester Utd,23,2002,32.0,0.00,0.00,0.00,0.00,0.13,0.00,0.00,0.00,0.03,,,0.00,Matches,,32,32,2,32.0,0.00,0.00,0.00,0.00,0.00,0.00,0.00,0.00,0.00,0.00,
292,Jamaal Lascelles,eng ENG,DF,Newcastle United,31,1993,0.2,0.00,0.00,0.00,0.00,0.00,0.00,0.00,0.00,0.00,,,0.00,Matches,,2,0,21,0.00,0.00,0.00,0.00,0.00,0.00,0.00,0.00,0.00,0.00,0.00,
293,Josh Laurent,eng ENG,DF,MF,Burnley,30,1995,19.6,0.36,0.05,0.00,1.58,0.56,0.10,0.71,1.43,1.28,,,0.00,Matches,1995,33,18,764,19.6,0.05,0.00,0.05,0.05,0.36,0.05,0.05,0.00,0.05,Matches
294,Roméo Lavia,be BEL,MF,Chelsea,21,2004,4.2,0.00,0.00,0.00,1.90,1.90,0.00,0.24,1.19,1.67,,,0.00,Matches,,12,4,382,0.00,0.00,0.00,0.00,0.00,0.00,0.00,0.00,0.00,0.00,0.00,
295,Enzo Le Fée,fr FRA,MF,FW,Sunderland,25,2000,32.6,0.15,0.00,0.00,0.95,1.13,0.12,3.01,0.86,1.72,,,0.00,Matches,2000,36,33,930,32.6,0.15,0.18,0.34,0.06,0.15,0.00,0.15,0.18,0.34,Matches
296,Bernd Leno,de GER,GK,Fulham,33,1992,38.0,0.08,0.00,0.00,0.00,0.16,0.00,0.00,0.03,0.03,,,0.03,Matches,,38,38,3,38.0,0.00,0.00,0.00,0.00,0.00,0.00,0.00,0.00,0.00,0.00,
297,Jefferson Lerma,co COL,MF,DF,Crystal Palace,30,1994,19.3,0.36,0.00,0.00,1.30,1.24,0.00,0.62,1.30,0.93,,,0.10,Matches,1994,31,18,733,19.3,0.00,0.10,0.10,0.00,0.36,0.00,0.00,0.10,0.10,Matches
298,Rico Lewis,eng ENG,DF,Manchester City,20,2004,4.5,0.44,0.00,0.00,1.11,2.00,0.00,0.44,1.56,0.89,,,0.00,Matches,,11,4,407,0.00,0.22,0.22,0.00,0.00,0.00,0.00,0.22,0.22,0.00,0.22,
299,Keane Lewis-Potter,eng ENG,DF,MF,Brentford,24,2001,21.9,0.05,0.00,0.00,0.68,1.64,0.14,3.15,0.46,0.64,,,0.00,Matches,2001,36,22,972,21.9,0.14,0.14,0.27,0.14,0.05,0.00,0.14,0.14,0.27,Matches
300,Myles Lewis-Skelly,eng ENG,MF,DF,Arsenal,18,2006,7.9,0.38,0.00,0.00,1.27,2.03,0.13,0.00,0.63,0.63,,,0.00,Matches,2006,20,5,7.9,0.00,0.00,0.00,0.00,0.00,0.00,0.00,0.00,0.00,0.00,
Rk,Player,Nation,Pos,Squad,Age,Born,90s,CrdY,CrdR,2CrdY,Fls,Fld,Off,Crs,Int,TklW,PKwon,PKcon,OG,Matches,,MP,Starts,Min,Gls,Ast,G+A,G-PK,PK,PKatt,Gls,Ast,G+A,G-PK,G+A-PK,
301,Matthijs de Ligt,nl NED,DF,Manchester Utd,25,1999,13.0,0.00,0.00,0.00,0.46,0.38,0.00,0.31,0.85,1.00,,,0.00,Matches,,13,13,1,13.0,0.08,0.00,0.08,0.08,0.00,0.00,0.08,0.00,0.08,0.08,
302,Pedro Lima,br BRA,MF,Wolves,19,2006,2.9,0.00,0.00,0.00,2.07,0.34,0.00,3.45,1.38,1.72,,,0.00,Matches,,9,3,260,0.00,0.00,0.00,0.00,0.00,0.00,0.00,0.00,0.00,0.00,0.00,
303,Victor Lindelöf,se SWE,DF,MF,Aston Villa,31,1994,10.5,0.00,0.00,0.00,0.19,0.00,0.00,0.00,0.76,0.29,,,0.00,Matches,1994,17,11,10.5,0.00,0.10,0.10,0.00,0.00,0.00,0.00,0.09,0.09,0.00,
304,Tino Livramento,eng ENG,DF,Newcastle United,22,2002,14.8,0.07,0.00,0.00,0.47,1.08,0.14,2.43,0.14,0.95,,,0.00,Matches,,17,14,1,14.8,0.00,0.07,0.07,0.00,0.00,0.00,0.00,0.07,0.07,0.00,
305,Sean Longstaff,eng ENG,MF,Leeds United,27,1997,11.2,0.18,0.00,0.00,1.16,1.52,0.09,4.82,1.07,2.14,,,0.00,Matches,,23,10,1,11.2,0.18,0.18,0.36,0.18,0.00,0.00,0.18,0.18,0.36,0.18,
306,Fer López,es ESP,MF,Wolves,21,2004,2.6,0.38,0.00,0.00,2.31,1.54,0.00,1.54,0.00,0.38,,,0.00,Matches,,9,2,235,0.00,0.38,0.38,0.00,0.00,0.00,0.00,0.38,0.38,0.00,0.38,
307,Lucas,br BRA,MF,DF,Burnley,24,2001,15.7,0.06,0.06,0.00,0.96,0.25,0.32,3.57,1.21,1.40,,,0.00,Matches,2001,20,15,409,15.7,0.00,0.00,0.00,0.00,0.06,0.06,0.00,0.00,0.00,Matches
308,Lorenzo Lucca,it ITA,FW,Nottingham Forest,24,2000,1.4,0.00,0.00,0.00,0.71,1.43,1.43,0.00,0.71,0.00,,,0.00,Matches,,4,1,129,0.71,0.00,0.71,0.71,0.00,0.00,0.70,0.00,0.70,0.70,0.70,
309,Florentino Luís,pt POR,MF,Burnley,25,1999,23.4,0.26,0.00,0.00,1.71,0.34,0.04,0.47,1.71,2.09,,,0.00,Matches,,31,25,2,23.4,0.00,0.09,0.09,0.00,0.00,0.00,0.00,0.09,0.09,0.00,
310,Douglas Luiz,br BRA,MF,Aston Villa,27,1998,6.7,0.15,0.00,0.00,1.34,1.49,0.00,4.18,1.04,1.64,,,0.00,Matches,,13,7,604,0.15,0.00,0.15,0.15,0.00,0.00,0.15,0.00,0.15,0.15,0.15,
311,Douglas Luiz,br BRA,MF,Nottingham Forest,27,1998,3.5,0.57,0.00,0.00,1.14,1.43,0.00,4.29,2.00,0.86,,,0.00,Matches,,8,5,315,0.00,0.00,0.00,0.00,0.00,0.00,0.00,0.00,0.00,0.00,0.00,
312,Saša Lukić,rs SRB,MF,Fulham,28,1996,19.3,0.47,0.00,0.00,2.75,1.30,0.10,3.52,0.83,1.45,,,0.00,Matches,,26,20,1,19.3,0.05,0.10,0.16,0.05,0.00,0.00,0.05,0.10,0.16,0.05,
313,Ian Maatsen,nl NED,DF,Aston Villa,23,2002,17.8,0.11,0.00,0.00,0.96,1.07,0.06,3.03,1.01,1.74,,,0.00,Matches,,30,17,1,17.8,0.00,0.06,0.06,0.00,0.00,0.00,0.00,0.06,0.06,0.00,
314,Alexis Mac Allister,ar ARG,MF,Liverpool,26,1998,29.5,0.24,0.00,0.00,1.19,1.08,0.00,0.68,0.61,0.92,,,0.00,Matches,,37,31,2,29.5,0.07,0.14,0.20,0.07,0.00,0.00,0.07,0.14,0.20,0.07,
315,James Maddison,eng ENG,FW,MF,Tottenham Hotspur,28,1996,0.4,0.00,0.00,0.00,2.50,2.50,0.00,15.0,0.00,2.50,,,0.00,Matches,1996,3,0,0.4,0.00,0.00,0.00,0.00,0.00,0.00,0.00,0.00,0.00,0.00,
316,Noni Madueke,eng ENG,FW,MF,Arsenal,23,2002,13.5,0.00,0.00,0.00,1.11,1.11,0.30,5.93,0.37,0.74,,,0.00,Matches,2002,26,16,211,13.5,0.22,0.07,0.30,0.22,0.00,0.00,0.22,0.07,0.30,Matches
317,Gabriel Magalhães,br BRA,DF,Arsenal,27,1997,30.6,0.13,0.00,0.00,0.69,1.11,0.00,0.20,0.72,0.65,,,0.00,Matches,,32,30,2,30.6,0.10,0.13,0.23,0.10,0.00,0.00,0.10,0.13,0.23,0.10,
318,Soungoutou Magassa,fr FRA,MF,West Ham United,21,2003,10.9,0.37,0.00,0.00,1.56,1.56,0.00,0.83,1.56,2.11,,,0.00,Matches,,22,11,981,0.09,0.00,0.09,0.09,0.00,0.00,0.09,0.00,0.09,0.09,0.09,
319,Harry Maguire,eng ENG,DF,Manchester Utd,32,1993,18.4,0.16,0.05,0.00,0.87,0.87,0.00,0.22,0.65,0.92,,,0.00,Matches,,23,19,1,18.4,0.05,0.11,0.16,0.05,0.00,0.05,0.05,0.11,0.16,0.05,
320,Kobbie Mainoo,eng ENG,MF,Manchester Utd,20,2005,18.5,0.11,0.00,0.00,0.65,1.19,0.05,0.70,1.03,1.08,,,0.00,Matches,,28,16,1,18.5,0.05,0.11,0.16,0.05,0.00,0.00,0.05,0.11,0.16,0.05,
321,Tyrell Malacia,nl NED,DF,Manchester Utd,25,1999,0.2,0.00,0.00,0.00,0.00,0.00,0.00,0.00,0.00,5.00,,,0.00,Matches,,3,0,18,0.00,0.00,0.00,0.00,0.00,0.00,0.00,0.00,0.00,0.00,0.00,
322,Donyell Malen,nl NED,FW,MF,Aston Villa,26,1999,7.3,0.00,0.00,0.00,0.27,0.82,0.14,0.96,0.00,0.27,,,0.00,Matches,1999,21,5,7.3,0.55,0.14,0.68,0.55,0.00,0.00,0.55,0.14,0.69,0.55,
323,Giorgi Mamardashvili,ge GEO,GK,Liverpool,24,2000,9.6,0.00,0.00,0.00,0.10,0.21,0.00,0.00,0.10,0.10,,,0.00,Matches,,10,10,867,0.00,0.00,0.00,0.00,0.00,0.00,0.00,0.00,0.00,0.00,0.00,
324,Reinildo Mandava,mz MOZ,DF,Sunderland,31,1994,21.8,0.32,0.05,0.00,1.47,1.61,0.05,1.06,1.33,1.06,,,0.00,Matches,,25,23,1,21.8,0.00,0.05,0.05,0.00,0.00,0.05,0.00,0.05,0.05,0.00,
325,Mateus Mane,pt POR,MF,Wolves,17,2007,19.9,0.00,0.00,0.00,1.31,2.36,0.10,4.72,0.25,0.65,,,0.00,Matches,,27,19,1,19.9,0.15,0.05,0.20,0.15,0.00,0.00,0.15,0.05,0.20,0.15,
Rk,Player,Nation,Pos,Squad,Age,Born,90s,CrdY,CrdR,2CrdY,Fls,Fld,Off,Crs,Int,TklW,PKwon,PKcon,OG,Matches,,MP,Starts,Min,Gls,Ast,G+A,G-PK,PK,PKatt,Gls,Ast,G+A,G-PK,G+A-PK,
326,Bendito Mantato,eng ENG,MF,Manchester Utd,17,2008,0.2,0.00,0.00,0.00,0.00,0.00,0.00,5.00,0.00,0.00,,,0.00,Matches,,1,0,16,0.00,0.00,0.00,0.00,0.00,0.00,0.00,0.00,0.00,0.00,0.00,
327,Solly March,eng ENG,MF,Brighton,31,1994,0.5,0.00,0.00,0.00,0.00,2.00,0.00,8.00,0.00,4.00,,,0.00,Matches,,4,0,41,0.00,0.00,0.00,0.00,0.00,0.00,0.00,0.00,0.00,0.00,0.00,
328,Omar Marmoush,eg EGY,FW,MF,Manchester City,26,1999,7.8,0.38,0.00,0.00,1.28,2.69,0.77,1.54,0.26,1.03,,,0.00,Matches,1999,21,8,7.8,0.38,0.38,0.77,0.38,0.00,0.00,0.39,0.39,0.77,0.39,
329,Callum Marshall,nir NIR,FW,West Ham United,20,2004,0.7,0.00,0.00,0.00,0.00,0.00,1.43,0.00,2.86,0.00,,,0.00,Matches,,2,0,60,0.00,0.00,0.00,0.00,0.00,0.00,0.00,0.00,0.00,0.00,0.00,
330,Gabriel Martinelli,br BRA,FW,MF,Arsenal,24,2001,12.0,0.25,0.00,0.00,0.83,1.17,0.42,3.08,0.08,0.67,,,0.00,Matches,2001,30,11,081,12.0,0.08,0.33,0.42,0.08,0.25,0.00,0.08,0.33,0.42,Matches
331,Emiliano Martínez,ar ARG,GK,Aston Villa,32,1992,31.5,0.06,0.00,0.00,0.00,0.54,0.00,0.00,0.00,0.00,,,0.00,Matches,,32,32,2,31.5,0.00,0.03,0.03,0.00,0.00,0.00,0.00,0.03,0.03,0.00,
332,Lisandro Martínez,ar ARG,DF,Manchester Utd,27,1998,13.7,0.00,0.07,0.00,0.66,0.15,0.00,0.15,0.88,0.80,,,0.07,Matches,,18,13,1,13.7,0.00,0.00,0.00,0.00,0.00,0.07,0.00,0.00,0.00,0.00,
333,Arthur Masuaku,cd COD,DF,Sunderland,31,1993,1.4,0.71,0.00,0.00,2.14,0.00,0.00,5.71,1.43,1.43,,,0.00,Matches,,3,2,126,0.00,0.00,0.00,0.00,0.00,0.00,0.00,0.00,0.00,0.00,0.00,
334,Pape Matar Sarr,sn SEN,MF,Tottenham Hotspur,22,2002,15.5,0.19,0.00,0.00,1.87,0.84,0.19,0.52,0.90,1.35,,,0.00,Matches,,26,13,1,15.5,0.13,0.26,0.39,0.13,0.00,0.00,0.13,0.26,0.39,0.13,
335,Jean-Philippe Mateta,fr FRA,FW,Crystal Palace,28,1997,24.6,0.08,0.00,0.00,0.85,0.77,0.73,0.45,0.24,0.16,,,0.00,Matches,,32,25,2,24.6,0.49,0.00,0.49,0.33,0.16,0.00,0.49,0.00,0.49,0.32,
336,Konstantinos Mavropanos,gr GRE,DF,West Ham United,27,1997,28.2,0.07,0.00,0.00,0.57,0.32,0.07,0.14,1.67,0.85,,,0.07,Matches,,31,27,2,28.2,0.11,0.00,0.11,0.11,0.00,0.00,0.11,0.00,0.11,0.11,
337,Eliezer Mayenda,es ESP,FW,MF,Sunderland,20,2005,8.4,0.00,0.00,0.00,0.71,1.31,0.36,0.12,0.12,0.36,,,0.00,Matches,2005,20,8,8.4,0.24,0.00,0.24,0.24,0.00,0.00,0.24,0.00,0.24,0.24,
338,Ezra Mayers,bb BRB,DF,West Ham United,18,2007,1.3,0.00,0.00,0.00,0.00,0.00,0.00,2.31,0.77,0.00,,,0.00,Matches,,6,0,117,0.00,0.00,0.00,0.00,0.00,0.00,0.00,0.00,0.00,0.00,0.00,
339,Noussair Mazraoui,ma MAR,DF,MF,Manchester Utd,27,1997,10.9,0.28,0.00,0.00,1.10,1.28,0.00,1.19,1.01,1.38,,,0.00,Matches,1997,20,11,10.9,0.00,0.00,0.00,0.00,0.00,0.00,0.00,0.00,0.00,0.00,
340,Bryan Mbeumo,cm CMR,MF,FW,Manchester Utd,25,1999,29.0,0.14,0.00,0.00,0.79,0.97,0.24,3.62,0.24,0.38,,,0.00,Matches,1999,33,31,609,29.0,0.38,0.10,0.48,0.38,0.14,0.00,0.38,0.10,0.48,Matches
341,James Mcatee,eng ENG,MF,Nottingham Forest,22,2002,3.3,0.30,0.00,0.00,1.21,1.52,0.61,2.73,0.91,1.21,,,0.00,Matches,,14,2,298,0.00,0.30,0.30,0.00,0.00,0.00,0.00,0.30,0.30,0.00,0.30,
342,John McGinn,sct SCO,MF,Aston Villa,30,1994,23.7,0.21,0.00,0.00,1.31,2.03,0.00,3.46,0.51,0.72,,,0.00,Matches,,30,28,2,23.7,0.21,0.17,0.38,0.21,0.00,0.00,0.21,0.17,0.38,0.21,
343,Dwight McNeil,eng ENG,MF,Everton,25,1999,13.0,0.08,0.00,0.00,0.85,0.54,0.15,3.08,0.77,1.23,,,0.00,Matches,,22,14,1,13.0,0.00,0.08,0.08,0.00,0.00,0.00,0.00,0.08,0.08,0.00,
344,Hannibal Mejbri,tn TUN,MF,Burnley,22,2003,13.7,0.73,0.00,0.00,1.68,3.36,0.22,2.19,0.51,1.24,,,0.00,Matches,,27,15,1,13.7,0.07,0.29,0.36,0.07,0.00,0.00,0.07,0.29,0.37,0.07,
345,Mikel Merino,es ESP,MF,FW,Arsenal,29,1996,11.5,0.09,0.00,0.00,1.91,1.74,0.26,0.35,0.78,1.13,,,0.00,Matches,1996,22,10,036,11.5,0.35,0.26,0.61,0.35,0.09,0.00,0.35,0.26,0.61,Matches
346,Shumaira Mheuka,eng ENG,FW,Chelsea,17,2007,0.0,0,0,0,0,0,0,0,0,0,,,0,Matches,,1,0,2,0,0,0,0,0,0,0.00,0.00,0.00,0.00,0.00,
347,Antoni Milambo,nl NED,MF,Brentford,20,2005,0.5,0.00,0.00,0.00,0.00,0.00,0.00,0.00,0.00,2.00,,,0.00,Matches,,1,1,45,0.00,0.00,0.00,0.00,0.00,0.00,0.00,0.00,0.00,0.00,0.00,
348,Nikola Milenković,rs SRB,DF,Nottingham Forest,27,1997,37.5,0.16,0.00,0.00,0.56,0.53,0.03,0.05,0.77,0.51,,,0.03,Matches,,38,37,3,37.5,0.00,0.00,0.00,0.00,0.00,0.00,0.00,0.00,0.00,0.00,
349,Lewis Miley,eng ENG,MF,DF,Newcastle United,19,2006,16.6,0.00,0.00,0.00,0.30,0.24,0.12,2.53,1.20,1.08,,,0.00,Matches,2006,23,15,496,16.6,0.06,0.24,0.30,0.06,0.00,0.00,0.06,0.24,0.30,Matches
350,James Milner,eng ENG,MF,Brighton,39,1986,8.7,0.23,0.00,0.00,1.72,0.34,0.11,1.61,0.57,1.03,,,0.00,Matches,,20,7,784,0.11,0.11,0.23,0.00,0.11,0.11,0.11,0.11,0.23,0.00,0.11,
Rk,Player,Nation,Pos,Squad,Age,Born,90s,CrdY,CrdR,2CrdY,Fls,Fld,Off,Crs,Int,TklW,PKwon,PKcon,OG,Matches,,MP,Starts,Min,Gls,Ast,G+A,G-PK,PK,PKatt,Gls,Ast,G+A,G-PK,G+A-PK,
351,Veljko Milosavljević,rs SRB,DF,Bournemouth,18,2007,4.1,0.00,0.00,0.00,0.00,0.00,0.00,0.00,0.98,0.98,,,0.00,Matches,,7,4,368,0.00,0.00,0.00,0.00,0.00,0.00,0.00,0.00,0.00,0.00,0.00,
352,Tyrone Mings,eng ENG,DF,Aston Villa,32,1993,14.7,0.07,0.00,0.00,0.68,0.54,0.00,0.27,0.75,0.14,,,0.00,Matches,,17,15,1,14.7,0.00,0.00,0.00,0.00,0.00,0.00,0.00,0.00,0.00,0.00,
353,Yankuba Minteh,gm GAM,MF,Brighton,21,2004,26.6,0.11,0.00,0.00,1.20,0.83,0.38,5.98,0.56,1.39,,,0.00,Matches,,34,26,2,26.6,0.11,0.15,0.26,0.11,0.00,0.00,0.11,0.15,0.26,0.11,
354,Tyrick Mitchell,eng ENG,MF,Crystal Palace,25,1999,36.1,0.17,0.00,0.00,0.66,0.78,0.14,2.88,0.91,1.80,,,0.00,Matches,,38,36,3,36.1,0.03,0.06,0.08,0.03,0.00,0.00,0.03,0.06,0.08,0.03,
355,Kaoru Mitoma,jp JPN,MF,FW,Brighton,28,1997,19.1,0.26,0.00,0.00,1.62,1.10,0.21,2.41,0.42,0.63,,,0.00,Matches,1997,25,19,721,19.1,0.16,0.05,0.21,0.16,0.26,0.00,0.16,0.05,0.21,Matches
356,Morato,br BRA,DF,Nottingham Forest,24,2001,14.9,0.34,0.00,0.00,1.07,0.47,0.07,0.13,0.74,1.21,,,0.00,Matches,,21,14,1,14.9,0.07,0.00,0.07,0.07,0.00,0.00,0.07,0.00,0.07,0.07,
357,Cristhian Mosquera,es ESP,DF,Arsenal,21,2004,11.0,0.36,0.00,0.00,1.55,0.64,0.09,0.27,0.73,1.91,,,0.00,Matches,,20,9,994,0.00,0.00,0.00,0.00,0.00,0.00,0.00,0.00,0.00,0.00,0.00,
358,Yerson Mosquera,co COL,DF,Wolves,24,2001,23.7,0.51,0.00,0.00,1.43,1.86,0.04,0.76,1.05,1.52,,,0.08,Matches,,27,24,2,23.7,0.00,0.00,0.00,0.00,0.00,0.00,0.00,0.00,0.00,0.00,
359,Mason Mount,eng ENG,MF,Manchester Utd,26,1999,11.3,0.18,0.00,0.00,1.50,1.06,0.00,1.95,0.80,1.15,,,0.00,Matches,,23,12,1,11.3,0.27,0.00,0.27,0.27,0.00,0.00,0.27,0.00,0.27,0.27,
360,Divine Mukasa,eng ENG,MF,Manchester City,17,2007,0.3,0.00,0.00,0.00,3.33,0.00,0.00,0.00,0.00,0.00,,,0.00,Matches,,2,0,27,0.00,0.00,0.00,0.00,0.00,0.00,0.00,0.00,0.00,0.00,0.00,
361,Nordi Mukiele,fr FRA,DF,Sunderland,27,1997,30.9,0.16,0.00,0.00,1.13,0.84,0.10,2.75,1.20,1.46,,,0.03,Matches,,32,32,2,30.9,0.10,0.10,0.19,0.10,0.00,0.00,0.10,0.10,0.19,0.10,
362,Romaine Mundle,eng ENG,MF,Sunderland,22,2003,4.6,0.22,0.00,0.00,1.52,1.74,0.00,2.39,0.22,0.87,,,0.00,Matches,,14,2,411,0.00,0.00,0.00,0.00,0.00,0.00,0.00,0.00,0.00,0.00,0.00,
363,Marshall Munetsi,zw ZIM,MF,FW,Wolves,29,1996,9.7,0.21,0.00,0.00,1.96,1.03,0.41,1.44,0.52,1.34,,,0.00,Matches,1996,13,9,9.7,0.10,0.10,0.21,0.10,0.00,0.00,0.10,0.10,0.21,0.10,
364,Rodrigo Muniz,br BRA,FW,Fulham,24,2001,11.1,0.18,0.00,0.00,1.89,1.62,0.45,0.18,0.18,0.27,,,0.09,Matches,,21,10,1,11.1,0.09,0.09,0.18,0.09,0.00,0.00,0.09,0.09,0.18,0.09,
365,Daniel Muñoz,co COL,MF,Crystal Palace,29,1996,26.7,0.26,0.00,0.00,1.27,0.67,0.30,2.32,0.90,1.80,,,0.00,Matches,,29,29,2,26.7,0.15,0.11,0.26,0.15,0.00,0.00,0.15,0.11,0.26,0.15,
366,Murillo,br BRA,DF,Nottingham Forest,23,2002,23.7,0.21,0.00,0.00,0.97,0.30,0.00,0.08,1.22,0.97,,,0.08,Matches,,25,25,2,23.7,0.04,0.00,0.04,0.04,0.00,0.00,0.04,0.00,0.04,0.04,
367,Alex Murphy,ie IRL,DF,Newcastle United,21,2004,0.1,0.00,0.00,0.00,0.00,0.00,0.00,0.00,10.0,0.00,,,0.00,Matches,,2,0,9,0.00,0.00,0.00,0.00,0.00,0.00,0.00,0.00,0.00,0.00,0.00,
368,Jacob Murphy,eng ENG,FW,MF,Newcastle United,30,1995,18.0,0.11,0.00,0.00,0.50,0.72,0.28,6.94,0.33,0.67,,,0.00,Matches,1995,33,19,617,18.0,0.17,0.11,0.28,0.17,0.11,0.00,0.17,0.11,0.28,Matches
369,Vitaliy Mykolenko,ua UKR,DF,Everton,26,1999,32.9,0.18,0.00,0.00,0.88,0.85,0.00,2.83,0.82,0.76,,,0.03,Matches,,33,33,2,32.9,0.00,0.03,0.03,0.00,0.00,0.00,0.00,0.03,0.03,0.00,
370,David Møller Wolfe,no NOR,MF,DF,Wolves,23,2002,11.7,0.09,0.00,0.00,0.85,0.34,0.00,2.74,0.60,0.43,,,0.00,Matches,2002,22,11,049,11.7,0.00,0.17,0.17,0.00,0.09,0.00,0.00,0.17,0.17,Matches
371,Iliman Ndiaye,sn SEN,MF,Everton,25,2000,30.9,0.06,0.00,0.00,0.97,1.20,0.39,1.78,0.55,1.29,,,0.00,Matches,,32,32,2,30.9,0.19,0.10,0.29,0.13,0.06,0.00,0.19,0.10,0.29,0.13,
372,Dan Ndoye,ch SUI,MF,Nottingham Forest,24,2000,13.0,0.08,0.00,0.00,1.23,1.69,0.69,3.15,0.77,0.85,,,0.00,Matches,,24,14,1,13.0,0.08,0.08,0.15,0.08,0.00,0.00,0.08,0.08,0.15,0.08,
373,Sean Neave,eng ENG,FW,Newcastle United,18,2007,0.2,0.00,0.00,0.00,0.00,0.00,0.00,0.00,0.00,0.00,,,0.00,Matches,,1,0,14,0.00,0.00,0.00,0.00,0.00,0.00,0.00,0.00,0.00,0.00,0.00,
374,Dan Neil,eng ENG,MF,Sunderland,23,2001,0.2,0.00,0.00,0.00,0.00,5.00,0.00,0.00,5.00,0.00,,,0.00,Matches,,3,0,14,0.00,0.00,0.00,0.00,0.00,0.00,0.00,0.00,0.00,0.00,0.00,
375,Reiss Nelson,eng ENG,FW,MF,Brentford,25,1999,1.4,0.00,0.00,0.00,0.00,1.43,0.00,1.43,0.00,2.14,,,0.00,Matches,1999,10,0,1.4,0.00,0.71,0.71,0.00,0.00,0.00,0.00,0.71,0.71,0.00,
Rk,Player,Nation,Pos,Squad,Age,Born,90s,CrdY,CrdR,2CrdY,Fls,Fld,Off,Crs,Int,TklW,PKwon,PKcon,OG,Matches,,MP,Starts,Min,Gls,Ast,G+A,G-PK,PK,PKatt,Gls,Ast,G+A,G-PK,G+A-PK,
376,Pedro Neto,pt POR,MF,FW,Chelsea,25,2000,29.2,0.14,0.03,0.03,0.58,0.86,0.21,6.30,0.21,0.38,,,0.00,Matches,2000,34,30,631,29.2,0.17,0.21,0.38,0.17,0.14,0.03,0.17,0.21,0.38,Matches
377,Luca Netz,de GER,DF,MF,Nottingham Forest,22,2003,4.0,0.00,0.00,0.00,1.25,0.50,0.00,0.50,0.25,2.00,,,0.00,Matches,2003,7,3,4.0,0.00,0.00,0.00,0.00,0.00,0.00,0.00,0.00,0.00,0.00,
378,Rio Ngumoha,eng ENG,MF,Liverpool,16,2008,6.2,0.00,0.00,0.00,0.65,1.94,0.00,3.55,0.48,0.32,,,0.00,Matches,,19,5,560,0.32,0.16,0.48,0.32,0.00,0.00,0.32,0.16,0.48,0.32,0.48,
379,Eddie Nketiah,eng ENG,MF,Crystal Palace,26,1999,4.7,0.43,0.00,0.00,1.49,1.49,0.64,0.00,0.43,1.28,,,0.00,Matches,,12,2,424,0.43,0.00,0.43,0.43,0.00,0.00,0.42,0.00,0.42,0.42,0.42,
380,Lukas Nmecha,de GER,FW,Leeds United,26,1998,12.0,0.00,0.00,0.00,1.50,1.50,0.25,0.83,0.25,0.58,,,0.00,Matches,,31,10,1,12.0,0.50,0.08,0.58,0.33,0.17,0.00,0.50,0.08,0.58,0.33,
381,Matheus Nunes,pt POR,DF,Manchester City,26,1998,31.8,0.16,0.00,0.00,0.53,0.94,0.13,2.11,0.91,1.29,,,0.00,Matches,,34,32,2,31.8,0.03,0.16,0.19,0.03,0.00,0.00,0.03,0.16,0.19,0.03,
382,Ethan Nwaneri,eng ENG,MF,Arsenal,18,2007,1.9,0.00,0.00,0.00,1.05,0.00,0.00,1.05,0.00,0.00,,,0.00,Matches,,6,0,171,0.00,0.00,0.00,0.00,0.00,0.00,0.00,0.00,0.00,0.00,0.00,
383,Trey Nyoni,eng ENG,MF,Liverpool,18,2007,0.3,0.00,0.00,0.00,3.33,0.00,3.33,0.00,0.00,0.00,,,0.00,Matches,,6,0,24,0.00,0.00,0.00,0.00,0.00,0.00,0.00,0.00,0.00,0.00,0.00,
384,Christian Nørgaard,dk DEN,MF,Arsenal,31,1994,1.2,0.00,0.00,0.00,2.50,0.00,0.00,0.83,0.83,1.67,,,0.00,Matches,,7,1,106,0.00,0.00,0.00,0.00,0.00,0.00,0.00,0.00,0.00,0.00,0.00,
385,Jake O'Brien,ie IRL,DF,Everton,24,2001,34.7,0.17,0.03,0.00,0.66,0.49,0.12,1.41,0.37,0.92,,,0.00,Matches,,37,35,3,34.7,0.03,0.03,0.06,0.03,0.00,0.03,0.03,0.03,0.06,0.03,
386,Luke O'Nien,eng ENG,DF,Sunderland,30,1994,6.3,0.16,0.16,0.00,1.11,1.27,0.00,1.11,0.95,0.95,,,0.00,Matches,,12,5,569,0.00,0.16,0.16,0.00,0.00,0.00,0.00,0.16,0.16,0.00,0.16,
387,Matt O'Riley,dk DEN,MF,Brighton,24,2000,2.3,0.00,0.00,0.00,0.87,0.43,0.43,2.61,0.00,0.87,,,0.00,Matches,,6,2,204,0.43,0.00,0.43,0.00,0.43,0.43,0.44,0.00,0.44,0.00,0.00,
388,Wilson Odobert,fr FRA,MF,FW,Tottenham Hotspur,20,2004,10.9,0.00,0.00,0.00,0.18,0.92,0.18,2.57,0.00,0.73,,,0.00,Matches,2004,24,10,10.9,0.00,0.18,0.18,0.00,0.00,0.00,0.00,0.18,0.18,0.00,
389,Noah Okafor,ch SUI,FW,MF,Leeds United,25,2000,17.3,0.17,0.00,0.00,1.04,0.81,0.00,2.08,0.69,0.87,,,0.00,Matches,2000,28,19,561,17.3,0.46,0.06,0.52,0.46,0.17,0.00,0.46,0.06,0.52,Matches
390,Callum Olusesi,eng ENG,MF,Tottenham Hotspur,18,2007,0.2,0.00,0.00,0.00,0.00,0.00,0.00,0.00,0.00,0.00,,,0.00,Matches,,1,0,15,0.00,0.00,0.00,0.00,0.00,0.00,0.00,0.00,0.00,0.00,0.00,
391,Amadou Onana,be BEL,MF,Aston Villa,23,2001,19.5,0.15,0.00,0.00,1.03,1.28,0.00,0.00,0.97,1.54,,,0.00,Matches,,25,21,1,19.5,0.10,0.00,0.10,0.10,0.00,0.00,0.10,0.00,0.10,0.10,
392,Frank Onyeka,ng NGA,MF,Brentford,27,1998,1.0,0.00,0.00,0.00,3.00,3.00,0.00,0.00,0.00,0.00,,,0.00,Matches,,6,0,92,0.00,1.00,1.00,0.00,0.00,0.00,0.00,0.98,0.98,0.00,0.98,
393,Nehemiah Oriola,eng ENG,MF,Brighton,18,2007,0.0,0,0,0,0,0,0,0,0,0,,,0,Matches,,1,0,1,0,0,0,0,0,0,0.00,0.00,0.00,0.00,0.00,
394,Stefan Ortega,de GER,GK,Nottingham Forest,32,1992,3.0,0.00,0.00,0.00,0.00,0.00,0.00,0.00,0.00,0.00,,,0.00,Matches,,3,3,270,0.00,0.00,0.00,0.00,0.00,0.00,0.00,0.00,0.00,0.00,0.00,
395,William Osula,dk DEN,FW,Newcastle United,21,2003,9.1,0.00,0.00,0.00,2.64,1.76,0.22,0.33,0.11,0.55,,,0.00,Matches,,24,8,819,0.77,0.00,0.77,0.77,0.00,0.00,0.77,0.00,0.77,0.77,0.77,
396,Dango Ouattara,bf BFA,MF,Brentford,23,2002,25.3,0.20,0.00,0.00,1.07,1.54,0.32,4.23,0.95,0.55,,,0.00,Matches,,32,25,2,25.3,0.28,0.12,0.40,0.28,0.00,0.00,0.28,0.12,0.40,0.28,
397,Nico O’Reilly,eng ENG,DF,MF,Manchester City,20,2005,29.4,0.17,0.00,0.00,1.53,0.61,0.03,1.29,0.68,1.22,,,0.00,Matches,2005,34,29,646,29.4,0.17,0.10,0.27,0.17,0.17,0.00,0.17,0.10,0.27,Matches
398,Pablo,br BRA,MF,FW,West Ham United,21,2004,9.1,0.00,0.00,0.00,2.53,0.88,0.00,0.55,0.55,1.54,,,0.00,Matches,2004,14,10,9.1,0.00,0.11,0.11,0.00,0.00,0.00,0.00,0.11,0.11,0.00,
399,João Palhinha,pt POR,MF,Tottenham Hotspur,30,1995,24.4,0.33,0.00,0.00,1.15,1.48,0.00,0.16,1.15,2.50,,,0.00,Matches,,33,23,2,24.4,0.20,0.08,0.29,0.20,0.00,0.00,0.20,0.08,0.29,0.20,
400,Cole Palmer,eng ENG,MF,Chelsea,23,2002,21.7,0.23,0.00,0.00,0.60,1.71,0.09,1.61,0.60,0.55,,,0.00,Matches,,26,24,1,21.7,0.46,0.05,0.51,0.23,0.23,0.00,0.46,0.05,0.51,0.23,
Rk,Player,Nation,Pos,Squad,Age,Born,90s,CrdY,CrdR,2CrdY,Fls,Fld,Off,Crs,Int,TklW,PKwon,PKcon,OG,Matches,,MP,Starts,Min,Gls,Ast,G+A,G-PK,PK,PKatt,Gls,Ast,G+A,G-PK,G+A-PK,
401,Lucas Paquetá,br BRA,MF,FW,West Ham United,27,1997,16.8,0.42,0.06,0.06,1.61,1.79,0.30,2.14,0.42,1.31,,,0.00,Matches,1997,18,18,511,16.8,0.24,0.06,0.30,0.12,0.42,0.06,0.24,0.06,0.30,Matches
402,Nathan Patterson,sct SCO,DF,Everton,23,2001,2.7,0.00,0.00,0.00,0.74,0.74,0.37,2.22,0.74,1.48,,,0.00,Matches,,7,3,241,0.00,0.00,0.00,0.00,0.00,0.00,0.00,0.00,0.00,0.00,0.00,
403,Myles Peart-Harris,eng ENG,MF,Brentford,22,2002,0.0,0,0,0,1,0,0,0,0,0,,,0,Matches,,1,0,1,0,0,0,0,0,0,0.00,0.00,0.00,0.00,0.00,
404,Lucas Perri,br BRA,GK,Leeds United,27,1997,16.0,0.13,0.00,0.00,0.06,0.19,0.00,0.00,0.00,0.00,,,0.00,Matches,,16,16,1,16.0,0.00,0.00,0.00,0.00,0.00,0.00,0.00,0.00,0.00,0.00,
405,Đorđe Petrović,rs SRB,GK,Bournemouth,25,1999,38.0,0.08,0.00,0.00,0.00,0.05,0.00,0.00,0.00,0.00,,,0.03,Matches,,38,38,3,38.0,0.00,0.00,0.00,0.00,0.00,0.00,0.00,0.00,0.00,0.00,
406,Jordan Pickford,eng ENG,GK,Everton,31,1994,38.0,0.11,0.00,0.00,0.03,0.16,0.00,0.00,0.00,0.03,,,0.00,Matches,,38,38,3,38.0,0.00,0.00,0.00,0.00,0.00,0.00,0.00,0.00,0.00,0.00,
407,Ethan Pinnock,jm JAM,DF,Brentford,32,1993,3.5,0.29,0.00,0.00,0.00,0.57,0.00,0.00,1.43,1.43,,,0.29,Matches,,4,4,318,0.00,0.00,0.00,0.00,0.00,0.00,0.00,0.00,0.00,0.00,0.00,
408,Yeremi Pino,es ESP,MF,FW,Crystal Palace,22,2002,23.1,0.17,0.00,0.00,1.30,1.04,0.43,3.42,0.35,0.87,,,0.00,Matches,2002,34,26,080,23.1,0.09,0.09,0.17,0.09,0.17,0.00,0.09,0.09,0.17,Matches
409,Joël Piroe,sr SUR,FW,Leeds United,25,1999,2.9,0.00,0.00,0.00,1.38,0.00,0.34,1.38,0.34,0.34,,,0.00,Matches,,16,2,258,0.00,0.00,0.00,0.00,0.00,0.00,0.00,0.00,0.00,0.00,0.00,
410,Nick Pope,eng ENG,GK,Newcastle United,33,1992,26.8,0.07,0.00,0.00,0.04,0.07,0.00,0.00,0.00,0.04,,,0.00,Matches,,27,27,2,26.8,0.00,0.00,0.00,0.00,0.00,0.00,0.00,0.00,0.00,0.00,
411,Pedro Porro,es ESP,DF,Tottenham Hotspur,25,1999,31.1,0.32,0.00,0.00,1.03,0.84,0.03,7.46,1.00,1.61,,,0.00,Matches,,34,32,2,31.1,0.03,0.06,0.10,0.03,0.00,0.00,0.03,0.06,0.10,0.03,
412,Freddie Potts,eng ENG,MF,West Ham United,21,2003,13.0,0.08,0.00,0.00,1.15,1.08,0.00,2.62,1.23,1.38,,,0.00,Matches,,22,12,1,13.0,0.00,0.08,0.08,0.00,0.00,0.00,0.00,0.08,0.08,0.00,
413,Aaron Ramsdale,eng ENG,GK,Newcastle United,27,1998,11.2,0.18,0.00,0.00,0.00,0.09,0.00,0.00,0.00,0.00,,,0.00,Matches,,12,11,1,11.2,0.00,0.00,0.00,0.00,0.00,0.00,0.00,0.00,0.00,0.00,
414,Jacob Ramsey,eng ENG,MF,Newcastle United,24,2001,16.1,0.31,0.06,0.06,0.99,0.87,0.12,0.50,0.56,1.30,,,0.00,Matches,,28,15,1,16.1,0.12,0.19,0.31,0.12,0.00,0.06,0.12,0.19,0.31,0.12,
415,David Raya,es ESP,GK,Arsenal,29,1995,37.0,0.03,0.00,0.00,0.00,0.38,0.00,0.03,0.03,0.03,,,0.00,Matches,,37,37,3,37.0,0.00,0.00,0.00,0.00,0.00,0.00,0.00,0.00,0.00,0.00,
416,Rayan,br BRA,MF,Bournemouth,18,2006,12.3,0.08,0.00,0.00,0.73,0.49,0.08,1.95,0.65,0.49,,,0.00,Matches,,15,13,1,12.3,0.41,0.16,0.57,0.41,0.00,0.00,0.41,0.16,0.57,0.41,
417,Harrison Reed,eng ENG,MF,Fulham,30,1995,1.0,0.00,0.00,0.00,2.00,1.00,0.00,4.00,0.00,0.00,,,0.00,Matches,,7,1,94,1.00,0.00,1.00,1.00,0.00,0.00,0.96,0.00,0.96,0.96,0.96,
418,Tijjani Reijnders,nl NED,MF,Manchester City,27,1998,18.1,0.11,0.00,0.00,1.05,0.83,0.22,2.38,0.61,0.22,,,0.00,Matches,,28,19,1,18.1,0.28,0.11,0.39,0.28,0.00,0.00,0.28,0.11,0.39,0.28,
419,Chadi Riad,ma MAR,DF,Crystal Palace,22,2003,6.1,0.33,0.00,0.00,0.82,0.49,0.00,0.98,0.66,0.82,,,0.00,Matches,,9,6,552,0.00,0.16,0.16,0.00,0.00,0.00,0.00,0.16,0.16,0.00,0.16,
420,Declan Rice,eng ENG,MF,Arsenal,26,1999,34.4,0.09,0.00,0.00,0.76,0.32,0.03,5.15,0.96,0.96,,,0.00,Matches,,36,35,3,34.4,0.12,0.15,0.26,0.12,0.00,0.00,0.12,0.15,0.26,0.12,
421,Chris Richards,us USA,DF,Crystal Palace,25,2000,31.4,0.13,0.00,0.00,0.54,0.16,0.00,0.45,1.37,1.11,,,0.00,Matches,,33,31,2,31.4,0.03,0.00,0.03,0.03,0.00,0.00,0.03,0.00,0.03,0.03,
422,Richarlison,br BRA,FW,MF,Tottenham Hotspur,28,1997,21.8,0.23,0.00,0.00,1.06,1.51,0.46,0.83,0.32,0.73,,,0.00,Matches,1997,32,20,964,21.8,0.50,0.18,0.69,0.50,0.23,0.00,0.50,0.18,0.69,Matches
423,Chris Rigg,eng ENG,MF,Sunderland,18,2007,8.5,0.12,0.00,0.00,0.94,0.94,0.24,1.29,0.47,0.94,,,0.00,Matches,,18,11,761,0.12,0.12,0.24,0.12,0.00,0.00,0.12,0.12,0.24,0.12,0.24,
424,Patrick Roberts,eng ENG,FW,MF,Sunderland,28,1997,0.3,0.00,0.00,0.00,0.00,0.00,0.00,0.00,0.00,0.00,,,0.00,Matches,1997,1,0,0.3,0.00,0.00,0.00,0.00,0.00,0.00,0.00,0.00,0.00,0.00,
425,Andrew Robertson,sct SCO,DF,Liverpool,31,1994,13.1,0.00,0.00,0.00,0.31,0.08,0.38,4.05,0.53,0.76,,,0.00,Matches,,24,11,1,13.1,0.08,0.00,0.08,0.08,0.00,0.00,0.08,0.00,0.08,0.08,
Rk,Player,Nation,Pos,Squad,Age,Born,90s,CrdY,CrdR,2CrdY,Fls,Fld,Off,Crs,Int,TklW,PKwon,PKcon,OG,Matches,,MP,Starts,Min,Gls,Ast,G+A,G-PK,PK,PKatt,Gls,Ast,G+A,G-PK,G+A-PK,
426,Antonee Robinson,us USA,DF,MF,Fulham,27,1997,16.6,0.30,0.00,0.00,0.90,0.54,0.12,4.64,1.69,1.87,,,0.00,Matches,1997,22,17,492,16.6,0.06,0.00,0.06,0.00,0.30,0.00,0.06,0.00,0.06,Matches
427,Kaden Rodney,eng ENG,DF,MF,Crystal Palace,20,2004,0.0,0,0,0,1,0,0,0,0,0,,,0,Matches,2004,1,0,0.0,0,0,0,0,0,0,0.00,0.00,0.00,0.00,
428,Joe Rodon,wls WAL,DF,Leeds United,27,1997,32.8,0.09,0.00,0.00,0.52,0.58,0.03,0.18,0.91,0.58,,,0.00,Matches,,35,33,2,32.8,0.06,0.00,0.06,0.06,0.00,0.00,0.06,0.00,0.06,0.06,
429,Rodri,es ESP,MF,Manchester City,29,1996,16.8,0.18,0.00,0.00,0.83,1.85,0.00,0.30,0.71,1.49,,,0.00,Matches,,21,17,1,16.8,0.06,0.00,0.06,0.06,0.00,0.00,0.06,0.00,0.06,0.06,
430,Guido Rodríguez,ar ARG,MF,West Ham United,31,1994,2.0,0.50,0.00,0.00,1.00,2.00,0.00,1.00,1.00,0.00,,,0.00,Matches,,6,2,180,0.00,0.00,0.00,0.00,0.00,0.00,0.00,0.00,0.00,0.00,0.00,
431,Robin Roefs,nl NED,GK,Sunderland,22,2003,35.0,0.11,0.00,0.00,0.00,0.40,0.00,0.00,0.00,0.00,,,0.00,Matches,,35,35,3,35.0,0.00,0.00,0.00,0.00,0.00,0.00,0.00,0.00,0.00,0.00,
432,Morgan Rogers,eng ENG,MF,Aston Villa,23,2002,36.4,0.19,0.00,0.00,1.26,1.35,0.08,1.40,0.36,0.63,,,0.00,Matches,,37,37,3,36.4,0.27,0.16,0.44,0.27,0.00,0.00,0.27,0.16,0.44,0.27,
433,Merlin Röhl,de GER,MF,Everton,23,2002,7.6,0.00,0.00,0.00,2.63,0.92,0.26,0.66,0.53,1.71,,,0.00,Matches,,16,6,682,0.13,0.00,0.13,0.13,0.00,0.00,0.13,0.00,0.13,0.13,0.13,
434,Cristian Romero,ar ARG,DF,Tottenham Hotspur,27,1998,20.8,0.53,0.10,0.05,1.54,0.77,0.05,0.05,1.49,1.44,,,0.00,Matches,,23,22,1,20.8,0.19,0.05,0.24,0.19,0.00,0.10,0.19,0.05,0.24,0.19,
435,James Rowswell,eng ENG,DF,Tottenham Hotspur,19,2006,0.0,0,0,0,0,0,0,0,0,0,,,0,Matches,,1,0,1,0,0,0,0,0,0,0.00,0.00,0.00,0.00,0.00,
436,Georginio Rutter,fr FRA,MF,FW,Brighton,23,2002,19.8,0.10,0.00,0.00,1.52,1.72,0.56,1.01,0.56,0.96,,,0.05,Matches,2002,32,20,786,19.8,0.15,0.15,0.30,0.15,0.10,0.00,0.15,0.15,0.30,Matches
437,José Sá,pt POR,GK,Wolves,32,1993,23.0,0.09,0.00,0.00,0.00,0.26,0.00,0.00,0.00,0.00,,,0.00,Matches,,23,23,2,23.0,0.00,0.00,0.00,0.00,0.00,0.00,0.00,0.00,0.00,0.00,
438,Noah Sadiki,cd COD,MF,Sunderland,20,2004,32.1,0.28,0.00,0.00,0.97,1.25,0.06,0.65,1.03,0.81,,,0.00,Matches,,33,33,2,32.1,0.00,0.03,0.03,0.00,0.00,0.00,0.00,0.03,0.03,0.00,
439,Bukayo Saka,eng ENG,FW,MF,Arsenal,23,2001,24.7,0.08,0.00,0.00,1.34,2.19,0.57,4.94,0.65,0.77,,,0.00,Matches,2001,31,25,222,24.7,0.28,0.20,0.49,0.24,0.08,0.00,0.28,0.20,0.49,Matches
440,Mohamed Salah,eg EGY,MF,Liverpool,33,1992,23.8,0.04,0.00,0.00,0.42,0.67,0.59,4.92,0.13,0.50,,,0.00,Matches,,27,23,2,23.8,0.29,0.29,0.59,0.25,0.04,0.00,0.29,0.29,0.59,0.25,
441,William Saliba,fr FRA,DF,Arsenal,24,2001,29.0,0.07,0.00,0.00,0.76,0.55,0.03,0.31,0.52,0.79,,,0.00,Matches,,31,30,2,29.0,0.03,0.00,0.03,0.03,0.00,0.00,0.03,0.00,0.03,0.03,
442,Robert Sánchez,es ESP,GK,Chelsea,27,1997,33.8,0.09,0.03,0.00,0.06,0.38,0.00,0.00,0.03,0.00,,,0.00,Matches,,35,35,3,33.8,0.00,0.03,0.03,0.00,0.00,0.03,0.00,0.03,0.03,0.00,
443,Jadon Sancho,eng ENG,MF,Aston Villa,25,2000,9.7,0.00,0.00,0.00,0.31,0.21,0.31,2.37,0.21,0.21,,,0.00,Matches,,23,9,876,0.00,0.21,0.21,0.00,0.00,0.00,0.00,0.21,0.21,0.00,0.21,
444,Ibrahim Sangaré,ci CIV,MF,Nottingham Forest,27,1997,23.1,0.22,0.00,0.00,1.82,0.78,0.00,0.35,0.95,1.39,,,0.00,Matches,,28,25,2,23.1,0.09,0.09,0.17,0.09,0.00,0.00,0.09,0.09,0.17,0.09,
445,Andrey Santos,br BRA,MF,Chelsea,21,2004,14.0,0.29,0.00,0.00,0.93,1.57,0.07,0.14,1.29,1.50,,,0.00,Matches,,27,13,1,14.0,0.07,0.00,0.07,0.07,0.00,0.00,0.07,0.00,0.07,0.07,
446,Ismaila Sarr,sn SEN,MF,Crystal Palace,27,1998,24.2,0.08,0.00,0.00,0.50,1.74,0.58,0.99,0.29,0.37,,,0.00,Matches,,28,24,2,24.2,0.37,0.04,0.41,0.25,0.12,0.00,0.37,0.04,0.41,0.25,
447,Mamadou Sarr,sn SEN,DF,Chelsea,19,2005,1.1,0.00,0.00,0.00,0.00,0.00,0.00,0.00,0.91,0.00,,,0.00,Matches,,3,1,102,0.00,0.00,0.00,0.00,0.00,0.00,0.00,0.00,0.00,0.00,0.00,
448,Sávio,br BRA,MF,Manchester City,21,2004,9.3,0.22,0.00,0.00,0.97,1.61,0.43,4.30,0.54,0.54,,,0.00,Matches,,24,7,833,0.11,0.11,0.22,0.11,0.00,0.00,0.11,0.11,0.22,0.11,0.22,
449,Nicolò Savona,it ITA,DF,Nottingham Forest,22,2003,11.4,0.18,0.00,0.00,1.05,0.44,0.09,2.37,0.44,1.05,,,0.00,Matches,,14,11,1,11.4,0.18,0.00,0.18,0.18,0.00,0.00,0.18,0.00,0.18,0.18,
450,Oliver Scarles,eng ENG,DF,MF,West Ham United,19,2005,7.3,0.27,0.00,0.00,0.96,0.96,0.14,4.79,1.78,2.60,,,0.00,Matches,2005,13,9,7.3,0.00,0.00,0.00,0.00,0.00,0.00,0.00,0.00,0.00,0.00,
Rk,Player,Nation,Pos,Squad,Age,Born,90s,CrdY,CrdR,2CrdY,Fls,Fld,Off,Crs,Int,TklW,PKwon,PKcon,OG,Matches,,MP,Starts,Min,Gls,Ast,G+A,G-PK,PK,PKatt,Gls,Ast,G+A,G-PK,G+A-PK,
451,Dane Scarlett,eng ENG,FW,Tottenham Hotspur,21,2004,0.1,0.00,0.00,0.00,10.0,0.00,0.00,0.00,0.00,0.00,,,0.00,Matches,,2,0,9,0.00,0.00,0.00,0.00,0.00,0.00,0.00,0.00,0.00,0.00,0.00,
452,Kevin Schade,de GER,MF,FW,Brentford,23,2001,30.5,0.20,0.03,0.00,1.64,1.41,0.33,0.75,0.62,0.89,,,0.00,Matches,2001,35,32,745,30.5,0.26,0.10,0.36,0.26,0.20,0.03,0.26,0.10,0.36,Matches
453,Fabian Schär,ch SUI,DF,Newcastle United,33,1991,12.1,0.08,0.00,0.00,1.24,0.58,0.08,0.33,1.32,0.74,,,0.00,Matches,,16,11,1,12.1,0.00,0.00,0.00,0.00,0.00,0.00,0.00,0.00,0.00,0.00,
454,Alex Scott,eng ENG,MF,Bournemouth,21,2003,31.7,0.16,0.00,0.00,1.42,1.89,0.03,2.78,1.10,1.20,,,0.00,Matches,,37,34,2,31.7,0.09,0.03,0.13,0.09,0.00,0.00,0.09,0.03,0.13,0.09,
455,Jenson Seelt,nl NED,DF,Sunderland,22,2003,1.5,0.00,0.00,0.00,0.67,0.67,0.00,0.67,0.00,0.00,,,0.00,Matches,,2,1,134,0.00,0.00,0.00,0.00,0.00,0.00,0.00,0.00,0.00,0.00,0.00,
456,Matz Sels,be BEL,GK,Nottingham Forest,33,1992,29.6,0.07,0.00,0.00,0.00,0.14,0.00,0.00,0.00,0.03,,,0.00,Matches,,31,30,2,29.6,0.00,0.00,0.00,0.00,0.00,0.00,0.00,0.00,0.00,0.00,
457,Antoine Semenyo,gh GHA,MF,FW,Manchester City,25,2000,15.5,0.06,0.00,0.00,1.10,0.45,0.45,1.35,0.39,0.71,,,0.00,Matches,2000,17,17,397,15.5,0.45,0.06,0.52,0.45,0.06,0.00,0.45,0.06,0.52,Matches
458,Antoine Semenyo,gh GHA,MF,Bournemouth,25,2000,20.0,0.30,0.00,0.00,1.85,0.70,0.60,1.40,0.30,1.00,,,0.00,Matches,,20,20,1,20.0,0.50,0.15,0.65,0.45,0.05,0.00,0.50,0.15,0.65,0.45,
459,Marcos Senesi,ar ARG,DF,Bournemouth,28,1997,36.5,0.22,0.00,0.00,0.96,1.01,0.03,0.77,1.37,0.93,,,0.00,Matches,,37,37,3,36.5,0.00,0.14,0.14,0.00,0.00,0.00,0.00,0.14,0.14,0.00,
460,Benjamin Šeško,si SVN,FW,Manchester Utd,22,2003,18.3,0.11,0.00,0.00,0.93,0.33,0.38,0.11,0.16,0.16,,,0.00,Matches,,30,17,1,18.3,0.60,0.05,0.66,0.60,0.00,0.00,0.60,0.05,0.66,0.60,
461,Ryan Sessegnon,eng ENG,DF,MF,Fulham,25,2000,20.3,0.00,0.00,0.00,1.63,0.15,0.20,2.71,1.13,1.43,,,0.00,Matches,2000,27,20,823,20.3,0.15,0.05,0.20,0.15,0.00,0.00,0.15,0.05,0.20,Matches
462,Luke Shaw,eng ENG,DF,Manchester Utd,30,1995,35.8,0.25,0.00,0.00,1.34,0.56,0.00,1.51,1.20,1.26,,,0.00,Matches,,38,38,3,35.8,0.03,0.03,0.06,0.03,0.00,0.00,0.03,0.03,0.06,0.03,
463,Bernardo Silva,pt POR,MF,Manchester City,30,1994,31.9,0.31,0.00,0.00,1.13,0.69,0.16,2.26,0.66,0.88,,,0.00,Matches,,38,34,2,31.9,0.06,0.13,0.19,0.06,0.00,0.00,0.06,0.13,0.19,0.06,
464,Jota Silva,pt POR,FW,Nottingham Forest,25,1999,0.1,0.00,0.00,0.00,0.00,10.0,0.00,10.0,0.00,10.0,,,0.00,Matches,,1,0,12,0.00,0.00,0.00,0.00,0.00,0.00,0.00,0.00,0.00,0.00,0.00,
465,Xavi Simons,nl NED,MF,FW,Tottenham Hotspur,22,2003,19.5,0.26,0.05,0.00,1.08,2.26,0.00,2.62,0.77,1.03,,,0.00,Matches,2003,28,19,755,19.5,0.10,0.26,0.36,0.10,0.26,0.05,0.10,0.26,0.36,Matches
466,Adam Smith,eng ENG,DF,Bournemouth,34,1991,12.0,0.25,0.00,0.00,1.58,0.92,0.00,1.08,0.83,1.00,,,0.00,Matches,,22,14,1,12.0,0.00,0.17,0.17,0.00,0.00,0.00,0.00,0.17,0.17,0.00,
467,Emile Smith Rowe,eng ENG,MF,Fulham,25,2000,21.4,0.05,0.00,0.00,0.47,0.79,0.14,0.61,1.03,1.03,,,0.00,Matches,,37,22,1,21.4,0.14,0.00,0.14,0.14,0.00,0.00,0.14,0.00,0.14,0.14,
468,Dominic Solanke,eng ENG,FW,Tottenham Hotspur,27,1997,11.1,0.09,0.00,0.00,1.08,0.81,0.27,0.18,0.27,1.44,,,0.00,Matches,,15,11,1,11.1,0.27,0.00,0.27,0.27,0.00,0.00,0.27,0.00,0.27,0.27,
469,Julio Soler,ar ARG,DF,Bournemouth,20,2005,0.4,0.00,0.00,0.00,5.00,5.00,0.00,5.00,0.00,0.00,,,0.00,Matches,,3,0,35,0.00,0.00,0.00,0.00,0.00,0.00,0.00,0.00,0.00,0.00,0.00,
470,Oliver Sonne,pe PER,DF,Burnley,24,2000,1.9,0.00,0.00,0.00,2.11,0.00,0.00,2.63,0.53,0.53,,,0.00,Matches,,7,1,169,0.53,0.00,0.53,0.53,0.00,0.00,0.53,0.00,0.53,0.53,0.53,
471,Borna Sosa,hr CRO,DF,MF,Crystal Palace,27,1998,1.1,0.91,0.00,0.00,3.64,0.00,0.00,5.45,1.82,0.00,,,0.00,Matches,1998,7,0,1.1,0.00,0.00,0.00,0.00,0.00,0.00,0.00,0.00,0.00,0.00,
472,Tomáš Souček,cz CZE,MF,West Ham United,30,1995,24.4,0.12,0.04,0.00,1.52,0.90,0.20,0.57,0.66,0.94,,,0.00,Matches,,35,24,2,24.4,0.20,0.00,0.20,0.20,0.00,0.04,0.20,0.00,0.20,0.20,
473,Souza,br BRA,MF,Tottenham Hotspur,19,2006,1.6,0.63,0.00,0.00,1.88,1.25,0.00,1.88,1.25,0.00,,,0.00,Matches,,4,2,144,0.00,0.00,0.00,0.00,0.00,0.00,0.00,0.00,0.00,0.00,0.00,
474,Djed Spence,eng ENG,DF,MF,Tottenham Hotspur,24,2000,22.8,0.18,0.00,0.00,1.23,0.92,0.18,2.15,0.66,1.10,,,0.00,Matches,2000,30,23,055,22.8,0.00,0.00,0.00,0.00,0.18,0.00,0.00,0.00,0.00,Matches
475,Anton Stach,de GER,MF,Leeds United,26,1998,26.3,0.11,0.00,0.00,1.37,0.91,0.00,5.89,0.72,1.33,,,0.00,Matches,,29,28,2,26.3,0.19,0.11,0.30,0.19,0.00,0.00,0.19,0.11,0.30,0.19,
Rk,Player,Nation,Pos,Squad,Age,Born,90s,CrdY,CrdR,2CrdY,Fls,Fld,Off,Crs,Int,TklW,PKwon,PKcon,OG,Matches,,MP,Starts,Min,Gls,Ast,G+A,G-PK,PK,PKatt,Gls,Ast,G+A,G-PK,G+A-PK,
476,John Stones,eng ENG,DF,Manchester City,31,1994,4.9,0.00,0.00,0.00,0.00,0.00,0.00,0.82,0.61,0.20,,,0.00,Matches,,9,5,439,0.00,0.00,0.00,0.00,0.00,0.00,0.00,0.00,0.00,0.00,0.00,
477,Jørgen Strand Larsen,no NOR,FW,Wolves,25,2000,15.6,0.13,0.00,0.00,1.92,0.71,0.58,0.19,0.19,0.13,,,0.00,Matches,,22,14,1,15.6,0.06,0.06,0.13,0.00,0.06,0.00,0.06,0.06,0.13,0.00,
478,Jørgen Strand Larsen,no NOR,FW,Crystal Palace,25,2000,10.0,0.20,0.00,0.00,2.10,1.00,0.10,0.00,0.10,0.00,,,0.00,Matches,,14,12,903,0.30,0.00,0.30,0.30,0.00,0.00,0.30,0.00,0.30,0.30,0.30,
479,Pascal Struijk,nl NED,DF,Leeds United,25,1999,32.6,0.15,0.00,0.00,0.83,0.67,0.15,0.06,0.98,0.67,,,0.00,Matches,,34,33,2,32.6,0.00,0.03,0.03,0.00,0.00,0.00,0.00,0.03,0.03,0.00,
480,Crysencio Summerville,nl NED,MF,FW,West Ham United,23,2001,27.4,0.22,0.00,0.00,1.79,2.45,0.22,2.15,0.55,0.95,,,0.00,Matches,2001,31,29,470,27.4,0.18,0.07,0.26,0.18,0.22,0.00,0.18,0.07,0.26,Matches
481,Dominik Szoboszlai,hu HUN,MF,DF,Liverpool,24,2000,35.9,0.22,0.03,0.00,1.17,0.84,0.06,5.74,0.81,0.89,,,0.00,Matches,2000,36,36,231,35.9,0.17,0.19,0.36,0.17,0.22,0.03,0.17,0.19,0.36,Matches
482,Jocelin Ta Bi,ci CIV,MF,Sunderland,20,2005,0.4,0.00,0.00,0.00,0.00,2.50,0.00,12.5,0.00,0.00,,,0.00,Matches,,1,1,38,0.00,0.00,0.00,0.00,0.00,0.00,0.00,0.00,0.00,0.00,0.00,
483,Chemsdine Talbi,ma MAR,MF,FW,Sunderland,20,2005,17.3,0.00,0.00,0.00,0.29,0.06,0.12,2.89,0.17,0.35,,,0.00,Matches,2005,28,16,561,17.3,0.23,0.06,0.29,0.23,0.00,0.00,0.23,0.06,0.29,Matches
484,Ao Tanaka,jp JPN,MF,Leeds United,26,1998,14.6,0.07,0.00,0.00,0.89,0.68,0.00,2.67,1.44,1.03,,,0.00,Matches,,28,14,1,14.6,0.14,0.00,0.14,0.14,0.00,0.00,0.14,0.00,0.14,0.14,
485,James Tarkowski,eng ENG,DF,Everton,32,1992,37.0,0.22,0.00,0.00,0.86,0.95,0.05,0.19,0.78,0.81,,,0.00,Matches,,37,37,3,37.0,0.05,0.08,0.14,0.05,0.00,0.00,0.05,0.08,0.14,0.05,
486,Marcus Tavernier,eng ENG,MF,Bournemouth,26,1999,30.4,0.20,0.00,0.00,1.02,1.15,0.13,3.75,0.53,0.69,,,0.00,Matches,,34,31,2,30.4,0.23,0.13,0.36,0.16,0.07,0.00,0.23,0.13,0.36,0.16,
487,Loum Tchaouna,fr FRA,MF,FW,Burnley,21,2003,14.1,0.14,0.00,0.00,0.85,1.13,0.07,2.41,0.14,0.64,,,0.00,Matches,2003,29,14,272,14.1,0.14,0.07,0.21,0.14,0.14,0.00,0.14,0.07,0.21,Matches
488,Jackson Tchatchoua,cm CMR,MF,DF,Wolves,23,2001,20.5,0.15,0.00,0.00,0.39,0.44,0.10,4.39,0.68,0.73,,,0.00,Matches,2001,31,19,845,20.5,0.00,0.05,0.05,0.00,0.15,0.00,0.00,0.05,0.05,Matches
489,Mathys Tel,fr FRA,MF,FW,Tottenham Hotspur,20,2005,15.0,0.07,0.00,0.00,1.27,1.53,0.20,6.13,0.33,0.80,,,0.00,Matches,2005,31,13,349,15.0,0.27,0.07,0.33,0.27,0.07,0.00,0.27,0.07,0.33,Matches
490,Kenny Tete,nl NED,DF,Fulham,29,1995,19.9,0.10,0.00,0.00,1.36,1.56,0.05,1.71,1.31,1.91,,,0.00,Matches,,22,21,1,19.9,0.05,0.00,0.05,0.05,0.00,0.00,0.05,0.00,0.05,0.05,
491,Igor Thiago,br BRA,FW,Brentford,24,2001,36.5,0.19,0.00,0.00,2.03,0.71,0.66,0.52,0.33,0.58,,,0.00,Matches,,38,37,3,36.5,0.60,0.03,0.63,0.38,0.22,0.00,0.60,0.03,0.63,0.38,
492,Malick Thiaw,de GER,DF,Newcastle United,23,2001,32.9,0.12,0.00,0.00,0.73,0.33,0.06,0.27,0.91,1.03,,,0.00,Matches,,35,33,2,32.9,0.12,0.00,0.12,0.12,0.00,0.00,0.12,0.00,0.12,0.12,
493,Youri Tielemans,be BEL,MF,Aston Villa,28,1997,20.7,0.00,0.00,0.00,1.21,1.93,0.05,2.17,0.77,1.88,,,0.00,Matches,,25,21,1,20.7,0.00,0.19,0.19,0.00,0.00,0.00,0.00,0.19,0.19,0.00,
494,Jurriën Timber,nl NED,DF,Arsenal,24,2001,27.3,0.18,0.00,0.00,1.39,1.06,0.00,1.68,0.88,1.28,,,0.00,Matches,,30,28,2,27.3,0.11,0.18,0.29,0.11,0.00,0.00,0.11,0.18,0.29,0.11,
495,Jean-Clair Todibo,fr FRA,DF,West Ham United,25,1999,20.2,0.25,0.05,0.00,0.45,0.15,0.05,0.10,0.79,1.19,,,0.00,Matches,,23,22,1,20.2,0.00,0.05,0.05,0.00,0.00,0.05,0.00,0.05,0.05,0.00,
496,Sandro Tonali,it ITA,MF,Newcastle United,25,2000,28.2,0.14,0.00,0.00,0.85,1.49,0.04,3.37,0.99,0.89,,,0.00,Matches,,35,31,2,28.2,0.00,0.07,0.07,0.00,0.00,0.00,0.00,0.07,0.07,0.00,
497,Pau Torres,es ESP,DF,Aston Villa,28,1997,18.6,0.05,0.00,0.00,0.38,0.27,0.00,0.22,0.59,0.75,,,0.05,Matches,,21,18,1,18.6,0.00,0.00,0.00,0.00,0.00,0.00,0.00,0.00,0.00,0.00,
498,Alex Tóth,hu HUN,MF,Bournemouth,19,2005,1.6,0.63,0.00,0.00,0.63,1.25,0.00,1.88,1.88,0.00,,,0.00,Matches,,9,2,140,0.00,0.00,0.00,0.00,0.00,0.00,0.00,0.00,0.00,0.00,0.00,
499,James Trafford,eng ENG,GK,Manchester City,22,2002,4.0,0.00,0.00,0.00,0.00,0.25,0.00,0.00,0.00,0.25,,,0.00,Matches,,4,4,360,0.00,0.00,0.00,0.00,0.00,0.00,0.00,0.00,0.00,0.00,0.00,
500,Adama Traoré,es ESP,MF,Fulham,29,1996,3.0,0.00,0.00,0.00,2.00,2.67,1.00,5.00,0.00,0.33,,,0.00,Matches,,15,1,274,0.00,0.00,0.00,0.00,0.00,0.00,0.00,0.00,0.00,0.00,0.00,
Rk,Player,Nation,Pos,Squad,Age,Born,90s,CrdY,CrdR,2CrdY,Fls,Fld,Off,Crs,Int,TklW,PKwon,PKcon,OG,Matches,,MP,Starts,Min,Gls,Ast,G+A,G-PK,PK,PKatt,Gls,Ast,G+A,G-PK,G+A-PK,
501,Adama Traoré,es ESP,FW,MF,West Ham United,29,1996,1.3,0.77,0.00,0.00,0.77,0.00,1.54,9.23,0.00,0.77,,,0.00,Matches,1996,9,0,1.3,0.00,0.00,0.00,0.00,0.00,0.00,0.00,0.00,0.00,0.00,
502,Bertrand Traoré,bf BFA,MF,FW,Sunderland,29,1995,7.0,0.14,0.00,0.00,1.57,1.71,0.14,1.86,0.29,0.57,,,0.00,Matches,1995,12,9,7.0,0.14,0.00,0.14,0.14,0.00,0.00,0.14,0.00,0.14,0.14,
503,Mike Trésor,be BEL,FW,MF,Burnley,26,1999,0.5,0.00,0.00,0.00,0.00,0.00,0.00,6.00,0.00,2.00,,,0.00,Matches,1999,6,0,0.5,0.00,0.00,0.00,0.00,0.00,0.00,0.00,0.00,0.00,0.00,
504,Kieran Trippier,eng ENG,DF,Newcastle United,34,1990,17.6,0.17,0.00,0.00,1.25,1.08,0.06,5.45,0.40,0.74,,,0.00,Matches,,21,18,1,17.6,0.00,0.06,0.06,0.00,0.00,0.00,0.00,0.06,0.06,0.00,
505,Leandro Trossard,be BEL,FW,MF,Arsenal,30,1994,22.2,0.09,0.00,0.00,0.59,1.76,0.23,2.61,0.41,0.68,,,0.00,Matches,1994,31,21,000,22.2,0.27,0.27,0.54,0.27,0.09,0.00,0.27,0.27,0.54,Matches
506,Adrien Truffert,fr FRA,DF,Bournemouth,23,2001,37.5,0.13,0.00,0.00,1.04,0.85,0.00,3.79,1.15,1.36,,,0.00,Matches,,38,38,3,37.5,0.03,0.13,0.16,0.03,0.00,0.00,0.03,0.13,0.16,0.03,
507,Axel Tuanzebe,cd COD,DF,Burnley,27,1997,13.3,0.08,0.00,0.00,0.98,0.15,0.08,0.08,0.90,0.60,,,0.08,Matches,,14,14,1,13.3,0.08,0.00,0.08,0.08,0.00,0.00,0.07,0.00,0.07,0.07,
508,Stefanos Tzimas,gr GRE,FW,Brighton,19,2006,1.5,0.00,0.00,0.00,2.67,0.67,0.67,0.67,0.00,0.67,,,0.00,Matches,,9,1,139,0.67,0.67,1.33,0.67,0.00,0.00,0.65,0.65,1.29,0.65,1.29,
509,Christantus Uche,ng NGA,FW,Crystal Palace,22,2003,1.9,0.00,0.00,0.00,2.11,3.68,1.58,3.16,0.00,0.53,,,0.00,Matches,,14,0,173,0.00,0.00,0.00,0.00,0.00,0.00,0.00,0.00,0.00,0.00,0.00,
510,Destiny Udogie,it ITA,DF,MF,Tottenham Hotspur,22,2002,14.9,0.27,0.00,0.00,1.14,1.48,0.20,1.81,0.47,1.34,,,0.00,Matches,2002,20,14,339,14.9,0.00,0.07,0.07,0.00,0.27,0.00,0.00,0.07,0.07,Matches
511,Manuel Ugarte,uy URU,MF,Manchester Utd,24,2001,9.9,0.10,0.00,0.00,2.42,1.52,0.00,0.10,2.02,3.03,,,0.00,Matches,,22,8,887,0.00,0.00,0.00,0.00,0.00,0.00,0.00,0.00,0.00,0.00,0.00,
512,Lesley Ugochukwu,fr FRA,MF,Burnley,21,2004,26.0,0.12,0.04,0.04,1.08,1.15,0.04,0.27,0.65,1.00,,,0.00,Matches,,35,27,2,26.0,0.12,0.04,0.15,0.12,0.00,0.04,0.12,0.04,0.15,0.12,
513,Enes Ünal,tr TUR,FW,Bournemouth,28,1997,2.6,0.38,0.00,0.00,2.31,3.85,1.15,0.77,0.00,0.38,,,0.00,Matches,,23,0,232,0.38,0.00,0.38,0.38,0.00,0.00,0.39,0.00,0.39,0.39,0.39,
514,Hákon Valdimarsson,is ISL,GK,Brentford,23,2001,1.0,0.00,0.00,0.00,0.00,0.00,0.00,0.00,0.00,0.00,,,0.00,Matches,,1,1,90,0.00,0.00,0.00,0.00,0.00,0.00,0.00,0.00,0.00,0.00,0.00,
515,Virgil van Dijk,nl NED,DF,Liverpool,34,1991,38.0,0.11,0.00,0.00,0.50,0.47,0.03,0.03,0.68,0.39,,,0.00,Matches,,38,38,3,38.0,0.16,0.00,0.16,0.16,0.00,0.00,0.16,0.00,0.16,0.16,
516,Joël Veltman,nl NED,DF,Brighton,33,1992,11.7,0.43,0.00,0.00,0.85,1.88,0.17,1.54,1.62,1.45,,,0.00,Matches,,24,9,1,11.7,0.09,0.00,0.09,0.09,0.00,0.00,0.09,0.00,0.09,0.09,
517,Micky van de Ven,nl NED,DF,Tottenham Hotspur,24,2001,33.8,0.27,0.03,0.00,0.83,0.65,0.06,0.09,0.62,0.59,,,0.00,Matches,,35,35,3,33.8,0.12,0.03,0.15,0.12,0.00,0.03,0.12,0.03,0.15,0.12,
518,Bart Verbruggen,nl NED,GK,Brighton,22,2002,38.0,0.08,0.00,0.00,0.05,0.05,0.00,0.00,0.00,0.03,,,0.03,Matches,,38,38,3,38.0,0.00,0.00,0.00,0.00,0.00,0.00,0.00,0.00,0.00,0.00,
519,Guglielmo Vicario,it ITA,GK,Tottenham Hotspur,28,1996,31.0,0.03,0.00,0.00,0.00,0.10,0.00,0.00,0.00,0.03,,,0.00,Matches,,31,31,2,31.0,0.00,0.00,0.00,0.00,0.00,0.00,0.00,0.00,0.00,0.00,
520,Kyle Walker,eng ENG,DF,MF,Burnley,35,1990,34.4,0.26,0.00,0.00,0.93,0.64,0.03,1.08,1.25,0.93,,,0.00,Matches,1990,36,35,096,34.4,0.00,0.06,0.06,0.00,0.26,0.00,0.00,0.06,0.06,Matches
521,Kyle Walker-Peters,eng ENG,DF,West Ham United,28,1997,15.4,0.13,0.00,0.00,0.78,1.62,0.06,1.30,0.58,1.95,,,0.00,Matches,,23,15,1,15.4,0.06,0.00,0.06,0.06,0.00,0.00,0.07,0.00,0.07,0.07,
522,Aaron Wan-Bissaka,cd COD,DF,MF,West Ham United,27,1997,23.1,0.17,0.00,0.00,1.00,0.52,0.04,1.86,1.77,1.04,,,0.00,Matches,1997,25,23,081,23.1,0.00,0.09,0.09,0.00,0.17,0.00,0.00,0.09,0.09,Matches
523,James Ward-Prowse,eng ENG,MF,West Ham United,30,1994,4.6,0.00,0.00,0.00,0.87,0.43,0.00,4.78,1.30,0.43,,,0.00,Matches,,5,5,413,0.00,0.00,0.00,0.00,0.00,0.00,0.00,0.00,0.00,0.00,0.00,
524,James Ward-Prowse,eng ENG,MF,Burnley,30,1994,7.6,0.13,0.00,0.00,0.53,1.45,0.00,6.84,1.97,0.53,,,0.00,Matches,,13,7,684,0.00,0.13,0.13,0.00,0.00,0.00,0.00,0.13,0.13,0.00,0.13,
525,Ollie Watkins,eng ENG,FW,Aston Villa,29,1995,31.5,0.13,0.00,0.00,1.11,1.02,0.79,0.22,0.16,0.44,,,0.00,Matches,,37,33,2,31.5,0.51,0.10,0.60,0.51,0.00,0.00,0.51,0.10,0.60,0.51,
Rk,Player,Nation,Pos,Squad,Age,Born,90s,CrdY,CrdR,2CrdY,Fls,Fld,Off,Crs,Int,TklW,PKwon,PKcon,OG,Matches,,MP,Starts,Min,Gls,Ast,G+A,G-PK,PK,PKatt,Gls,Ast,G+A,G-PK,G+A-PK,
526,Tom Watson,eng ENG,MF,Brighton,19,2006,0.7,1.43,0.00,0.00,4.29,0.00,0.00,0.00,0.00,1.43,,,0.00,Matches,,6,0,62,0.00,0.00,0.00,0.00,0.00,0.00,0.00,0.00,0.00,0.00,0.00,
527,Max Weiß,de GER,GK,Burnley,21,2004,3.0,0.00,0.00,0.00,0.00,0.00,0.00,0.00,0.00,0.00,,,0.00,Matches,,3,3,270,0.00,0.00,0.00,0.00,0.00,0.00,0.00,0.00,0.00,0.00,0.00,
528,Danny Welbeck,eng ENG,FW,Brighton,34,1990,25.1,0.20,0.00,0.00,1.24,0.40,0.20,0.12,0.32,0.56,,,0.00,Matches,,37,26,2,25.1,0.52,0.04,0.56,0.48,0.04,0.00,0.52,0.04,0.56,0.48,
529,Adam Wharton,eng ENG,MF,Crystal Palace,21,2004,28.4,0.21,0.04,0.04,1.23,1.09,0.00,3.03,0.95,1.27,,,0.00,Matches,,34,29,2,28.4,0.04,0.18,0.21,0.04,0.00,0.04,0.04,0.18,0.21,0.04,
530,Ben White,eng ENG,DF,Arsenal,27,1997,7.8,0.00,0.00,0.00,0.64,0.77,0.38,2.05,1.15,1.15,,,0.00,Matches,,12,9,702,0.00,0.13,0.13,0.00,0.00,0.00,0.00,0.13,0.13,0.00,0.13,
531,Mats Wieffer,nl NED,DF,Brighton,25,1999,21.1,0.38,0.00,0.00,1.42,1.04,0.09,0.81,1.14,2.04,,,0.00,Matches,,26,23,1,21.1,0.09,0.14,0.24,0.09,0.00,0.00,0.09,0.14,0.24,0.09,
532,Neco Williams,wls WAL,DF,Nottingham Forest,24,2001,35.6,0.17,0.03,0.00,0.81,1.46,0.11,4.02,1.29,1.71,,,0.00,Matches,,37,36,3,35.6,0.06,0.08,0.14,0.06,0.00,0.03,0.06,0.08,0.14,0.06,
533,Estêvão Willian,br BRA,MF,Chelsea,18,2007,9.4,0.43,0.00,0.00,1.28,0.96,0.64,1.70,0.43,0.64,,,0.00,Matches,,22,12,848,0.21,0.21,0.43,0.21,0.00,0.00,0.21,0.21,0.42,0.21,0.42,
534,Joe Willock,eng ENG,MF,Newcastle United,25,1999,10.9,0.28,0.00,0.00,1.47,1.01,0.18,1.47,0.64,1.38,,,0.00,Matches,,24,10,983,0.00,0.18,0.18,0.00,0.00,0.00,0.00,0.18,0.18,0.00,0.18,
535,Callum Wilson,eng ENG,FW,West Ham United,33,1992,13.9,0.07,0.00,0.00,0.86,1.01,0.65,0.36,0.22,0.14,,,0.00,Matches,,32,11,1,13.9,0.50,0.07,0.58,0.50,0.00,0.00,0.50,0.07,0.58,0.50,
536,Harry Wilson,wls WAL,MF,Fulham,28,1997,29.7,0.24,0.00,0.00,0.44,1.25,0.44,3.87,0.54,0.64,,,0.00,Matches,,36,32,2,29.7,0.34,0.24,0.57,0.34,0.00,0.00,0.34,0.24,0.57,0.34,
537,Ben Winterburn,eng ENG,MF,Bournemouth,20,2004,0.1,0.00,0.00,0.00,0.00,0.00,0.00,0.00,0.00,0.00,,,0.00,Matches,,1,0,7,0.00,0.00,0.00,0.00,0.00,0.00,0.00,0.00,0.00,0.00,0.00,
538,Florian Wirtz,de GER,MF,Liverpool,22,2003,26.4,0.04,0.00,0.00,0.83,0.72,0.08,1.21,0.45,0.98,,,0.00,Matches,,33,27,2,26.4,0.19,0.11,0.30,0.19,0.00,0.00,0.19,0.11,0.30,0.19,
539,Yoane Wissa,cd COD,FW,Newcastle United,28,1996,5.9,0.51,0.00,0.00,1.02,0.34,0.68,0.17,0.00,0.85,,,0.00,Matches,,19,4,531,0.17,0.00,0.17,0.17,0.00,0.00,0.17,0.00,0.17,0.17,0.17,
540,Nick Woltemade,de GER,FW,MF,Newcastle United,23,2002,21.1,0.00,0.00,0.00,0.95,0.95,0.38,0.14,0.24,0.62,,,0.05,Matches,2002,33,24,902,21.1,0.38,0.14,0.52,0.33,0.00,0.00,0.38,0.14,0.52,Matches
541,Chris Wood,nz NZL,FW,Nottingham Forest,33,1991,10.0,0.00,0.00,0.00,0.60,0.60,0.40,0.10,0.10,0.10,,,0.00,Matches,,15,11,901,0.30,0.00,0.30,0.30,0.00,0.00,0.30,0.00,0.30,0.30,0.30,
542,Freddie Woodman,eng ENG,GK,Liverpool,28,1997,2.4,0.00,0.00,0.00,0.00,0.00,0.00,0.00,0.00,0.00,,,0.00,Matches,,3,2,213,0.00,0.00,0.00,0.00,0.00,0.00,0.00,0.00,0.00,0.00,0.00,
543,Joe Worrall,eng ENG,DF,Burnley,28,1997,5.6,0.00,0.00,0.00,0.71,0.18,0.00,0.00,1.07,0.36,,,0.00,Matches,,11,5,500,0.00,0.00,0.00,0.00,0.00,0.00,0.00,0.00,0.00,0.00,0.00,
544,Granit Xhaka,ch SUI,MF,Sunderland,32,1992,32.3,0.25,0.00,0.00,0.71,1.24,0.00,3.07,0.90,1.02,,,0.00,Matches,,34,32,2,32.3,0.03,0.19,0.22,0.03,0.00,0.00,0.03,0.19,0.22,0.03,
545,Yehor Yarmoliuk,ua UKR,MF,Brentford,21,2004,29.5,0.24,0.00,0.00,1.25,0.41,0.03,1.02,0.95,1.56,,,0.00,Matches,,37,30,2,29.5,0.03,0.07,0.10,0.03,0.00,0.00,0.03,0.07,0.10,0.03,
546,Ryan Yates,eng ENG,MF,Nottingham Forest,27,1997,6.9,0.43,0.00,0.00,1.88,1.88,0.00,0.72,1.30,1.45,,,0.00,Matches,,22,2,617,0.00,0.29,0.29,0.00,0.00,0.00,0.00,0.29,0.29,0.00,0.29,
547,Leny Yoro,fr FRA,DF,Manchester Utd,19,2005,19.3,0.05,0.00,0.00,0.88,0.26,0.10,0.16,1.61,1.04,,,0.00,Matches,,32,18,1,19.3,0.00,0.00,0.00,0.00,0.00,0.00,0.00,0.00,0.00,0.00,
548,Oleksandr Zinchenko,ua UKR,DF,Nottingham Forest,28,1996,3.9,0.00,0.00,0.00,0.26,0.51,0.26,4.62,0.51,1.54,,,0.00,Matches,,5,4,353,0.00,0.00,0.00,0.00,0.00,0.00,0.00,0.00,0.00,0.00,0.00,
549,Joshua Zirkzee,nl NED,FW,MF,Manchester Utd,24,2001,7.0,0.43,0.00,0.00,1.14,0.86,0.14,0.71,0.14,0.86,,,0.00,Matches,2001,24,5,7.0,0.29,0.14,0.43,0.29,0.00,0.00,0.29,0.14,0.43,0.29,
550,Martín Zubimendi,es ESP,MF,Arsenal,26,1999,33.2,0.12,0.00,0.00,0.99,0.45,0.03,0.39,1.17,1.17,,,0.00,Matches,,38,34,2,33.2,0.15,0.03,0.18,0.15,0.00,0.00,0.15,0.03,0.18,0.15,
Rk,Player,Nation,Pos,Squad,Age,Born,90s,CrdY,CrdR,2CrdY,Fls,Fld,Off,Crs,Int,TklW,PKwon,PKcon,OG,Matches,,MP,Starts,Min,Gls,Ast,G+A,G-PK,PK,PKatt,Gls,Ast,G+A,G-PK,G+A-PK,
551,Martin Ødegaard,no NOR,MF,Arsenal,26,1998,15.2,0.00,0.00,0.00,0.59,0.59,0.13,1.45,0.46,0.59,,,0.00,Matches,,24,16,1,15.2,0.07,0.39,0.46,0.07,0.00,0.00,0.07,0.39,0.46,0.07,
